morpc/10,FOURTH ST / BROAD ST / COLUMBUS,10,9/14/2011,00:00-24:00,0.0,0.0,0.0,3383.5,11285.1,0.0,1267.3,19854.9,1807.7,0.0,8101.4,2128.5,0.0,1181.7,1439.6,1222.1,0.0,0.0,0.0,0.0,,
morpc/1079,WESTERVILLE RD / DEMPSEY RD / -,1079,7/24/2008,00:00-24:00,814.1,7527.1,2914.5,3472.6,139.3,1785.1,1169.3,6686.7,122.6,111.7,338.4,1243.4,0.0,0.0,0.0,0.0,0.0,0.0,0.0,0.0,,
morpc/1083,SR 3 / PARIS CT / PARIS BLVD / -,1083,6/26/2008,00:00-24:00,132.2,7387.0,1039.5,1242.1,15.8,541.3,538.2,7473.8,88.8,129.6,29.5,86.7,25.5,17.7,0.0,32.1,0.0,0.0,0.0,0.0,,
morpc/1097,HIGH ST / WILSON BRIDGE RD / WORTHINGTON,1097,7/29/2003,00:00-24:00,6649.0,10441.6,6178.6,6460.8,2453.0,1432.7,1636.9,11322.7,2082.6,2292.4,2896.3,5951.9,0.0,0.0,0.0,0.0,0.0,0.0,0.0,0.0,,
morpc/1220,US 23 / HOME RD / -,1220,4/27/2010,00:00-24:00,1649.3,17084.4,0.0,0.0,0.0,0.0,0.0,15332.4,1302.6,812.7,0.0,1184.8,0.0,0.0,0.0,0.0,0.0,0.0,0.0,0.0,,
morpc/1232,US 23 / HYATTS RD / -,1232,1/24/2013,00:00-24:00,521.8,14646.3,565.6,421.2,565.8,546.3,607.3,14842.6,961.6,964.0,1203.2,697.5,3.2,3.2,0.0,0.0,0.0,0.0,0.0,0.0,,
morpc/1245,STATE ST / POLARIS PKWY / MAXTOWN RD / -,1245,10/3/2013,00:00-24:00,1821.2,6282.4,5128.7,6330.6,5231.4,2965.5,1569.4,8222.7,924.1,672.9,4776.9,2310.0,0.0,2.2,0.0,0.0,0.0,0.0,0.0,0.0,,
morpc/1257,RAMPS EAST OF IR 71 / POLARIS PARKWAY / COLUMBUS,1257,11/13/2013,00:00-24:00,0.0,0.0,0.0,555.2,24768.1,0.0,16475.8,12.8,15520.6,0.0,8035.6,729.9,0.0,0.0,0.0,0.0,0.0,0.0,0.0,0.0,,
morpc/1278,ORION PL / PULSAR PL / COLUMBUS,1278,11/14/2013,00:00-24:00,557.4,6904.3,40.1,71.8,0.0,0.0,18.4,7325.3,419.8,1294.9,12.6,943.9,0.0,0.0,0.0,0.0,0.0,0.0,0.0,0.0,,
morpc/1280,ORION PL / POLARIS PKWY / COLUMBUS,1280,11/20/2013,00:00-24:00,874.3,1718.6,2202.3,1457.4,17893.8,1346.4,696.6,1557.7,5681.5,4469.0,18232.8,780.3,0.0,0.0,0.0,0.0,0.0,0.0,0.0,0.0,,
morpc/1297,CLEVELAND AVE / COUNTY LINE RD / WESTERVILLE,1297,10/3/2013,00:00-24:00,1042.7,8431.3,1194.8,1036.8,5125.7,3269.4,3530.8,8373.6,1958.8,1852.2,5018.9,1112.6,0.0,0.0,0.0,0.0,0.0,0.0,0.0,0.0,,
morpc/13,HIGH ST / BROAD ST / COLUMBUS,13,10/7/2011,00:00-24:00,155.2,5723.0,124.1,305.4,9098.5,15.5,213.6,5049.4,69.4,192.9,11195.9,47.1,5602.8,5426.8,2758.4,4389.1,0.0,0.0,0.0,0.0,,
morpc/150,FOURTH ST / SPRING ST / COLUMBUS,150,9/15/2011,00:00-24:00,0.0,0.0,0.0,2252.8,7609.3,0.0,0.0,23056.2,4920.2,0.0,0.0,0.0,0.0,381.7,201.2,0.0,0.0,0.0,0.0,0.0,,
morpc/152,THIRD ST / LONG ST / COLUMBUS,152,8/29/2011,00:00-24:00,0.0,16536.7,1465.3,0.0,0.0,0.0,0.0,0.0,0.0,7978.4,11659.8,0.0,615.6,0.0,0.0,1446.1,0.0,0.0,0.0,0.0,,
morpc/153,FRONT ST / BROAD ST / COLUMBUS,153,10/21/2011,00:00-24:00,0.0,0.0,0.0,2899.4,5857.1,509.9,1279.6,6241.0,1481.9,883.8,10585.7,2900.6,0.0,774.9,1123.9,874.0,0.0,0.0,0.0,0.0,,
morpc/154,NEIL AVE / SPRUCE ST / COLUMBUS,154,9/30/2011,00:00-24:00,232.1,6116.7,4985.1,0.0,0.0,0.0,5377.5,4183.4,184.1,3114.2,1162.6,2261.4,117.0,0.0,181.7,61.8,0.0,0.0,0.0,0.0,,
morpc/1572,TAYLOR STATION RD / TAYLOR RD / GAHANNA,1572,2/19/2010,00:00-24:00,642.1,2354.5,490.1,389.3,1940.6,988.3,935.1,1989.4,708.6,1143.4,2170.1,538.1,1.1,2.0,0.0,4.5,0.0,0.0,0.0,0.0,,
morpc/159,FOURTH ST / MAIN ST / COLUMBUS,159,10/4/2011,00:00-24:00,0.0,0.0,0.0,0.0,0.0,0.0,2196.6,22374.3,0.0,0.0,4264.3,3095.7,0.0,0.0,345.2,239.8,0.0,0.0,0.0,0.0,,
morpc/160,MARCONI BL / LONG ST / COLUMBUS,160,3/8/2012,00:00-24:00,0.0,3971.8,2150.3,0.0,0.0,0.0,0.0,0.0,0.0,7511.8,20339.4,0.0,145.3,264.8,198.1,362.5,0.0,0.0,0.0,0.0,,
morpc/161,GRANT AVE / MAIN ST / COLUMBUS,161,10/28/2011,00:00-24:00,0.0,2287.6,1187.0,1582.7,0.0,2223.2,1262.7,3759.7,0.0,656.8,4888.4,683.3,163.9,339.7,163.0,214.0,0.0,0.0,0.0,0.0,,
morpc/1666,REYNOLDSBURG-NEW ALBANY RD / MORSE RD / COLUMBUS,1666,6/30/2011,00:00-24:00,409.9,2887.2,147.2,188.4,1689.9,315.8,536.8,3385.1,2718.9,2687.5,1606.9,285.6,0.0,0.0,0.0,0.0,0.0,0.0,0.0,0.0,,
morpc/1681,US62 / MORSE RD / GAHANNA,1681,6/29/2011,00:00-24:00,2158.3,3095.2,406.5,529.4,5258.1,1528.1,1529.2,2973.1,974.4,1818.4,4342.9,1437.0,0.0,0.0,0.0,0.0,0.0,0.0,0.0,0.0,,
morpc/1696,DIXON RD / CLARK STATE RD / PATASKALA,1696,2/2/2005,00:00-24:00,0.0,0.0,0.0,0.0,587.1,220.5,141.5,0.0,224.5,621.3,2789.8,0.0,0.0,0.0,0.0,0.0,0.0,0.0,0.0,0.0,,
morpc/18,THIRD ST / BROAD ST / COLUMBUS,18,8/30/2011,00:00-24:00,1564.0,18602.6,2804.4,0.0,7594.9,3301.8,0.0,0.0,0.0,2376.2,7555.0,0.0,3270.8,1887.7,1878.5,2988.7,0.0,0.0,0.0,0.0,,
morpc/2011,LEONARD AVE / RAMPS N OF IR 670 / COLUMBUS,2011,8/26/2011,00:00-24:00,3128.8,2284.7,0.0,1040.5,25.1,1979.4,0.0,4086.7,1985.0,0.0,0.0,0.0,59.1,0.0,0.0,0.0,0.0,0.0,0.0,0.0,,
morpc/2018,DREXEL AVE / BROAD ST / BEXLEY,2018,5/19/2011,00:00-24:00,125.9,729.4,338.3,171.8,10307.6,1126.9,1210.0,664.1,870.8,1088.1,10583.6,82.4,35.6,10.7,16.0,4.0,0.0,0.0,0.0,0.0,,
morpc/2025,CASSADY AVE / MAIN ST / BEXLEY,2025,6/20/2011,00:00-24:00,701.7,0.0,1025.1,771.9,8480.8,0.0,90.1,208.9,146.8,2.7,8481.9,622.0,923.1,204.3,1557.1,146.5,0.0,0.0,0.0,0.0,,
morpc/2026,COLLEGE AVE / MAIN ST / BEXLEY,2026,6/6/2011,00:00-24:00,10.2,55.6,157.3,235.4,9365.9,1540.7,1766.3,59.9,1196.3,1318.1,9166.4,205.5,139.4,124.2,95.0,120.6,0.0,0.0,0.0,0.0,,
morpc/2037,GOULD ST / SR 16 (BROAD ST) / COLUMBUS,2037,5/25/2011,00:00-24:00,805.8,227.6,559.4,676.1,10417.2,273.1,302.4,233.4,340.6,311.1,10265.6,661.2,57.7,44.2,42.6,17.2,0.0,0.0,0.0,0.0,,
morpc/2049,DREXEL AVE / MAIN ST / BEXLEY,2049,6/7/2011,00:00-24:00,2127.6,0.0,985.7,962.4,9192.5,0.0,0.0,0.0,0.0,0.0,9008.8,1911.4,231.7,93.4,0.0,45.7,0.0,0.0,0.0,0.0,,
morpc/2054,ROOSEVELT AVE S / BROAD ST / BEXLEY,2054,5/31/2011,00:00-24:00,0.0,0.0,0.0,0.0,11434.1,408.8,481.0,0.0,683.2,479.2,11011.6,0.0,0.0,9.7,19.1,4.8,0.0,0.0,0.0,0.0,,
morpc/2065,REMINGTON RD / MAIN ST / BEXLEY,2065,6/23/2011,00:00-24:00,397.0,119.0,500.3,235.7,8488.8,48.7,225.8,60.2,342.3,354.3,8294.1,166.5,103.0,48.4,123.4,65.4,0.0,0.0,0.0,0.0,,
morpc/2066,ROOSEVELT AVE / MAIN ST / BEXLEY,2066,8/10/2011,00:00-24:00,513.1,479.2,516.7,562.4,7715.8,199.6,320.8,525.2,376.2,227.1,7779.2,625.1,82.1,118.8,72.9,85.6,0.0,0.0,0.0,0.0,,
morpc/2070,CASSADY AVE / BROAD ST / BEXLEY,2070,5/23/2011,00:00-24:00,669.3,1392.5,919.7,995.9,10536.4,268.7,293.9,1395.9,448.8,312.4,10214.7,773.1,50.7,34.3,5.4,16.9,0.0,0.0,0.0,0.0,,
morpc/2071,PARKVIEW AVE / MAIN ST / BEXLEY,2071,6/2/2011,00:00-24:00,908.5,74.4,614.7,770.0,10648.3,178.0,81.7,61.1,77.4,162.2,10397.3,812.6,124.2,386.3,484.0,291.6,0.0,0.0,0.0,0.0,,
morpc/2072,CASSINGHAM RD / MAIN ST / BEXLEY,2072,6/22/2011,00:00-24:00,530.5,0.0,409.0,249.6,8535.5,0.0,0.0,0.0,0.0,0.0,8870.9,325.9,461.1,100.3,0.0,87.4,0.0,0.0,0.0,0.0,,
morpc/2073,PARKVIEW AVE / BROAD ST / BEXLEY,2073,5/18/2011,00:00-24:00,140.1,247.2,222.5,273.9,11308.2,202.9,221.3,303.8,663.8,307.0,10704.0,175.9,58.3,30.6,10.2,17.5,0.0,0.0,0.0,0.0,,
morpc/2074,PLEASANT RIDGE AVE / MAIN ST / BEXLEY,2074,6/9/2011,00:00-24:00,0.0,0.0,0.0,0.0,8826.7,326.2,273.7,0.0,445.8,716.8,9058.5,0.0,0.0,133.2,125.1,110.8,0.0,0.0,0.0,0.0,,
morpc/21,GRANT AVE / BROAD ST / COLUMBUS,21,9/21/2011,00:00-24:00,388.7,9292.1,479.8,529.4,439.6,504.3,472.4,9084.4,392.5,404.5,602.1,632.4,78.3,150.2,223.3,152.1,0.0,0.0,0.0,0.0,,
morpc/2105,GOULD RD / US 40 / COLUMBUS,2105,7/11/2011,00:00-24:00,764.1,45.6,548.8,512.8,8044.6,6.2,36.7,25.0,63.6,25.5,7889.5,476.4,43.4,74.1,8.3,83.6,0.0,0.0,0.0,0.0,,
morpc/2106,KENWICK RD / MAIN ST / COLUMBUS,2106,9/21/2011,00:00-24:00,37.5,10.7,39.7,28.9,8378.2,351.3,402.5,9.7,530.9,451.6,8341.9,46.4,57.0,44.5,49.2,0.0,0.0,0.0,0.0,0.0,,
morpc/2108,CASSINGHAM AVE / BROAD ST / BEXLEY,2108,5/24/2011,00:00-24:00,154.3,234.1,224.9,135.9,11926.3,212.0,206.5,138.0,240.2,198.3,11404.2,137.0,88.0,97.2,38.4,33.1,0.0,0.0,0.0,0.0,,
morpc/2135,HAMILTON RD / BROAD ST / WHITEHALL,2135,7/13/2011,00:00-24:00,1295.1,5692.7,3015.3,2454.6,9551.5,2805.9,1992.7,5842.8,2963.8,936.4,6971.8,1667.7,73.6,24.3,23.1,68.1,0.0,0.0,0.0,0.0,,
morpc/2136,YEARLING RD / BROAD ST / WHITEHALL,2136,7/8/2011,00:00-24:00,1919.2,1984.9,2222.7,2788.6,10044.2,916.5,972.6,2110.8,1330.8,994.8,9018.1,1309.1,30.2,29.9,48.2,119.7,0.0,0.0,0.0,0.0,,
morpc/2137,YEARLING RD / DONEY ST / WHITEHALL,2137,8/16/2011,00:00-24:00,580.6,3959.0,0.0,0.0,0.0,0.0,0.0,3791.9,548.2,751.0,0.0,607.2,7.1,0.0,25.4,267.5,0.0,0.0,0.0,0.0,,
morpc/2143, FAIRWAY BLVD / MAIN ST / WHITEHALL,2143,7/18/2011,00:00-24:00,664.3,9.0,1428.3,1139.8,10898.4,92.3,58.5,5.1,42.6,68.7,10643.5,537.1,32.8,3.2,19.2,7.7,0.0,0.0,0.0,0.0,,
morpc/2145,HAMILTON RD / MAIN ST / WHITEHALL,2145,7/14/2011,00:00-24:00,1190.0,5826.2,1844.6,1395.1,6389.3,2155.0,2078.1,5908.5,2149.3,1847.3,6205.2,1469.5,188.1,155.4,147.5,253.3,0.0,0.0,0.0,0.0,,
morpc/2146,HAMILTON RD / WRIGHT RD / WHITEHALL,2146,9/19/2011,00:00-24:00,330.8,8465.5,1412.1,1081.8,295.2,779.1,768.7,7686.9,140.1,186.6,403.0,229.4,33.3,20.6,9.4,49.5,0.0,0.0,0.0,0.0,,
morpc/2154,MAPLEWOOD AVE / MAIN ST / WHITEHALL,2154,8/2/2011,00:00-24:00,1037.6,0.0,471.7,404.6,10441.6,3.0,3.0,0.0,0.0,3.0,10792.4,596.1,92.8,11.3,52.4,8.9,0.0,0.0,0.0,0.0,,
morpc/2159,COLLINGWOOD AVE / BROAD ST / WHITEHALL,2159,7/6/2011,00:00-24:00,176.9,173.6,419.9,207.4,10980.3,338.5,438.6,171.3,710.8,535.6,10754.7,482.4,27.1,15.2,55.9,25.4,0.0,0.0,0.0,0.0,,
morpc/2168,YEARLING RD / MAIN ST / WHITEHALL,2168,7/25/2011,00:00-24:00,882.1,1175.7,1173.4,1045.4,7907.8,624.8,636.0,1351.1,746.8,520.9,8278.2,801.8,64.2,44.6,59.3,125.4,0.0,0.0,0.0,0.0,,
morpc/2175,ROBINWOOD AVE / BROAD ST / WHITEHALL,2175,7/7/2011,00:00-24:00,279.5,320.7,964.5,780.3,9547.1,1221.8,1138.5,278.8,1474.9,1456.6,9464.0,353.3,55.0,30.9,37.2,36.8,0.0,0.0,0.0,0.0,,
morpc/2193,MAPLEWOOD AVE / BROAD ST / WHITEHALL,2193,6/27/2011,00:00-24:00,216.7,280.1,239.4,125.3,10584.2,772.8,601.5,206.3,1418.9,690.2,10455.0,366.1,48.5,70.8,83.8,132.2,0.0,0.0,0.0,0.0,,
morpc/2200,BEECHWOOD RD / MAIN ST / WHITEHALL,2200,7/26/2011,00:00-24:00,295.0,298.2,332.9,388.9,8546.4,246.8,1240.1,429.5,487.6,238.1,8666.7,1262.6,102.6,11.3,36.1,27.5,0.0,0.0,0.0,0.0,,
morpc/2201,ROBINWOOD AVE / MAIN ST / WHITEHALL,2201,7/27/2011,00:00-24:00,817.6,90.8,929.7,721.4,8973.6,159.1,200.1,66.3,370.8,502.3,9124.5,585.7,102.4,56.0,86.1,24.0,0.0,0.0,0.0,0.0,,
morpc/2202,HAMILTON RD / ETNA RD / WHITEHALL,2202,9/20/2011,00:00-24:00,388.7,9292.1,479.8,529.4,439.6,504.3,472.4,9084.4,392.5,404.5,602.1,632.4,78.3,150.2,223.3,152.1,0.0,0.0,0.0,0.0,,
morpc/2203,COLLINGWOOD AVE / MAIN ST / WHITEHALL,2203,8/1/2011,00:00-24:00,469.6,518.0,648.4,639.9,8269.8,880.5,577.7,666.0,2477.4,810.3,8138.4,590.8,90.3,180.0,33.4,72.5,0.0,0.0,0.0,0.0,,
morpc/2206,COUNTRY CLUB RD / MAIN ST / COLUMBUS,2206,7/20/2011,00:00-24:00,675.8,595.1,1320.3,921.5,9518.8,394.1,513.0,677.9,928.7,872.9,8804.5,551.0,54.8,20.4,71.3,51.1,0.0,0.0,0.0,0.0,,
morpc/2209,HAMILTON RD / FAIRWAY BLVD / WHITEHALL,2209,8/8/2011,00:00-24:00,1097.1,7151.4,0.0,135.1,0.0,1845.2,0.0,8808.8,138.0,505.3,1208.1,1232.8,29.1,37.8,13.0,15.8,0.0,0.0,0.0,0.0,,
morpc/2210,FOUNTAIN LN / MAIN ST / WHITEHALL,2210,7/19/2011,00:00-24:00,723.3,98.1,807.0,599.7,9740.9,1001.9,944.1,142.0,691.4,480.1,9609.6,608.1,66.4,26.7,15.4,100.0,0.0,0.0,0.0,0.0,,
morpc/224,I-71 SB ON RAMPS / ELEVENTH AVE / COLUMBUS,224,8/23/2011,00:00-24:00,2134.2,260.4,655.2,0.0,4906.5,2229.1,0.0,0.0,0.0,3511.3,3668.8,0.0,82.0,3.3,47.6,0.0,0.0,0.0,0.0,0.0,,
morpc/2241,HAMILTON RD / POTH RD / WHITEHALL,2241,8/4/2011,00:00-24:00,656.0,7658.6,30.7,25.1,65.0,187.1,284.9,6835.1,1658.7,1931.7,96.9,1003.4,0.0,2.6,3.8,0.0,0.0,0.0,0.0,0.0,,
morpc/2243,HAMILTON RD / LANGLEY RD / WHITEHALL,2243,8/11/2011,00:00-24:00,264.3,9485.9,420.2,345.6,388.0,254.8,284.7,8152.7,442.8,416.5,363.1,604.9,60.5,121.0,54.9,51.2,0.0,0.0,0.0,0.0,,
morpc/2244,HAMILTON RD / SHAKER SQ / ST ANN LN / WHITEHALL,2244,8/9/2011,00:00-24:00,198.2,9546.8,261.1,303.5,76.4,363.9,351.2,8641.3,243.2,290.8,58.5,309.8,19.0,65.3,27.7,29.9,0.0,0.0,0.0,0.0,,
morpc/232,HIGH ST / SECOND AVE / COLUMBUS,232,11/1/2011,00:00-24:00,143.9,6410.7,9.7,400.7,412.3,1255.9,395.4,5919.6,137.4,422.4,498.8,448.1,34.0,579.5,146.2,551.6,0.0,0.0,0.0,0.0,,
morpc/2320,SR 256 / TUSSING RD / SR 204 / PICKERINGTON,2320,5/5/2011,00:00-24:00,4158.4,15909.8,2445.2,7573.5,1754.4,1153.4,496.7,15633.0,2738.4,2784.6,1949.3,6194.6,0.0,0.0,0.0,0.0,0.0,0.0,0.0,0.0,,
morpc/2322,SR 256 / RAMPS NORTH OF IR70 / PICKERINGTON,2322,11/13/2008,00:00-24:00,7484.3,11323.7,0.0,1392.4,6.8,1531.5,0.0,18720.1,16164.2,0.0,0.0,0.0,0.0,0.0,0.0,0.0,0.0,0.0,0.0,0.0,,
morpc/2323,SR 256 / RAMPS SOUTH OF IR70 / PICKERINGTON,2323,11/19/2008,00:00-24:00,1.5,11627.3,1620.6,6446.6,0.0,0.0,1646.9,25001.5,0.0,8297.7,0.0,0.0,0.0,0.0,0.0,0.0,0.0,0.0,0.0,0.0,,
morpc/2324,SR 256 / REFUGEE RD / PICKERINGTON,2324,6/5/2013,00:00-24:00,1867.2,11513.2,2369.9,2731.3,2376.6,2985.2,1298.1,11932.9,1398.1,1012.8,2286.3,2878.1,5.4,0.0,0.0,3.0,0.0,0.0,0.0,0.0,,
morpc/2339,SR 256 / STONECREEK DR / PICKERINGTON,2339,6/6/2013,00:00-24:00,832.3,14988.0,730.8,483.1,139.8,746.8,637.5,15756.0,767.4,649.8,117.2,485.1,0.0,0.0,0.0,3.3,0.0,0.0,0.0,0.0,,
morpc/237,SUMMIT ST / FIFTH AVE / COLUMBUS,237,9/8/2011,00:00-24:00,1050.7,7286.2,1599.6,0.0,5578.5,744.1,0.0,0.0,0.0,1405.6,6105.8,0.0,43.8,77.0,0.0,128.3,0.0,0.0,0.0,0.0,,
morpc/238,FOURTH ST / FIFTH AVE / COLUMBUS,238,9/1/2011,00:00-24:00,0.0,0.0,0.0,929.6,4535.6,0.0,1340.8,7317.7,1768.7,0.0,6507.7,1231.6,0.0,43.9,61.4,47.7,0.0,0.0,0.0,0.0,,
morpc/242,RAMPS E OF IR 71 / 5TH AVE / COLUMBUS,242,8/22/2011,00:00-24:00,0.0,0.0,0.0,1554.1,5509.5,0.0,314.9,18.2,649.1,0.0,5317.9,2443.8,0.0,0.0,147.7,0.0,0.0,0.0,0.0,0.0,,
morpc/243,RAMPS W OF IR 71 / FIFTH AVE / COLUMBUS,243,8/17/2011,00:00-24:00,2306.5,11.0,1147.1,0.0,4928.3,1701.8,0.0,0.0,0.0,3614.8,6611.0,0.0,28.0,9.9,0.0,3.3,0.0,0.0,0.0,0.0,,
morpc/2493,ALUM CREEK DR / WILLIAMS RD / COLUMBUS,2493,4/12/2010,00:00-24:00,577.4,3042.6,793.3,959.8,1685.6,1397.8,1125.8,2847.0,728.8,680.2,1725.4,817.1,0.0,0.0,0.0,0.0,0.0,0.0,0.0,0.0,,
morpc/252,FOURTH ST / FIRST AVE / COLUMBUS,252,9/1/2010,00:00-24:00,0.0,0.0,0.0,146.1,775.2,0.0,841.6,14112.6,2533.5,0.0,277.2,502.7,11.9,53.0,37.0,24.0,0.0,0.0,0.0,0.0,,
morpc/2534,BELLEVUE AVE / ALUM CREEK DR,2534,4/28/2010,00:00-24:00,123.6,5765.9,18.2,17.0,0.0,15.1,14.3,6443.9,26.8,17.6,0.0,92.5,0.0,0.0,0.0,0.0,0.0,0.0,0.0,0.0,,
morpc/2535,LAWNDALE AVE / ALUM CREEK DR,2535,4/27/2010,00:00-24:00,123.7,5541.9,0.0,0.0,0.0,0.0,0.0,6279.1,36.2,38.7,0.0,115.5,0.0,0.0,0.0,0.0,0.0,0.0,0.0,0.0,,
morpc/2536,ALUM CREEK DR / LISTON AVE,2536,4/26/2010,00:00-24:00,86.3,4965.3,0.0,0.0,0.0,0.0,0.0,6105.8,38.5,30.0,0.0,112.6,0.0,0.0,0.0,0.0,0.0,0.0,0.0,0.0,,
morpc/2537,ALUM CREEK DR / KOEBEL RD / COLUMBUS,2537,4/28/2010,00:00-24:00,93.8,5563.5,0.0,0.0,0.0,0.0,0.0,6144.0,58.9,57.1,0.0,115.2,0.0,0.0,0.0,0.0,0.0,0.0,0.0,0.0,,
morpc/2539,ALUM CREEK DR / REFUGEE RD / COLUMBUS,2539,3/22/2011,00:00-24:00,1363.9,6070.3,0.0,0.0,0.0,0.0,0.0,4175.1,2013.6,3510.3,0.0,1873.3,0.0,0.0,0.0,0.0,0.0,0.0,0.0,0.0,,
morpc/2542,ALUM CREEK DR / NEW WORLD DR / COLUMBUS,2542,4/12/2010,00:00-24:00,86.6,3779.2,0.0,0.0,3.6,0.0,0.0,4439.6,717.1,971.0,0.0,89.4,0.0,0.0,0.0,0.0,0.0,0.0,0.0,0.0,,
morpc/255,NEIL AVE / GOODALE ST / COLUMBUS,255,9/27/2011,00:00-24:00,3043.8,6860.4,0.0,4868.6,5305.1,5013.5,0.0,4576.6,1910.1,0.0,0.0,0.0,80.4,155.6,12.9,0.0,0.0,0.0,0.0,0.0,,
morpc/2551,ALUM CREEK RD / PERFORMANCE WAY / COLUMBUS,2551,4/27/2010,00:00-24:00,110.3,4368.6,29.3,9.4,5.6,8.2,13.2,4764.7,1382.3,1246.5,0.0,1223.6,0.0,0.0,0.0,0.0,0.0,0.0,0.0,0.0,,
morpc/2569,US 33 / BIXBY RD,2569,3/3/2011,00:00-24:00,385.8,27834.1,717.4,482.2,18.5,5.6,42.5,28340.8,418.5,364.6,40.8,27.6,0.0,0.0,0.0,0.0,0.0,0.0,0.0,0.0,,
morpc/2575,ALUM CREEK DR / RAMP FROM-TO I270 / OBETZ,2575,2/26/2009,00:00-24:00,0.0,4664.4,1689.5,1174.1,0.0,5360.0,5296.7,4298.7,0.0,0.0,0.0,0.0,0.0,0.0,0.0,0.0,0.0,0.0,0.0,0.0,,
morpc/2581,HAMILTON RD / GROVES RD / COLUMBUS,2581,9/12/2012,00:00-24:00,2257.1,11388.4,1163.7,1222.9,339.7,812.5,662.9,13449.3,513.0,679.2,316.1,2414.7,0.0,3.4,0.0,0.0,0.0,0.0,0.0,0.0,,
morpc/2583,ALUM CREEK DR / WATKINS RD / COLUMBUS,2583,4/26/2010,00:00-24:00,683.3,3500.0,0.0,0.0,0.0,0.0,0.0,4049.2,145.4,142.1,0.0,943.7,0.0,0.0,0.0,0.0,0.0,0.0,0.0,0.0,,
morpc/2602,SR 317 / ROHR RD / GROVEPORT,2602,3/19/2008,00:00-24:00,873.3,2187.6,71.5,68.9,2709.7,1248.7,985.6,2644.5,148.5,129.0,1565.1,953.7,0.0,0.0,11.4,0.0,0.0,0.0,0.0,0.0,,
morpc/2626,PONTIUS RD / SR 317 / GROVEPORT,2626,3/19/2008,00:00-24:00,106.9,172.1,190.2,67.8,3063.5,1282.6,1703.4,232.7,39.0,49.3,3594.2,110.7,0.0,0.0,0.0,0.0,0.0,0.0,0.0,0.0,,
morpc/2642,GENDER RD / REFUGEE RD / COLUMBUS,2642,12/3/2008,00:00-24:00,1488.2,11383.1,2901.4,2527.7,10716.3,1486.0,1768.7,12470.4,1289.0,1535.6,7528.3,2299.8,0.0,3.8,3.8,0.0,0.0,0.0,0.0,0.0,,
morpc/2655,PONTIUS RD / LONDON-LANCASTER RD,2655,3/25/2008,00:00-24:00,0.0,1039.7,244.1,434.3,0.0,185.6,242.7,1271.4,0.0,0.0,0.0,0.0,0.0,0.0,0.0,0.0,0.0,0.0,0.0,0.0,,
morpc/2657,PONTIUS RD / LONDON-LANCASTER RD,2657,3/25/2008,00:00-24:00,58.6,1262.7,0.0,0.0,0.0,0.0,0.0,1744.2,23.4,36.8,0.0,91.0,0.0,0.0,0.0,0.0,0.0,0.0,0.0,0.0,,
morpc/2665,PONTIUS RD / HAYES RD,2665,3/18/2008,00:00-24:00,8.0,1405.9,1074.1,1955.4,0.0,12.5,12.4,1971.7,0.0,0.0,0.0,0.0,0.0,0.0,0.0,0.0,0.0,0.0,0.0,0.0,,
morpc/2687,HILL RD / BUSEY RD / PICKERINGTON,2687,8/20/2012,00:00-24:00,1078.5,0.0,527.3,471.3,888.8,0.0,0.0,0.0,0.0,0.0,837.8,756.5,0.0,0.0,0.0,0.0,0.0,0.0,0.0,0.0,,
morpc/2690,PICKERINGTON RD / BUSEY RD,2690,8/22/2012,00:00-24:00,144.8,1372.3,46.7,61.1,283.2,66.2,56.1,1608.3,284.4,378.3,317.7,159.4,0.0,0.0,0.0,0.0,0.0,0.0,0.0,0.0,,
morpc/2718,WATERLOO RD / WINCHESTER RD,2718,8/30/2012,00:00-24:00,103.7,507.5,438.0,523.3,830.0,61.8,79.0,590.9,126.7,104.6,832.9,135.5,0.0,0.0,0.0,0.0,0.0,0.0,0.0,0.0,,
morpc/2730,ALLEN RD / BASIL WESTERN RD,2730,8/27/2012,00:00-24:00,64.3,236.1,41.7,25.3,619.5,81.6,270.1,283.7,31.7,26.8,522.1,42.3,0.0,0.0,0.0,0.0,0.0,0.0,0.0,0.0,,
morpc/2753,PICKERINGTON RD / WINCHESTER RD,2753,8/29/2012,00:00-24:00,118.1,406.8,159.3,116.2,853.9,187.8,206.4,390.6,109.3,118.4,883.0,108.9,0.0,0.0,0.0,0.0,0.0,0.0,0.0,0.0,,
morpc/285,FOURTH ST / CHITTENDEN AVE / COLUMBUS,285,9/2/2010,00:00-24:00,0.0,0.0,0.0,261.3,1183.8,0.0,59.4,4788.4,741.3,0.0,276.7,232.7,0.0,10.5,33.9,0.0,0.0,0.0,0.0,0.0,,
morpc/289,HIGH ST / FIFTH AVE / COLUMBUS,289,9/29/2011,00:00-24:00,466.1,5585.9,1208.0,1689.2,4930.3,175.0,1178.9,4361.8,832.2,877.4,5187.0,45.0,270.1,727.3,389.0,697.5,0.0,0.0,0.0,0.0,,
morpc/290,NEIL AVE / FIFTH AVE / COLUMBUS,290,10/25/2011,00:00-24:00,342.0,3376.4,653.4,784.4,5331.8,863.7,621.6,3134.3,1297.0,1058.5,4883.4,445.8,147.5,543.1,112.9,582.0,0.0,0.0,0.0,0.0,,
morpc/294,FOURTH ST / SEVENTEENTH AV / COLUMBUS,294,9/2/2010,00:00-24:00,0.0,0.0,0.0,711.4,1844.1,0.0,923.8,3687.8,183.4,0.0,1355.7,174.2,0.0,0.0,12.8,13.1,0.0,0.0,0.0,0.0,,
morpc/3007,HIGH ST / WILLIAMS RD / COLUMBUS,3007,2/14/2011,00:00-24:00,346.3,9749.8,1098.8,1159.7,297.0,3160.2,2675.3,9390.0,202.1,109.2,318.9,443.2,0.0,0.0,0.0,0.0,0.0,0.0,0.0,0.0,,
morpc/3009,S HIGH ST / GREAT SOUTHERN BLVD S / COLUMBUS,3009,2/9/2011,00:00-24:00,522.1,6272.1,2554.9,1501.0,881.2,3056.8,1613.3,6945.1,1471.0,449.5,530.1,347.3,0.0,0.0,0.0,0.0,0.0,0.0,0.0,0.0,,
morpc/3011,PARSONS AVE / OBETZ RD / COLUMBUS,3011,5/20/2010,00:00-24:00,1921.1,918.6,0.0,0.0,0.0,0.0,0.0,2164.7,5570.3,1792.0,7.4,1810.9,33.6,0.0,0.0,0.0,0.0,0.0,0.0,0.0,,
morpc/304,SUMMIT ST / SEVENTEENTH AVE / COLUMBUS,304,9/1/2010,00:00-24:00,0.0,12813.1,2286.3,0.0,0.0,2027.3,0.0,0.0,0.0,0.0,0.0,0.0,117.1,0.0,0.0,0.0,0.0,0.0,0.0,0.0,,
morpc/3048,HIGH ST / HIGHVIEW BLVD / COLUMBUS,3048,2/10/2011,00:00-24:00,2586.4,8460.2,639.2,917.8,114.3,649.9,899.7,8546.7,242.1,401.1,176.7,1762.9,0.0,0.0,0.0,0.0,0.0,0.0,0.0,0.0,,
morpc/305,NEIL AVE / THIRD AVE / COLUMBUS,305,10/26/2011,00:00-24:00,266.7,4751.3,186.9,366.3,1233.3,477.1,556.7,4331.6,878.3,1056.0,1730.4,361.4,101.8,261.4,115.8,273.8,0.0,0.0,0.0,0.0,,
morpc/3060,US 23 / SR 665,3060,6/28/2010,00:00-24:00,952.6,1487.1,2386.6,2302.8,6313.7,1071.4,760.9,1323.3,800.1,456.2,7432.1,1709.1,0.0,0.0,0.0,0.0,0.0,0.0,0.0,0.0,,
morpc/3062,HIGH ST / RATHMELL RD / COLUMBUS,3062,2/14/2011,00:00-24:00,49.2,12565.6,2316.3,3493.9,0.0,274.2,107.8,12943.9,17.1,14.9,4.3,52.7,0.0,0.0,0.0,0.0,0.0,0.0,0.0,0.0,,
morpc/3069,US 23 / COTTAGE ST / SR 317 / COLUMBUS,3069,6/23/2010,00:00-24:00,244.8,12098.5,933.8,838.5,412.3,1948.0,785.2,12368.4,15.7,22.6,1143.6,895.4,0.0,0.0,0.0,0.0,0.0,0.0,0.0,0.0,,
morpc/3077,ALUM CREEK DR / RATHMELL RD / OBETZ,3077,5/19/2009,00:00-24:00,719.0,8577.6,0.0,0.0,0.0,0.0,0.0,6622.8,384.9,255.6,0.0,562.3,0.0,0.0,0.0,0.0,0.0,0.0,0.0,0.0,,
morpc/3096,PORT RD / SR 317 / COLUMBUS,3096,3/18/2008,00:00-24:00,139.0,63.4,154.9,149.4,2317.1,1238.0,1223.2,68.4,214.4,330.0,2219.7,163.2,0.0,0.0,0.0,0.0,0.0,0.0,0.0,0.0,,
morpc/3129,RAMPS S OF IR 70 / MOUND ST / COLUMBUS,3129,11/30/2010,00:00-24:00,7308.7,10.9,37.6,884.2,3587.8,0.0,5.8,8.6,23.5,0.0,3590.3,6368.3,0.0,0.0,0.0,0.0,0.0,0.0,0.0,0.0,,
morpc/3134,CENTRAL AVE / MOUND ST / COLUMBUS,3134,11/30/2010,00:00-24:00,534.3,4716.4,1783.1,643.6,6025.7,2752.0,5066.9,3280.9,840.6,655.1,4824.8,473.6,0.0,0.0,0.0,0.0,0.0,0.0,0.0,0.0,,
morpc/3146,MOUND ST / GLENWOOD AVE / COLUMBUS,3146,12/1/2010,00:00-24:00,1131.8,0.0,680.2,760.4,4316.9,0.0,0.0,0.0,11.5,11.3,4185.8,1498.4,0.0,0.0,0.0,0.0,0.0,0.0,0.0,0.0,,
morpc/3150,SOUDER AVE / MOUND ST / COLUMBUS,3150,12/1/2010,00:00-24:00,533.4,74.3,929.6,1539.1,3048.5,0.0,173.4,122.6,227.4,116.7,2955.0,852.8,0.0,0.0,0.0,0.0,0.0,0.0,0.0,0.0,,
morpc/32,SECOND ST / MAIN ST / COLUMBUS,32,12/5/2011,00:00-24:00,620.1,2932.9,1720.3,15.8,213.4,192.0,116.3,168.9,81.3,282.2,3355.4,414.6,32.9,15.8,22.2,49.2,0.0,0.0,0.0,0.0,,
morpc/3219,RAMPS EAST OF I 71 / STRINGTOWN RD / GROVE CITY,3219,1/10/2011,00:00-24:00,0.0,0.0,0.0,6992.9,6030.2,0.0,1186.1,3.6,1202.1,0.0,13685.9,10122.1,0.0,0.0,0.0,0.0,0.0,0.0,0.0,0.0,,
morpc/3220,RAMPS WEST OF I 71 / STRINGTOWN RD / GROVE CITY,3220,1/10/2011,00:00-24:00,11105.5,11.1,7753.8,0.0,6619.1,856.0,0.0,0.0,0.0,1335.5,15050.6,0.0,0.0,0.0,0.0,0.0,0.0,0.0,0.0,0.0,,
morpc/3232,HOLT RD / BIG RUN SOUTH RD / COLUMBUS,3232,5/15/2013,00:00-24:00,1353.5,827.1,518.1,495.1,881.4,575.2,914.0,824.8,164.2,132.9,1063.4,1728.8,18.0,371.3,13.1,3.1,0.0,0.0,0.0,0.0,,
morpc/33,HIGH ST / LONG ST / COLUMBUS,33,10/5/2011,00:00-24:00,0.0,4498.7,3416.8,0.0,0.0,0.0,759.1,4436.1,0.0,1209.5,21017.9,1736.3,1450.5,0.0,846.2,2175.8,0.0,0.0,0.0,0.0,,
morpc/3372,CENTRAL AVE / TOWN ST / COLUMBUS,3372,10/12/2011,00:00-24:00,176.6,4709.3,478.5,572.3,92.9,684.7,469.9,6593.8,76.9,47.0,42.7,159.2,3.3,89.3,14.1,115.7,0.0,0.0,0.0,0.0,,
morpc/34,HIGH ST / SPRING ST / COLUMBUS,34,10/6/2011,00:00-24:00,2074.7,7496.1,0.0,1402.3,11642.6,731.2,0.0,5012.4,1145.4,0.0,0.0,0.0,1536.4,2372.3,1343.6,0.0,0.0,0.0,0.0,0.0,,
morpc/3405,CENTRAL AVE / BROAD ST / COLUMBUS,3405,10/11/2011,00:00-24:00,1059.5,2777.1,526.3,513.5,7738.3,25.2,1050.5,2646.4,2833.7,1997.8,8005.8,84.9,120.2,228.2,122.1,125.3,0.0,0.0,0.0,0.0,,
morpc/3444,GLENWOOD AVE / TOWN ST / COLUMBUS,3444,10/27/2011,00:00-24:00,147.7,1325.6,45.5,145.8,1146.2,308.3,272.9,1609.8,232.4,225.8,867.9,68.7,67.2,29.5,207.4,21.8,0.0,0.0,0.0,0.0,,
morpc/3449,GLENWOOD / BROAD ST / COLUMBUS,3449,10/13/2011,00:00-24:00,114.5,96.1,32.7,38.4,7829.9,1198.1,1060.4,90.2,677.0,484.8,8565.0,87.4,347.3,220.3,300.6,79.1,0.0,0.0,0.0,0.0,,
morpc/3487,WILSON RD / BROAD ST / COLUMBUS,3487,6/30/2010,00:00-24:00,3321.0,3993.7,2301.6,1968.2,6026.9,565.8,340.8,4471.4,2086.3,1882.4,5661.8,2813.5,0.0,0.0,0.0,0.0,0.0,0.0,0.0,0.0,,
morpc/3491,HAGUE AVE / BROAD ST / COLUMBUS,3491,9/11/2013,00:00-24:00,966.6,2935.3,1411.4,849.2,4839.2,1357.6,799.3,2595.6,1431.6,1006.2,5528.9,946.0,441.7,378.1,240.4,348.8,0.0,0.0,0.0,0.0,,
morpc/3492,EUREKA AVE / BROAD ST / COLUMBUS,3492,9/11/2013,00:00-24:00,311.1,3.3,548.3,201.0,8086.6,9.6,369.2,27.7,261.2,0.0,9665.7,18.7,54.7,111.6,134.5,186.6,0.0,0.0,0.0,0.0,,
morpc/3501,OAKLEY AVE / BROAD ST / COLUMBUS,3501,9/19/2013,00:00-24:00,252.6,0.0,510.2,12.8,8670.3,0.0,458.9,0.0,346.8,0.0,9744.9,70.7,90.8,95.9,80.5,147.9,0.0,0.0,0.0,0.0,,
morpc/3519,WESTGATE AVE / BROAD ST / COLUMBUS,3519,11/19/2008,00:00-24:00,181.5,15.7,209.0,15.5,7237.0,165.4,415.0,38.2,380.9,20.8,7554.5,292.4,41.4,14.1,120.6,54.7,0.0,0.0,0.0,0.0,,
morpc/359,FOURTH ST / SECOND AVE / COLUMBUS,359,8/31/2011,00:00-24:00,0.0,0.0,0.0,339.4,590.5,0.0,355.7,9938.9,465.9,2.9,873.5,317.1,0.0,100.4,27.6,9.9,0.0,0.0,0.0,0.0,,
morpc/3605,HILLIARD-ROME RD / BROAD ST / WESTWOODS BLVD / COLUMBUS,3605,6/29/2010,00:00-24:00,793.7,115.1,959.2,760.6,13061.0,390.7,404.5,105.2,183.5,78.0,13572.4,671.8,0.0,0.0,0.0,0.0,0.0,0.0,0.0,0.0,,
morpc/3606,MURRAY HILL RD / BROAD ST / -,3606,6/29/2010,00:00-24:00,308.3,287.7,4083.5,2742.3,17011.2,443.6,336.6,290.1,700.4,200.7,17780.5,184.5,0.0,0.0,0.0,0.0,0.0,0.0,0.0,0.0,,
morpc/3607,I 270 W OF COLUMBUS / BROAD ST,3607,6/28/2010,00:00-24:00,0.0,0.0,0.0,0.0,9748.1,0.0,1861.5,0.0,3303.9,0.0,13034.5,0.0,0.0,0.0,0.0,0.0,0.0,0.0,0.0,0.0,,
morpc/3611,GEORGESVILLE RD / US 40 / PHILLIPI RD / -,3611,6/28/2010,00:00-24:00,1967.6,2398.3,808.7,582.2,6966.3,2709.4,2317.7,2204.4,3161.7,2730.1,6681.1,1907.5,0.0,0.0,0.0,0.0,0.0,0.0,0.0,0.0,,
morpc/3623,NORTON RD / SULLIVANT RD / COLUMBUS,3623,5/17/2012,00:00-24:00,427.3,4439.1,853.6,836.1,2366.6,1667.8,1961.9,5629.0,1949.5,1853.0,2619.8,773.6,6.0,5.3,6.0,35.5,0.0,0.0,0.0,0.0,,
morpc/3625,NORTON RD / BROAD ST / -,3625,5/17/2012,00:00-24:00,173.3,487.3,802.0,972.6,8073.2,3233.2,3217.1,617.1,2428.7,1925.2,8400.5,204.9,94.2,37.1,25.3,31.4,0.0,0.0,0.0,0.0,,
morpc/365,SUMMIT ST / TWELFTH AVE / COLUMBUS,365,8/31/2010,00:00-24:00,0.0,14305.0,370.1,0.0,0.0,0.0,0.0,0.0,0.0,1233.0,787.7,0.0,111.9,0.0,0.0,12.9,0.0,0.0,0.0,0.0,,
morpc/3656,NORTON RD / HALL RD / COLUMBUS,3656,8/1/2013,00:00-24:00,991.4,3722.8,1942.3,1874.6,2599.3,871.2,882.9,4065.9,1561.3,1355.0,2992.8,1259.0,29.0,48.2,27.4,35.6,0.0,0.0,0.0,0.0,,
morpc/3665,OLD VILLAGE RD / US 40 / -,3665,6/28/2010,00:00-24:00,8276.4,0.0,0.0,0.0,10620.7,1423.4,0.0,0.0,0.0,12258.6,7444.0,0.0,0.0,0.0,0.0,0.0,0.0,0.0,0.0,0.0,,
morpc/3666,BROAD ST / STURBRIDGE RD / -,3666,6/28/2010,00:00-24:00,1474.1,935.2,2516.2,1647.7,13155.9,1693.9,1831.7,791.4,1158.6,789.9,12904.5,1775.6,0.0,0.0,0.0,0.0,0.0,0.0,0.0,0.0,,
morpc/3686,BROAD ST / GRENER AVE,3686,1/3/2011,00:00-24:00,135.4,0.0,0.0,996.1,19547.6,1632.7,2417.9,0.0,0.0,507.3,20243.8,70.2,0.0,0.0,0.0,0.0,0.0,0.0,0.0,0.0,,
morpc/37,THIRD ST / US 62 (MAIN ST) / COLUMBUS,37,10/3/2011,00:00-24:00,0.0,20146.5,1514.4,0.0,0.0,0.0,0.0,0.0,0.0,3504.3,5484.2,0.0,164.3,0.0,0.0,406.7,0.0,0.0,0.0,0.0,,
morpc/3799,GRANDVIEW AVE / I-670 EB OFF RAMP / COLUMBUS,3799,10/14/2011,00:00-24:00,0.0,4194.9,5611.8,3915.7,0.0,271.8,1335.9,2296.6,0.0,0.0,0.0,0.0,4.9,3.3,0.0,0.0,0.0,0.0,0.0,0.0,,
morpc/3870,DUNLAVIN GLEN RD / SCIOTO-DARBY CREEK RD / DUBLIN RD / COLUMBUS,3870,3/3/2009,00:00-24:00,551.1,1794.8,189.2,70.4,1177.5,3906.1,1832.7,491.1,1765.4,3817.9,2237.7,361.6,0.0,0.0,0.0,0.0,0.0,0.0,0.0,0.0,,
morpc/40,MARCONI BL / BROAD ST / COLUMBUS,40,3/6/2012,00:00-24:00,1600.3,4935.0,3919.2,3.7,7505.3,14.2,388.8,0.0,249.5,789.0,10023.7,0.0,1624.1,641.8,1833.7,895.5,0.0,0.0,0.0,0.0,,
morpc/4001,WALKER RD / ROBERTS RD WEST LEG / -,4001,10/21/2008,00:00-24:00,627.0,1277.1,0.0,0.0,0.0,0.0,0.0,1156.3,141.3,314.1,0.0,1506.3,0.0,0.0,0.0,0.0,0.0,0.0,0.0,0.0,,
morpc/4167,HYLAND-CROY RD / POST RD / DUBLIN,4167,8/29/2012,00:00-24:00,3179.2,0.0,1256.7,1426.0,4785.3,0.0,0.0,0.0,0.0,0.0,4828.1,2627.7,0.0,0.0,0.0,0.0,0.0,0.0,0.0,0.0,,
morpc/417,SUMMIT ST / SECOND AVE / COLUMBUS,417,8/18/2011,00:00-24:00,419.9,11808.7,417.7,0.0,752.6,318.5,0.0,0.0,0.0,354.5,533.0,0.0,36.6,69.0,0.0,23.5,0.0,0.0,0.0,0.0,,
morpc/4288,GRANDVIEW AVE / DUBLIN RD / COLUMBUS,4288,5/16/2011,00:00-24:00,2123.0,6186.9,1271.0,808.2,6382.7,1604.3,2478.6,5857.8,715.4,1398.5,7419.8,1591.4,0.0,2.4,2.4,8.7,0.0,0.0,0.0,0.0,,
morpc/4333,GRANDVIEW AVE / WATERMARK DR / COLUMBUS,4333,10/17/2011,00:00-24:00,478.5,5407.9,2737.8,4104.1,1675.3,1962.3,291.4,5084.4,749.2,2191.9,438.5,506.7,15.9,4.9,0.0,6.6,0.0,0.0,0.0,0.0,,
morpc/4369,US 33 / ZOLLINGER RD / UPPER ARLINGTON,4369,2/19/2009,00:00-24:00,0.0,13261.0,709.0,976.5,0.0,237.5,379.1,10598.4,0.0,0.0,0.0,0.0,0.0,0.0,0.0,0.0,0.0,0.0,0.0,0.0,,
morpc/4421,MCVEY BLVD / SR 161,4421,10/31/2013,00:00-24:00,351.8,0.0,477.4,452.8,7511.0,0.0,0.0,0.0,0.0,0.0,6519.4,356.2,0.0,0.0,0.0,0.0,0.0,0.0,0.0,0.0,,
morpc/4422,OLENTANGY RIVER RD / DUBLIN-GRANVILLE RD / WORTHINGTON,4422,11/6/2013,00:00-24:00,142.1,1066.1,3729.7,3380.2,7914.3,1938.8,1460.5,1094.8,195.7,147.0,8012.1,235.9,0.0,0.0,0.0,0.0,0.0,0.0,0.0,0.0,,
morpc/4439,SAWMILL RD / DUBLIN-GRANVILLE RD / COLUMBUS,4439,10/29/2013,00:00-24:00,1585.6,9887.9,1914.2,1368.3,4638.0,1623.2,1073.2,9924.1,1770.7,2129.8,4016.5,2506.0,0.0,0.0,0.0,0.0,0.0,0.0,0.0,0.0,,
morpc/4447,ARLINGTON CENTRE BLVD / HENDERSON RD / COLUMBUS,4447,12/17/2009,00:00-24:00,0.0,0.0,5.9,63.2,7156.0,1989.9,517.3,6.6,199.4,1284.5,8950.2,16.6,0.0,0.0,0.0,0.0,0.0,0.0,0.0,0.0,,
morpc/4463,RIVERSIDE DR / HAYDEN RD / COLUMBUS,4463,12/18/2008,00:00-24:00,1776.2,7700.2,2688.3,1547.4,10733.4,2489.0,1854.2,7689.7,4461.9,4051.6,11243.7,2777.0,0.0,0.0,0.0,0.0,0.0,0.0,0.0,0.0,,
morpc/4494,FIESTA DR / DUBLIN GRANVILLE RD,4494,6/13/2011,00:00-24:00,153.4,0.0,143.1,270.1,8155.5,130.2,126.0,2.1,269.4,305.6,7352.5,183.1,0.0,0.0,0.0,0.0,0.0,0.0,0.0,0.0,,
morpc/4495,NICHOLAS DR / DUBLIN-GRANVILLE RD / COLUMBUS,4495,3/15/2010,00:00-24:00,0.0,0.0,0.0,0.0,7541.9,1009.1,967.5,0.0,662.7,648.6,6895.5,0.0,0.0,0.0,0.0,0.0,0.0,0.0,0.0,0.0,,
morpc/4514,FEDERATED BLVD / DUBLIN-GRANVILLE RD / COLUMBUS,4514,10/30/2013,00:00-24:00,1144.9,24.8,816.7,996.5,6770.1,33.5,66.1,48.9,78.7,85.8,6015.6,1112.9,0.0,0.0,0.0,0.0,0.0,0.0,0.0,0.0,,
morpc/4520,MARTIN RD / SR 161 / COLUMBUS,4520,10/22/2013,00:00-24:00,1350.5,740.4,479.1,753.3,5747.4,2199.3,2016.1,825.7,380.0,384.3,5108.2,1710.6,0.0,0.0,0.0,0.0,0.0,0.0,0.0,0.0,,
morpc/4592,SAWMILL PLACE BLVD / DUBLIN-GRANVILLE RD / COLUMBUS,4592,10/23/2013,00:00-24:00,2013.2,452.8,496.0,467.8,6978.4,760.1,962.6,392.3,281.1,247.4,5545.4,1267.5,0.0,0.0,0.0,0.0,0.0,0.0,0.0,0.0,,
morpc/4657,SAWMILL PKWY / SR 750 / -,4657,11/7/2012,00:00-24:00,1117.9,9704.4,2692.4,950.4,2823.7,1829.3,1144.0,8943.1,2208.9,1221.8,3205.4,2465.5,0.0,0.0,0.0,0.0,0.0,0.0,0.0,0.0,,
morpc/4709,SAWMILL PKWY / SELDOM SEEN RD / POWELL,4709,11/8/2012,00:00-24:00,412.5,8998.1,983.0,853.3,657.0,2401.7,1819.5,8779.3,658.4,967.8,826.9,424.1,0.0,0.0,0.0,0.0,0.0,0.0,0.0,0.0,,
morpc/4922,OLENTANGY RIVER RD / SR 315 RAMPS TO WEST / COLUMBUS,4922,10/19/2011,00:00-24:00,0.0,5817.9,5374.2,729.7,0.0,2101.3,1465.0,8109.1,0.0,0.0,0.0,0.0,0.0,0.0,0.0,0.0,0.0,0.0,0.0,0.0,,
morpc/5024,ALUM CREEK DR / PORT RD / COLUMBUS,5024,10/30/2007,00:00-24:00,1432.0,312.3,249.3,254.1,515.1,61.4,102.8,262.9,29.7,26.4,679.5,1418.1,0.0,2.5,0.0,0.0,0.0,0.0,0.0,0.0,,
morpc/5168,Orange Rd / Highfield Dr,5168,7/19/2012,00:00-24:00,0.0,0.0,0.0,0.0,4557.3,1312.4,1370.3,0.0,403.6,752.9,4592.8,0.0,0.0,0.0,0.0,0.0,0.0,0.0,0.0,0.0,,
morpc/5349,NEIL AVE / VINE ST / COLUMBUS,5349,9/28/2011,00:00-24:00,967.4,7587.8,1241.3,1617.9,2625.2,383.6,757.9,5255.9,5824.2,14011.0,5119.8,4193.0,58.8,218.1,9.7,116.0,0.0,0.0,0.0,0.0,,
morpc/5376,RAMP TO SR 315 NB / GOODALE ST / COLUMBUS,5376,10/20/2011,00:00-24:00,5269.8,222.2,535.7,6046.3,6935.5,151.7,288.8,95.8,379.6,230.0,9110.8,1262.2,40.9,0.0,8.7,11.4,0.0,0.0,0.0,0.0,,
morpc/54,MARCONI BL / SPRING ST / COLUMBUS,54,3/5/2012,00:00-24:00,2426.0,3691.9,0.0,0.0,16217.7,2372.0,0.0,0.0,0.0,0.0,0.0,0.0,350.3,134.6,235.2,1349.1,0.0,0.0,0.0,0.0,,
morpc/5402,LAZELLE RD / LAZELLE WOODS PARK DR / COLUMBUS,5402,10/2/2008,00:00-24:00,0.0,0.0,0.0,0.0,6991.0,95.2,53.8,0.0,92.7,161.8,3830.2,0.0,0.0,0.0,0.0,0.0,0.0,0.0,0.0,0.0,,
morpc/5414,COUNTY LINE RD / STATE ST / WESTERVILLE,5414,10/16/2012,00:00-24:00,2024.6,5644.8,610.4,751.5,6581.1,1499.8,1139.6,5812.0,1390.2,1240.6,6278.6,2384.0,30.6,4.4,4.0,69.2,0.0,0.0,0.0,0.0,,
morpc/5430,ALUM CREEK DR / RAMP FROM I-270 EAST / OBETZ,5430,2/25/2009,00:00-24:00,0.0,8118.1,897.9,0.0,0.0,0.0,5749.9,7430.2,0.0,4165.8,0.0,1095.1,0.0,0.0,0.0,0.0,0.0,0.0,0.0,0.0,,
morpc/5431,ALUM CREEK DR / E HOWARD RD / OBETZ,5431,2/26/2009,00:00-24:00,244.0,5420.9,132.6,129.0,21.7,165.0,234.1,4600.2,718.8,623.8,21.1,241.2,0.0,0.0,0.0,0.0,0.0,0.0,0.0,0.0,,
morpc/5433,SR 204 / YARMOUTH DR / PICKERINGTON,5433,11/6/2008,00:00-24:00,750.4,0.9,104.4,135.5,9846.8,0.0,0.0,0.0,0.0,0.0,3583.6,874.3,0.0,0.0,0.0,0.0,0.0,0.0,0.0,0.0,,
morpc/5434,TUSSING RD / WINDERLY DR / PICKERINGTON,5434,11/12/2008,00:00-24:00,605.6,86.4,1913.6,792.0,5733.2,789.1,945.2,110.7,476.0,481.2,6982.0,462.1,0.0,0.0,0.0,0.0,0.0,0.0,0.0,0.0,,
morpc/5435,SR 256 / FARMSBURY DR / REYNOLDSBURG,5435,11/3/2008,00:00-24:00,95.7,11572.3,934.2,870.6,45.1,1307.9,908.2,10804.2,446.3,494.2,50.7,90.5,0.0,0.0,0.0,0.0,0.0,0.0,0.0,0.0,,
morpc/5436,SR 256 / TAYLOR RD / REYNOLDSBURG,5436,5/10/2011,00:00-24:00,395.3,11410.6,1198.3,1459.1,751.9,8106.4,8413.3,10733.4,2359.6,1991.1,578.3,284.7,0.0,0.0,0.0,0.0,0.0,0.0,0.0,0.0,,
morpc/5437,SR 256 / KROGER / GIANT EAGLE / PICKERINGTON,5437,11/5/2008,00:00-24:00,2456.0,9849.4,555.5,405.1,252.4,648.1,440.0,11871.9,1387.2,1106.4,313.5,1411.7,0.0,0.0,0.0,0.0,0.0,0.0,0.0,0.0,,
morpc/5438,SR 256 / CROSS CREEK BLVD / PICKERINGTON,5438,11/13/2008,00:00-24:00,304.9,13957.4,393.9,220.2,14.9,311.6,337.6,16501.4,528.0,441.2,16.0,489.8,0.0,0.0,0.0,0.0,0.0,0.0,0.0,0.0,,
morpc/5439,SR 256 / BIRCHWOOD ST / PICKERINGTON,5439,11/4/2008,00:00-24:00,465.5,15525.6,578.3,601.8,79.7,479.1,346.1,18131.2,373.7,346.9,68.8,547.7,0.0,0.0,0.0,0.0,0.0,0.0,0.0,0.0,,
morpc/5440,SR 256 / DILEY RD / GRANDVIEW AVE / PICKERINGTON,5440,11/5/2008,00:00-24:00,3333.9,8734.1,162.2,293.7,123.4,220.0,178.3,10026.4,432.7,405.7,183.1,3953.8,0.0,0.0,0.0,0.0,0.0,0.0,0.0,0.0,,
morpc/5441,SR 256 / STONECREEK DR / TURNBERRY DR / PICKERINGTON,5441,11/13/2008,00:00-24:00,57.3,13917.0,1709.4,1846.3,21.5,902.2,1124.6,15629.0,57.7,55.9,24.2,277.1,0.0,0.0,0.0,0.0,0.0,0.0,0.0,0.0,,
morpc/5442,SR 256 / WESLEY RIDGE / REYNOLDSBURG,5442,4/28/2011,00:00-24:00,671.3,10973.9,1889.5,1273.6,163.7,1273.3,1045.0,10731.1,836.9,294.1,182.8,840.0,0.0,0.0,0.0,0.0,0.0,0.0,0.0,0.0,,
morpc/5443,SR 256 / MARCUS THEATER SHOPPING COMPLEX / PICKERINGTON,5443,8/18/2011,00:00-24:00,0.0,20093.0,1558.8,944.5,0.0,1390.1,708.7,16263.3,0.0,0.0,0.0,0.0,0.0,0.0,0.0,0.0,0.0,0.0,0.0,0.0,,
morpc/5444,SR 256 / POSTAGE DR / PICKERINGTON,5444,11/4/2008,00:00-24:00,928.4,15373.8,518.4,525.3,28.3,473.6,558.0,17666.8,373.0,514.6,10.8,860.3,0.0,0.0,0.0,0.0,0.0,0.0,0.0,0.0,,
morpc/5445,SR 204 / FREEDOM WAY / ENTRANCE TO PLAZA / PICKERINGTON,5445,11/6/2008,00:00-24:00,15.8,0.0,6.9,12.6,9502.9,416.6,596.1,2.8,356.4,464.1,4000.2,36.7,0.0,0.0,0.0,0.0,0.0,0.0,0.0,0.0,,
morpc/5701,GEMINI PKWY / RAMPS WEST OF IR 71 / COLUMBUS,5701,11/7/2013,00:00-24:00,3608.1,18.6,1425.1,0.0,20181.1,1729.6,0.0,0.0,0.0,8633.1,4795.4,0.0,0.0,0.0,0.0,0.0,0.0,0.0,0.0,0.0,,
morpc/5753,BUSEY RD / ALLEN RD / -,5753,8/23/2012,00:00-24:00,154.9,301.7,16.7,21.7,111.4,19.6,27.9,333.1,42.6,44.3,111.2,135.1,0.0,0.0,0.0,0.0,0.0,0.0,0.0,0.0,,
morpc/5897,ELEVENTH AVE / I 71 NB RAMPS / COLUMBUS,5897,8/24/2011,00:00-24:00,0.0,0.0,0.0,554.4,2915.4,0.0,2689.3,88.6,4315.7,0.0,1605.6,2506.2,0.0,0.0,56.8,0.0,0.0,0.0,0.0,0.0,,
morpc/5954,REFUGEE RD / WINDMILLER DR / PICKERINGTON,5954,6/6/2013,00:00-24:00,97.7,153.4,134.3,37.0,4070.0,1333.2,2297.8,280.3,1587.5,1038.5,3749.7,350.6,0.0,0.0,10.7,4.5,0.0,0.0,0.0,0.0,,
morpc/5955,REFUGEE RD / FULLER'S WAY / PICKERINGTON,5955,6/6/2013,00:00-24:00,0.0,0.0,0.0,0.0,5149.5,641.6,836.8,0.0,493.1,355.7,4193.1,0.0,0.0,0.0,0.0,0.0,0.0,0.0,0.0,0.0,,
morpc/5959,ROBERTS RD / I-270 NB RAMPS / COLUMBUS,5959,12/7/2009,00:00-24:00,0.0,0.0,0.0,0.0,4953.1,0.0,2030.4,0.0,5162.7,0.0,7737.5,5947.3,0.0,0.0,0.0,0.0,0.0,0.0,0.0,0.0,,
morpc/5964,CAIRO RD / SAIGON DR / -,5964,2/26/2010,00:00-24:00,142.4,401.5,0.0,0.0,0.0,0.0,0.0,324.3,29.5,33.0,0.0,113.7,15.7,0.0,9.2,7.9,0.0,0.0,0.0,0.0,,
morpc/6002,POLARIS PKWY / OLD WORTHINGTON RD / COLUMBUS,6002,11/7/2013,00:00-24:00,174.1,2.7,130.4,549.4,20579.2,2064.9,2110.9,4.9,127.6,162.7,19149.2,391.8,0.0,0.0,0.0,0.0,0.0,0.0,0.0,0.0,,
morpc/6003,POLARIS PKWY / WORTHINGTON RD / WESTERVILLE,6003,11/12/2013,00:00-24:00,4170.8,0.0,3176.7,4930.0,13778.8,0.0,0.0,0.0,0.0,0.0,12445.4,9322.9,0.0,0.0,0.0,0.0,0.0,0.0,0.0,0.0,,
morpc/6005,GEMINI PKWY / RAMPS EAST OF IR 71 / COLUMBUS,6005,11/6/2013,00:00-24:00,0.0,0.0,0.0,767.1,3237.4,0.0,2333.2,1185.0,16499.2,0.0,3433.8,2610.1,0.0,0.0,0.0,0.0,0.0,0.0,0.0,0.0,,
morpc/6008,PARSONS AVE / WYNDHAM RIDGE DR / COLUMBUS,6008,5/20/2010,00:00-24:00,139.1,1893.8,0.0,0.0,0.0,0.0,0.0,1720.3,114.4,451.7,0.0,442.6,0.0,0.0,0.0,0.0,0.0,0.0,0.0,0.0,,
morpc/6009,RATHMELL RD / ASTORIA AVE / -,6009,5/20/2010,00:00-24:00,0.0,0.0,0.0,0.0,2858.9,167.1,526.6,0.0,2537.8,887.7,2412.5,0.0,0.0,0.0,13.9,0.0,0.0,0.0,0.0,0.0,,
morpc/6010,RATHMELL RD / HAMILTON SCHOOL DRIVEWAY / OBETZ,6010,5/20/2010,00:00-24:00,0.0,0.0,0.0,0.0,3607.2,1995.0,1066.8,0.0,105.8,381.2,2241.8,0.0,0.0,0.0,0.0,0.0,0.0,0.0,0.0,0.0,,
morpc/6026,Diley Road / Busey Road NW / -,6026,8/21/2012,00:00-24:00,121.4,4160.7,334.8,317.8,151.7,575.7,422.8,3594.2,390.2,550.8,161.0,84.3,0.0,0.0,0.0,0.0,0.0,0.0,0.0,0.0,,
morpc/6093,DILEY RD / US 33 WESTBOUND RAMPS / KINGS CROSSING / -,6093,8/27/2012,00:00-24:00,3160.1,3458.5,187.0,238.8,1491.0,900.6,1621.3,4613.1,820.2,461.1,135.7,1170.0,0.0,0.0,0.0,0.0,0.0,0.0,0.0,0.0,,
morpc/6094,DILEY RD / US 33 EASTBOUND RAMPS / -,6094,8/30/2012,00:00-24:00,0.0,4002.0,1621.2,0.0,0.0,0.0,681.2,3778.6,0.0,478.3,19.2,4593.3,0.0,0.0,0.0,0.0,0.0,0.0,0.0,0.0,,
morpc/6097,DILEY RD / HILL RD / BABBERT LN / -,6097,4/4/2012,00:00-24:00,109.6,6362.3,281.5,244.9,3.2,112.1,72.1,6569.8,34.6,58.9,1.7,92.1,0.0,0.0,0.0,0.0,0.0,0.0,0.0,0.0,,
morpc/6101,DUBLIN RD / I 670 WB ON RAMP / COLUMBUS,6101,10/18/2011,00:00-24:00,0.0,0.0,0.0,0.0,11386.1,4118.7,0.0,0.0,0.0,354.5,13257.9,0.0,0.0,5.4,0.0,0.0,0.0,0.0,0.0,0.0,,
morpc/6143,BROAD ST (SR-16) / ROOSEVELT AVE / COLUMBUS,6143,6/1/2011,00:00-24:00,232.0,0.0,162.6,81.2,12919.3,0.0,0.0,0.0,0.0,0.0,12750.2,28.4,8.2,10.0,0.0,5.7,0.0,0.0,0.0,0.0,,
morpc/6149,SR 16 / ALLIANCE DATA ACCESS / WHITEHALL,6149,7/12/2011,00:00-24:00,351.6,6.5,735.7,568.1,13884.9,172.9,84.7,16.0,52.9,3.2,11679.2,344.4,35.5,7.6,69.3,69.0,0.0,0.0,0.0,0.0,,
morpc/6150,SR 16 / DSCC ACCESS / WHITEHALL,6150,7/11/2011,00:00-24:00,1356.5,0.0,1204.8,1411.6,10098.0,0.0,0.0,0.0,0.0,0.0,9819.8,1842.4,211.5,208.8,0.0,5.3,0.0,0.0,0.0,0.0,,
morpc/6152,CASSINGHAM RD / MAIN ST / BEXLEY,6152,6/21/2011,00:00-24:00,226.3,5.3,139.7,356.1,9059.0,8.6,311.7,11.4,394.1,234.1,8955.2,272.5,423.1,25.1,164.8,175.3,0.0,0.0,0.0,0.0,,
morpc/6153,MAIN ST / PARKING LOT ENT / WHITEHALL,6153,7/21/2011,00:00-24:00,479.0,84.9,1398.4,1025.8,9192.9,602.8,463.2,62.3,366.5,280.1,9584.8,519.6,67.0,52.0,66.5,9.7,0.0,0.0,0.0,0.0,,
morpc/6154,HAMILTON RD / PARKING LOT ENT,6154,8/3/2011,00:00-24:00,0.0,8101.1,114.9,93.0,0.0,157.7,86.8,7044.4,0.0,0.0,0.0,0.0,0.0,11.4,0.0,0.0,0.0,0.0,0.0,0.0,,
morpc/6155,YEARLING RD / ROOSEVELT AVE / WHITEHALL,6155,8/15/2011,00:00-24:00,2541.1,4645.2,0.0,0.0,0.0,0.0,0.0,4220.7,2370.4,1899.7,0.0,2425.1,0.0,0.0,10.6,0.0,0.0,0.0,0.0,0.0,,
morpc/6157,RAMPS S OF IR 670 / LEONARD AVE / COLUMBUS,6157,8/25/2011,00:00-24:00,0.0,3647.6,1067.1,0.0,0.0,0.0,2796.0,3173.9,0.0,2089.5,1331.2,2807.5,0.0,0.0,0.0,3.3,0.0,0.0,0.0,0.0,,
morpc/6158,BROADWAY ST / SR 315 / COLUMBUS,6158,5/17/2011,00:00-24:00,816.3,1215.0,1358.5,1267.1,4958.5,1100.5,1071.3,2275.0,1648.2,3.9,4948.1,986.6,0.0,0.0,0.0,0.0,0.0,0.0,0.0,0.0,,
morpc/6159,YEARLING RD / ETNA RD / WHITEHALL,6159,9/22/2011,00:00-24:00,104.0,3541.0,544.0,492.0,230.7,393.0,366.8,3371.4,52.3,68.4,216.9,104.2,29.2,64.8,15.2,290.9,0.0,0.0,0.0,0.0,,
morpc/6160,YEARLING RD / LANGLEY AVE / -,6160,9/26/2011,00:00-24:00,289.1,3290.2,334.2,490.4,193.9,161.2,211.4,3134.7,153.4,2.7,0.0,0.0,357.7,77.4,208.0,166.9,0.0,0.0,0.0,0.0,,
morpc/6164,HIGH ST / PARKING LOT ENT,6164,2/10/2011,00:00-24:00,2044.2,6780.8,409.7,364.5,140.7,281.3,91.9,7679.4,692.5,985.5,128.1,1596.6,0.0,0.0,0.0,0.0,0.0,0.0,0.0,0.0,,
morpc/6165,HIGH ST / PARKING LOT ENT,6165,2/9/2011,00:00-24:00,776.3,8186.6,51.4,65.4,24.2,215.0,314.2,8752.9,444.5,1104.9,8.7,730.6,0.0,0.0,0.0,0.0,0.0,0.0,0.0,0.0,,
morpc/6166,ALUM CREEK DR / WHIMSWILLOW DR / COLUMBUS,6166,4/13/2010,00:00-24:00,28.5,4558.7,194.8,322.8,3.5,61.7,107.4,4700.4,19.2,41.5,7.5,32.1,0.0,0.0,0.0,0.0,0.0,0.0,0.0,0.0,,
morpc/6171,ALUM CREEK DR / PROCLAMATION WAY / CREEKWAY DR / COLUMBUS,6171,4/12/2010,00:00-24:00,70.0,4301.1,191.7,319.3,6.9,202.0,197.8,4646.5,115.7,113.5,5.7,46.4,0.0,0.0,0.0,0.0,0.0,0.0,0.0,0.0,,
morpc/6262,WATKINS RD / ALUM CREEK DR,6262,4/12/2010,00:00-24:00,11.7,4204.7,696.8,738.6,0.0,309.2,422.9,5079.8,18.5,0.0,0.0,0.0,0.0,0.0,0.0,0.0,0.0,0.0,0.0,0.0,,
morpc/6263,GLENLEA DR / ALUM CREEK DR / COLUMBUS,6263,4/13/2010,00:00-24:00,0.0,5014.6,143.5,169.3,0.0,39.3,51.9,5760.6,0.0,7.3,0.0,4.5,0.0,0.0,0.0,0.0,0.0,0.0,0.0,0.0,,
morpc/6264,W BROAD ST / MALL ENTRANCE,6264,7/1/2010,00:00-24:00,286.2,35.5,379.9,276.4,13887.2,400.5,258.0,42.4,618.4,376.0,13470.9,482.7,0.0,0.0,0.0,0.0,0.0,0.0,0.0,0.0,,
morpc/6265,BROADLAWN AVE / W BROAD ST / COLUMBUS,6265,6/30/2010,00:00-24:00,1059.9,79.6,1490.5,1421.1,9777.4,66.0,153.3,106.9,341.5,115.6,9499.3,901.2,0.0,0.0,0.0,0.0,0.0,0.0,0.0,0.0,,
morpc/6266,ORANGE RD / GREEN MEADOW RD / DELAWARE,6266,7/17/2012,00:00-24:00,169.7,131.3,214.6,564.4,5406.8,1064.4,866.0,112.3,360.1,740.2,4956.8,174.4,0.0,0.0,0.0,0.0,0.0,0.0,0.0,0.0,,
morpc/6267,ALTON RD / School Exit,6267,5/10/2012,00:00-24:00,0.0,556.7,84.3,64.9,-5.4,33.0,4.7,582.0,0.0,0.0,0.0,0.0,0.0,0.0,0.0,0.0,0.0,0.0,0.0,0.0,,
morpc/6268,HALL RD / WOOD PARK DR,6268,5/10/2012,00:00-24:00,96.5,65.2,729.4,820.6,493.5,165.0,273.2,22.1,68.5,51.1,487.3,111.1,268.6,11.5,0.0,41.7,0.0,0.0,0.0,0.0,,
morpc/6269,FRANK RD / MS EXIT,6269,5/9/2012,00:00-24:00,639.3,0.0,242.0,0.0,7256.5,9.9,0.0,0.0,0.0,0.0,9295.7,5.2,8.9,9.2,0.0,13.5,0.0,0.0,0.0,0.0,,
morpc/6270,FRANK RD / MS ENTRANCE,6270,5/9/2012,00:00-24:00,10.3,0.0,25.0,349.5,7163.1,0.0,0.0,0.0,4.9,0.0,8747.7,641.7,0.0,98.5,0.0,9.3,0.0,0.0,0.0,0.0,,
morpc/6271,BRIGGS RD / JOSEPHINE AVE / VALLEYVIEW,6271,5/3/2012,00:00-24:00,116.9,46.7,110.3,97.5,3000.0,404.0,312.9,46.4,129.7,146.9,2640.1,99.1,159.5,111.2,16.2,36.4,0.0,0.0,0.0,0.0,,
morpc/6272,BRIGGS RD / HS ACCESS,6272,5/3/2012,00:00-24:00,0.0,0.0,4.4,0.0,3186.0,330.3,418.0,3.7,316.4,222.3,2799.1,0.0,122.8,31.8,44.5,32.7,0.0,0.0,0.0,0.0,,
morpc/6273,DEMOREST RD / HS ACCESS,6273,5/3/2012,00:00-24:00,352.3,6052.9,234.3,0.0,0.0,0.0,3.6,7124.6,1016.7,588.0,0.0,160.2,0.0,70.9,0.0,380.5,0.0,0.0,0.0,0.0,,
morpc/6275,GROVES RD / PARKING LOT ENT,6275,9/12/2012,00:00-24:00,0.0,0.0,0.0,0.0,2834.6,9.1,66.1,0.0,39.6,12.7,2411.8,0.0,0.0,0.0,0.0,0.0,0.0,0.0,0.0,0.0,,
morpc/6276,GROVES RD / PARKING LOT ENT,6276,9/5/2012,00:00-24:00,0.0,8.0,4.7,5.0,2383.4,401.8,246.6,16.0,158.6,174.3,2266.0,0.0,0.0,0.0,0.0,0.0,0.0,0.0,0.0,0.0,,
morpc/6277,GANTZ RD / BARRON,6277,10/10/2012,00:00-24:00,0.0,3448.1,224.3,285.0,0.0,234.4,281.1,3836.5,0.0,0.0,0.0,0.0,19.6,0.0,3.4,0.0,0.0,0.0,0.0,0.0,,
morpc/6280,BASIL WESTERN RD / PICKERINGTON RD / PICKERINGTON,6280,8/22/2012,00:00-24:00,142.4,1264.1,109.9,133.1,597.7,421.2,285.8,1253.7,156.2,128.1,396.6,83.9,0.0,0.0,0.0,0.0,0.0,0.0,0.0,0.0,,
morpc/6282,BUSEY RD / CARROLL NORTHERN RD / PICKERINGTON,6282,8/23/2012,00:00-24:00,55.9,553.6,0.0,0.0,0.0,0.0,0.0,486.5,43.0,58.1,0.0,86.2,0.0,0.0,0.0,0.0,0.0,0.0,0.0,0.0,,
morpc/6283,US 33 / ALLEN RD / PICKERINGTON,6283,8/28/2012,00:00-24:00,121.1,4.0,172.5,248.8,15672.2,4.2,3.0,9.5,0.0,2.5,16716.9,398.8,0.0,0.0,0.0,0.0,0.0,0.0,0.0,0.0,,
morpc/6284,PICKERINGTON RD / BENADUM / PICKERINGTON,6284,8/29/2012,00:00-24:00,55.1,611.4,0.0,0.0,0.0,0.0,0.0,707.3,46.9,68.9,0.0,51.4,0.0,0.0,0.0,0.0,0.0,0.0,0.0,0.0,,
morpc/6286,WATERLOO EASTERN RD / AMANDA NORTHERN RD / PICKERINGTON,6286,8/28/2012,00:00-24:00,10.3,1.4,0.0,0.0,0.0,0.0,0.0,0.0,106.5,155.2,0.0,11.8,0.0,0.0,0.0,0.0,0.0,0.0,0.0,0.0,,
morpc/6287,HILL RD / BUSEY RD / PICKERINGTON,6287,8/20/2012,00:00-24:00,0.0,0.0,0.0,0.0,517.5,1185.8,930.6,0.0,152.0,199.7,400.8,0.0,0.0,0.0,0.0,0.0,0.0,0.0,0.0,0.0,,
morpc/6289,N STATE ST / HOFF RD / WESTERVILLE,6289,10/18/2012,00:00-24:00,0.0,6825.8,929.1,1134.8,0.0,1688.5,1770.9,6918.3,0.0,0.0,0.0,0.0,14.1,11.7,4.5,0.0,0.0,0.0,0.0,0.0,,
morpc/6290,N STATE ST / RUCKMOOR DR / WESTERVILLE,6290,10/25/2012,00:00-24:00,32.3,6786.3,1787.9,2483.7,10.7,968.1,1426.5,6716.6,24.7,70.7,9.1,36.1,55.1,41.4,24.1,8.3,0.0,0.0,0.0,0.0,,
morpc/6291,SAWMILL PKWY / BIG BEAR AVE,6291,11/7/2012,00:00-24:00,202.1,12476.1,331.8,255.3,103.3,639.1,705.2,11840.1,362.4,701.3,168.1,393.4,26.4,51.2,25.7,35.0,0.0,0.0,0.0,0.0,,
morpc/6292,SAWMILL PKWY / PARK WOODS LN,6292,11/7/2012,00:00-24:00,0.0,12943.0,15.1,26.9,0.0,129.6,160.9,12406.9,0.0,0.0,0.0,0.0,67.9,14.4,30.1,0.0,0.0,0.0,0.0,0.0,,
morpc/6293,SAWMILL PKWY / SAWMILL DR,6293,11/7/2012,00:00-24:00,70.7,12298.8,62.6,72.7,3.9,231.4,630.3,11441.7,242.4,306.3,17.0,71.8,16.3,25.5,26.0,59.7,0.0,0.0,0.0,0.0,,
morpc/6294,SELDOM SEEN RD / BUNKER LN,6294,11/8/2012,00:00-24:00,215.9,14.8,194.7,208.5,2838.5,198.9,298.0,17.6,411.7,519.5,2910.9,273.4,13.7,0.0,0.0,21.0,0.0,0.0,0.0,0.0,,
morpc/6295,CLEVELAND AVE / BANKONE SERVICE RD / WESTERVILLE,6295,10/24/2012,00:00-24:00,0.0,16326.8,481.5,629.8,0.0,1271.5,2118.5,17710.1,0.0,0.0,0.0,0.0,13.9,0.0,0.0,0.0,0.0,0.0,0.0,0.0,,
morpc/6402,HOLT RD / PARKING LOT ENT,6402,5/15/2013,00:00-24:00,0.0,4737.1,51.3,343.3,0.0,286.6,3.9,4193.1,0.0,0.0,0.0,0.0,6.2,9.7,0.0,0.0,0.0,0.0,0.0,0.0,,
morpc/6453,COUNTY LINE RD / AFRICA RD,6453,10/3/2013,00:00-24:00,1659.2,2437.4,965.4,872.8,8183.2,553.4,622.9,1730.3,306.0,491.7,8147.8,1249.6,0.0,0.0,0.0,0.0,0.0,0.0,0.0,0.0,,
morpc/6454,COUNTY LINE RD / ALKYRE RUN RD,6454,10/3/2013,00:00-24:00,479.6,5.1,222.6,456.7,8819.1,900.1,828.1,4.3,169.7,262.1,8902.5,553.3,0.0,2.7,0.0,2.1,0.0,0.0,0.0,0.0,,
morpc/6455,COUNTY LINE RD / THOMPSON AVE,6455,10/3/2013,00:00-24:00,6.8,0.0,0.0,4.1,9426.0,158.2,183.6,0.0,374.3,368.9,9380.8,0.0,0.0,0.0,0.0,3.0,0.0,0.0,0.0,0.0,,
morpc/6456,CLEVELAND AVE / WESTAR BLVD,6456,10/3/2013,00:00-24:00,472.8,10541.4,11.7,14.8,0.0,12.9,17.1,9890.6,80.3,88.5,0.0,239.5,14.8,0.0,2.5,0.0,0.0,0.0,0.0,0.0,,
morpc/6457,CLEVELAND AVE / WESTAR BLVD,6457,10/3/2013,00:00-24:00,395.3,9868.6,472.6,304.3,8.8,524.3,559.6,9333.3,334.8,405.1,11.5,415.4,0.0,2.0,0.0,0.0,0.0,0.0,0.0,0.0,,
morpc/6465,POLARIS PKWY / DRIVEWAY,6465,10/3/2013,00:00-24:00,190.0,0.0,441.4,711.6,17432.5,0.0,0.0,0.0,0.0,0.0,15282.8,564.4,0.0,0.0,0.0,0.0,0.0,0.0,0.0,0.0,,
morpc/6557,GEMINI PKWY / ORION PL / COLUMBUS,6557,11/6/2013,00:00-24:00,0.0,0.0,0.0,0.0,0.0,0.0,0.0,0.0,4112.1,5741.0,0.0,0.0,0.0,0.0,0.0,0.0,0.0,0.0,0.0,0.0,,
morpc/6571,ORION PL / OLD WORTHINGTON RD / COLUMBUS,6571,11/20/2013,00:00-24:00,0.0,6985.6,1108.4,1393.4,0.0,1581.4,1768.0,6434.6,0.0,0.0,0.0,0.0,0.0,0.0,0.0,0.0,0.0,0.0,0.0,0.0,,
morpc/7,THIRD ST / SPRING ST / COLUMBUS,7,8/18/2011,00:00-24:00,4486.8,24754.6,0.0,0.0,8602.5,2098.6,0.0,0.0,0.0,0.0,0.0,0.0,513.9,188.1,0.0,0.0,0.0,0.0,0.0,0.0,,
morpc/9,FOURTH ST / LONG ST / COLUMBUS,9,9/16/2011,00:00-24:00,0.0,0.0,0.0,0.0,0.0,0.0,1226.7,22087.2,0.0,0.0,7139.3,4479.0,0.0,0.0,817.8,878.0,0.0,0.0,0.0,0.0,,
