sanjose/10255_SJ_Health_Cntr_Draft_EIR.txt,US-101 ON RAMP / ALUM ROCK AVE / US-101 OFF RAMP,Vehicles,9/8/2011,00:00-24:00,0.0,0.0,0.0,5697.3,12732.9,0.0,1078.2,0.0,1761.4,0.0,6125.9,2657.2,128.5,18.6,209.0,0.0,0.0,0.0,0.0,0.0,,
sanjose/10255_SJ_Health_Cntr_Draft_EIR.txt,US-101 SB OFF RAMP / SANTA CLARA ST / US-101 SB ON RAMP,Vehicles,9/8/2011,00:00-24:00,1994.2,0.0,2116.6,0.0,10438.5,4282.0,0.0,0.0,0.0,4033.7,6646.9,0.0,139.3,0.0,153.8,0.0,0.0,0.0,0.0,0.0,,
sanjose/Appendix B - TIA_201307031551163925.txt,CA-82 -- Edenview Dr / San Jose  CA,x,4/23/2009,00:00-24:00,0.0,14627.9,969.4,1263.1,0.0,2030.5,1141.8,14971.6,148.8,0.0,0.0,0.0,104.1,104.1,0.0,0.0,0.0,0.0,0.0,0.0,,
sanjose/Appendix B - TIA_201307031551163925.txt,CA-82 -- Senter Rd / San Jose  CA,x,4/23/2009,00:00-24:00,0.0,14581.3,3134.3,4537.4,0.0,4762.9,4776.5,19524.1,292.7,0.0,0.0,0.0,647.3,223.9,182.0,0.0,0.0,0.0,0.0,0.0,,
sanjose/Appendix B - TIA_201307031551163925.txt,CA-82 -- Valleyhaven Way / San Jose  CA,x,4/23/2009,00:00-24:00,0.0,15695.1,705.0,509.3,0.0,252.3,282.7,21672.1,7.2,0.0,0.0,0.0,0.0,87.6,30.1,6.6,0.0,0.0,0.0,0.0,,
sanjose/Appendix B - TIA_201307031551163925.txt,Houndshaven Way -- Skyway Dr / San Jose  CA,x,4/23/2009,00:00-24:00,0.0,0.0,12.5,12.5,3736.5,62.5,12.5,0.0,362.4,387.4,3211.7,0.0,38.9,38.9,51.9,13.0,0.0,0.0,0.0,0.0,,
sanjose/Appendix B - TIA_201307031551163925.txt,Houndshaven Way -- Skyway Dr / San Jose  CA,x,4/29/2009,00:00-24:00,0.0,14.3,0.0,14.3,7861.6,28.6,57.3,0.0,744.6,186.2,11241.0,0.0,0.0,41.7,0.0,0.0,0.0,0.0,0.0,0.0,,
sanjose/Appendix B - TIA_201307031551163925.txt,Narvaez Ave -- SR 87 NB Ramps / San Jose  CA,x,4/23/2009,00:00-24:00,2836.2,2073.4,5.8,0.0,0.0,0.0,0.0,2231.1,10026.9,7052.1,0.0,2327.8,0.0,69.0,24.6,157.8,0.0,0.0,0.0,0.0,,
sanjose/Appendix B - TIA_201307031551163925.txt,Senter Rd -- E Capitol Expy / San Jose  CA,x,4/23/2009,00:00-24:00,3378.6,7519.1,5691.7,6973.9,20512.6,3878.3,3715.1,6243.6,3093.2,2381.6,19257.8,4070.9,459.0,1951.2,10.4,870.7,0.0,0.0,0.0,0.0,,
sanjose/Appendix B - TIA_201307031551163925.txt,Snell Ave -- Branham Ln / San Jose  CA,x,4/23/2009,00:00-24:00,2020.8,8117.4,3161.8,1501.1,5044.6,2141.5,2000.1,8434.1,4906.2,4358.3,4148.0,1435.2,156.9,19.7,29.4,111.2,0.0,0.0,0.0,0.0,,
sanjose/Appendix B - TIA_201307031551163925.txt,Snell Ave -- Chynoweth Ave / San Jose  CA,x,4/23/2009,00:00-24:00,1146.5,11520.2,1795.5,2106.9,640.2,3300.8,2365.0,11297.5,202.4,338.6,606.5,1387.5,9.8,150.2,117.3,39.2,0.0,0.0,0.0,0.0,,
sanjose/Appendix B - TIA_201307031551163925.txt,Snell Ave -- Giuffrida Ave / San Jose  CA,x,4/23/2009,00:00-24:00,716.2,14006.7,699.3,542.4,64.9,406.2,327.0,12791.7,1266.2,1284.7,102.9,844.9,34.5,89.4,104.4,95.1,0.0,0.0,0.0,0.0,,
sanjose/Appendix B - TIA_201307031551163925.txt,Snell Ave -- Skyway Dr / San Jose  CA,x,4/23/2009,00:00-24:00,147.3,8123.8,2082.6,1749.6,153.8,3568.4,2907.4,8220.9,207.0,269.2,113.5,281.5,104.5,75.1,0.0,104.8,0.0,0.0,0.0,0.0,,
sanjose/Appendix B - TIA_201307031551163925.txt,Snell Ave -- Tradewinds Dr / San Jose  CA,x,4/23/2009,00:00-24:00,57.1,14130.5,1231.0,1581.4,358.0,974.2,751.3,12762.6,282.2,160.5,259.0,154.7,71.4,99.9,139.4,0.0,0.0,0.0,0.0,0.0,,
sanjose/Appendix B - TIA_201307031551163925.txt,Stoneyhaven Way -- Skyway Dr / San Jose  CA,x,4/23/2009,00:00-24:00,0.0,0.0,0.0,0.0,3974.0,12.5,0.0,0.0,337.4,337.4,3586.6,0.0,0.0,0.0,0.0,0.0,0.0,0.0,0.0,0.0,,
sanjose/Appendix B - TIA_201307031551163925.txt,Stoneyhaven Way -- Skyway Dr / San Jose  CA,x,4/29/2009,00:00-24:00,0.0,0.0,0.0,0.0,8047.7,0.0,14.3,0.0,415.3,157.5,11455.8,0.0,0.0,0.0,0.0,0.0,0.0,0.0,0.0,0.0,,
sanjose/Appendix B_201406031246341818.txt,10TH ST / KEYES ST,Vehicles,3/26/2013,00:00-24:00,1195.5,8564.1,6697.3,0.0,6949.2,417.6,0.0,0.0,0.0,361.0,6083.1,0.0,249.8,10.0,228.5,149.4,0.0,0.0,0.0,0.0,,
sanjose/Appendix B_201406031246341818.txt,10TH ST / TULLY RD / DRIVEWAY,Vehicles,9/26/2012,00:00-24:00,1599.5,34.5,1197.2,3025.5,15832.0,0.0,20.4,4.1,31.0,66.5,11122.4,3547.5,65.2,61.6,116.9,104.0,0.0,0.0,0.0,0.0,,
sanjose/Appendix B_201406031246341818.txt,11TH ST / KEYES ST,Vehicles,3/26/2013,00:00-24:00,0.0,0.0,0.0,11133.8,7202.3,0.0,422.3,7679.0,408.8,0.0,11223.0,1569.0,384.0,161.9,230.3,60.5,0.0,0.0,0.0,0.0,,
sanjose/Appendix B_201406031246341818.txt,2ND ST / KEYES ST,Vehicles,3/26/2013,00:00-24:00,385.6,2649.0,993.9,0.0,4595.6,1642.3,0.0,0.0,0.0,116.1,3398.4,0.0,213.3,144.5,193.1,29.3,0.0,0.0,0.0,0.0,,
sanjose/Appendix B_201406031246341818.txt,3RD ST / KEYES ST,Vehicles,3/26/2013,00:00-24:00,0.0,0.0,0.0,1709.1,6116.1,0.0,1932.7,6382.4,256.9,0.0,3969.6,424.5,247.6,44.0,97.9,39.2,0.0,0.0,0.0,0.0,,
sanjose/Appendix B_201406031246341818.txt,7TH ST / KEYES ST,Vehicles,3/26/2013,00:00-24:00,979.9,4459.5,804.6,714.0,6521.8,762.6,558.3,4072.3,367.9,410.2,4919.9,941.8,190.6,112.6,145.5,105.3,0.0,0.0,0.0,0.0,,
sanjose/Appendix B_201406031246341818.txt,ALMADEN EXPRESSWAY / ALMADEN PLAZA WY - SR- 85 SB OFF-RAMP,Vehicles,9/25/2012,00:00-24:00,0.0,19160.9,0.0,0.0,0.0,0.0,14246.5,35143.7,92.6,6472.8,273.7,6206.1,48.1,0.0,12.5,0.0,0.0,0.0,0.0,0.0,,
sanjose/Appendix B_201406031246341818.txt,ALMADEN EXPRESSWAY / BLOSSOM HILL RD,Vehicles,9/25/2012,00:00-24:00,7933.5,14253.6,2768.3,6223.3,11410.0,2000.7,608.5,35764.5,2152.7,1298.4,3797.7,8045.8,269.0,9.6,165.5,138.0,0.0,0.0,0.0,0.0,,
sanjose/Appendix B_201406031246341818.txt,ALMADEN EXPRESSWAY / BRANHAM LN,Vehicles,9/25/2012,00:00-24:00,2505.2,10246.3,1427.4,6596.5,8146.2,7683.4,2938.9,26201.0,3069.5,1071.2,3051.3,3513.4,98.9,45.7,234.1,48.3,0.0,0.0,0.0,0.0,,
sanjose/Appendix B_201406031246341818.txt,ALMADEN EXPRESSWAY / CHERRY AVE,Vehicles,9/25/2012,00:00-24:00,1322.7,19765.4,1138.9,352.6,476.6,1158.5,988.4,22440.7,5039.5,5392.2,380.1,1595.4,245.1,3.4,0.0,201.0,0.0,0.0,0.0,0.0,,
sanjose/Appendix B_201406031246341818.txt,ALMADEN EXPRESSWAY / FOXWORTHY AVE,Vehicles,9/12/2012,00:00-24:00,1317.5,20600.1,4640.9,2454.8,160.5,1377.3,1203.9,21626.2,1296.1,883.8,1227.0,1813.3,3.3,77.6,140.5,19.1,0.0,0.0,0.0,0.0,,
sanjose/Appendix B_201406031246341818.txt,ALMADEN EXPRESSWAY / SR-85 NB OFF-RAMP / DRIVEWAY - SR-85 NB ON- RAMP,Vehicles,9/25/2012,00:00-24:00,0.0,18346.4,0.0,3581.4,160.5,7977.8,7830.8,33254.6,776.9,486.3,0.0,480.6,83.7,0.0,0.0,96.8,0.0,0.0,0.0,0.0,,
sanjose/Appendix B_201406031246341818.txt,ALMADEN EXPRESSWAY SB RAMPS (W) / CURTNER AVE,Vehicles,9/20/2012,00:00-24:00,2121.7,0.0,1258.5,2200.2,11607.7,0.0,0.0,0.0,0.0,0.0,11708.1,0.0,51.4,0.0,0.0,71.5,0.0,0.0,0.0,0.0,,
sanjose/Appendix B_201406031246341818.txt,ALMADEN RD / CURTNER AVE,Vehicles,3/28/2013,00:00-24:00,741.2,2583.3,3370.1,2748.8,7763.2,1182.3,1011.0,2410.6,1143.3,867.8,7546.6,595.6,20.3,104.5,93.1,47.8,0.0,0.0,0.0,0.0,,
sanjose/Appendix B_201406031246341818.txt,BOOKSIN AVE / CURTNER AVE,Vehicles,3/28/2013,00:00-24:00,174.6,459.1,727.9,642.7,8668.5,541.1,565.3,515.5,732.7,404.0,7784.7,135.2,100.1,400.9,94.6,54.4,0.0,0.0,0.0,0.0,,
sanjose/Appendix B_201406031246341818.txt,CANOAS GARDEN AVE / CURTNER AVE,Vehicles,2/7/2013,00:00-24:00,1173.3,390.7,1067.9,1908.3,10682.2,3571.7,3567.8,691.3,1884.1,3165.5,13112.2,577.3,0.0,0.0,0.0,0.0,0.0,0.0,0.0,0.0,,
sanjose/Appendix B_201406031246341818.txt,CANOAS GARDEN AVE / CURTNER AVE,Vehicles,9/20/2012,00:00-24:00,470.9,112.2,1000.0,1801.5,10066.3,1856.6,1947.4,243.9,825.0,1295.8,12522.6,634.5,104.0,281.2,225.5,156.0,0.0,0.0,0.0,0.0,,
sanjose/Appendix B_201406031246341818.txt,CAPITOL EXPY / ABORN RD,Vehicles,4/10/2013,00:00-24:00,1379.1,14189.3,3267.5,1947.7,8702.9,18160.5,9936.0,19948.8,2793.0,706.7,2612.6,1300.0,276.9,52.5,181.2,51.4,0.0,0.0,0.0,0.0,,
sanjose/Appendix B_201406031246341818.txt,CAPITOL EXPY / NIEMAN BLVD,Vehicles,4/11/2013,00:00-24:00,0.0,16686.0,5453.8,3883.9,0.0,0.0,2399.8,16558.9,0.0,0.0,0.0,0.0,0.0,26.1,13.3,0.0,0.0,0.0,0.0,0.0,,
sanjose/Appendix B_201406031246341818.txt,CAPITOL EXPY / NIEMAN BLVD,Vehicles,4/9/2013,00:00-24:00,0.0,16915.6,2648.0,10560.0,0.0,0.0,813.3,23261.6,0.0,0.0,0.0,0.0,41.6,175.1,191.2,0.0,0.0,0.0,0.0,0.0,,
sanjose/Appendix B_201406031246341818.txt,CAPITOL EXPY / QUIMBY RD,Vehicles,4/10/2013,00:00-24:00,491.7,11298.1,2315.0,8553.5,8381.1,5949.6,6413.1,24987.2,3201.2,2086.0,3306.6,484.5,84.1,40.3,126.9,40.1,0.0,0.0,0.0,0.0,,
sanjose/Appendix B_201406031246341818.txt,CAPITOL EXPY / SILVER CREEK RD,Vehicles,4/10/2013,00:00-24:00,248.4,30719.4,1389.1,2620.2,6499.1,5466.7,4732.5,28956.3,7656.6,3597.1,4349.1,535.0,1024.1,107.8,194.4,222.5,0.0,0.0,0.0,0.0,,
sanjose/Appendix B_201406031246341818.txt,CAPITOL EXPY / TULLY RD,Vehicles,4/9/2013,00:00-24:00,3075.5,9990.3,3484.9,10709.4,8694.8,3626.2,2827.0,30441.8,1143.7,447.5,3535.2,2737.4,9.8,0.0,164.6,53.4,0.0,0.0,0.0,0.0,,
sanjose/Appendix B_201406031246341818.txt,CHERRY AVE / CURTNER AVE,Vehicles,3/28/2013,00:00-24:00,434.6,699.7,198.5,338.2,8852.3,849.2,1561.7,759.0,2660.6,1789.5,7581.6,451.1,81.6,142.5,65.3,63.5,0.0,0.0,0.0,0.0,,
sanjose/Appendix B_201406031246341818.txt,CHERRY AVE / HILLSDALE AVE,Vehicles,3/28/2013,00:00-24:00,510.6,1615.8,1503.8,1867.3,15977.3,672.8,1171.9,1786.7,973.8,662.7,12113.6,542.0,30.3,53.0,50.5,47.6,0.0,0.0,0.0,0.0,,
sanjose/Appendix B_201406031246341818.txt,COMMUNICATION HILL BLVD / HILLSDALE AVE / VISTAPARK DR,Vehicles,9/12/2012,00:00-24:00,385.4,419.5,405.0,304.9,4106.4,465.2,698.0,323.7,1228.0,1027.1,3242.3,217.5,75.7,50.0,74.1,255.0,0.0,0.0,0.0,0.0,,
sanjose/Appendix B_201406031246341818.txt,COPPERFIELD DR / CAPITOL EXPRESSWAY,Vehicles,9/13/2012,00:00-24:00,1603.1,0.0,1319.1,709.7,25281.8,0.0,462.3,0.0,0.0,929.8,19450.2,3227.9,95.9,0.0,59.7,126.8,0.0,0.0,0.0,0.0,,
sanjose/Appendix B_201406031246341818.txt,CURTNER AVE / ALMADEN EXPRESSWAY NB RAMPS (E),Vehicles,9/20/2012,00:00-24:00,0.0,0.0,0.0,0.0,13790.0,146.5,3269.8,0.0,109.9,890.9,12406.7,0.0,0.0,0.0,27.9,39.7,0.0,0.0,0.0,0.0,,
sanjose/Appendix B_201406031246341818.txt,FIRST ST / ALMA ST / MONTEREY RD,Vehicles,9/27/2012,00:00-24:00,1546.5,5298.5,542.0,503.1,2847.4,1738.7,1300.0,28571.6,2292.5,1189.7,3986.5,4673.2,765.9,175.2,65.2,229.3,0.0,0.0,0.0,0.0,,
sanjose/Appendix B_201406031246341818.txt,FIRST ST / KEYES ST,Vehicles,9/27/2012,00:00-24:00,101.1,2946.4,494.7,2718.7,4951.4,7.8,102.5,18989.6,777.3,577.3,1859.6,316.3,147.2,64.3,230.6,650.3,0.0,0.0,0.0,0.0,,
sanjose/Appendix B_201406031246341818.txt,FOXWORTHY AVE / HILLSDALE AVE / PEARL AVE / DRIVEWAY,Vehicles,9/18/2012,00:00-24:00,29.7,2667.1,3836.9,2219.8,5.9,1681.0,2875.0,2085.0,60.4,25.0,0.0,5.9,45.6,194.4,0.0,13.4,0.0,0.0,0.0,0.0,,
sanjose/Appendix B_201406031246341818.txt,JARVIS AVE / HILLSDALE AVE,Vehicles,3/28/2013,00:00-24:00,236.0,545.8,511.7,420.4,15570.2,663.3,1155.2,666.4,581.3,527.8,11260.4,143.4,9.7,0.0,23.0,32.5,0.0,0.0,0.0,0.0,,
sanjose/Appendix B_201406031246341818.txt,KING RD / TULLY RD,Vehicles,4/9/2013,00:00-24:00,3664.4,4156.5,1572.7,1419.5,15670.8,2416.4,1794.6,8069.5,6614.9,1307.9,9069.9,3655.8,217.3,634.2,108.9,412.0,0.0,0.0,0.0,0.0,,
sanjose/Appendix B_201406031246341818.txt,LANAI AVE / TULLY RD / ALVIN AVE,Vehicles,4/11/2013,00:00-24:00,2406.5,409.3,460.5,161.9,17352.2,822.0,1110.2,459.5,5611.8,8145.5,17476.6,2591.3,71.3,257.9,146.5,0.0,0.0,0.0,0.0,0.0,,
sanjose/Appendix B_201406031246341818.txt,LANAI AVE / TULLY RD / ALVIN AVE,Vehicles,4/9/2013,00:00-24:00,5334.5,556.9,520.3,24.0,24518.9,585.0,888.4,232.7,9956.9,6238.4,13181.0,2582.9,114.4,182.7,128.0,0.0,0.0,0.0,0.0,0.0,,
sanjose/Appendix B_201406031246341818.txt,LINCOLN AVE / CURTNER AVE,Vehicles,3/28/2013,00:00-24:00,1629.9,5643.9,1935.0,1759.1,6687.0,361.0,235.2,7996.3,1732.6,1396.6,6466.2,2582.5,163.5,87.9,136.9,76.0,0.0,0.0,0.0,0.0,,
sanjose/Appendix B_201406031246341818.txt,LINCOLN AVE / MINNESOTA AVE,Vehicles,3/26/2013,00:00-24:00,966.5,5330.5,1092.5,1171.2,3303.3,1522.3,1918.6,8173.2,1331.5,1212.7,3262.7,1406.3,1263.9,620.0,536.9,1919.6,0.0,0.0,0.0,0.0,,
sanjose/Appendix B_201406031246341818.txt,LINCOLN AVE / PINE AVE,Vehicles,3/28/2013,00:00-24:00,852.1,6295.2,396.9,422.2,1588.6,260.8,688.9,9824.4,1848.9,1314.8,1462.4,668.6,105.9,99.9,26.4,123.5,0.0,0.0,0.0,0.0,,
sanjose/Appendix B_201406031246341818.txt,LINCOLN AVE / WILLOW ST,Vehicles,3/26/2013,00:00-24:00,1228.9,5689.6,1569.3,1392.7,2097.7,1200.9,1168.8,7911.8,800.0,1064.8,2216.2,1380.6,234.4,335.5,348.6,797.0,0.0,0.0,0.0,0.0,,
sanjose/Appendix B_201406031246341818.txt,LITTLE ORCHARD ST / CURTNER AVE / OAK HILL MEMORIAL PARK,Vehicles,9/27/2012,00:00-24:00,2653.0,72.5,1502.8,1785.2,14804.2,370.0,122.8,54.1,278.8,371.6,13445.1,2527.6,35.7,0.0,38.4,25.0,0.0,0.0,0.0,0.0,,
sanjose/Appendix B_201406031246341818.txt,MERIDIAN AVE / CURTNER AVE,Vehicles,3/28/2013,00:00-24:00,1028.8,8894.5,2240.1,3123.2,5861.1,1121.3,1028.4,12214.7,1450.7,1470.4,5023.5,1176.7,38.4,47.1,42.2,47.6,0.0,0.0,0.0,0.0,,
sanjose/Appendix B_201406031246341818.txt,MERIDIAN AVE / HAMILTON AVE,Vehicles,3/28/2013,00:00-24:00,3313.8,8359.4,2197.2,1895.5,5698.0,967.0,431.6,12764.3,5503.8,3906.6,5705.3,3121.1,104.5,148.8,152.0,103.0,0.0,0.0,0.0,0.0,,
sanjose/Appendix B_201406031246341818.txt,MERIDIAN AVE / HILLSDALE AVE,Vehicles,3/28/2013,00:00-24:00,804.6,4487.9,1923.3,3804.6,20268.2,1663.5,750.9,16638.2,4311.8,439.1,4546.8,1840.1,37.8,13.9,0.0,69.1,0.0,0.0,0.0,0.0,,
sanjose/Appendix B_201406031246341818.txt,MONTEREY RD / BLOSSOM HILL EB RAMPS,Vehicles,4/9/2013,00:00-24:00,0.0,9104.8,5531.6,5686.6,0.0,2215.0,4334.7,12188.7,0.0,0.0,0.0,0.0,0.0,211.6,0.0,0.0,0.0,0.0,0.0,0.0,,
sanjose/Appendix B_201406031246341818.txt,MONTEREY RD / BLOSSOM HILL WB RAMPS,Vehicles,4/9/2013,00:00-24:00,3726.0,11747.3,0.0,3783.2,0.0,2772.1,3356.3,14906.7,0.0,0.0,0.0,0.0,0.0,82.2,211.9,0.0,0.0,0.0,0.0,0.0,,
sanjose/Appendix B_201406031246341818.txt,MONTEREY RD / BRANHAM LN,Vehicles,4/11/2013,00:00-24:00,1846.7,6829.3,1136.7,4373.1,4283.5,945.1,441.6,20905.1,1741.7,1627.8,2466.7,5283.0,0.0,144.3,296.6,72.2,0.0,0.0,0.0,0.0,,
sanjose/Appendix B_201406031246341818.txt,MONTEREY RD / CAPITOL EXPRESSWAY EB RAMPS (S),Vehicles,9/18/2012,00:00-24:00,0.0,8039.4,1740.2,4622.4,0.0,3976.6,4008.7,32652.0,0.0,0.0,0.0,0.0,193.6,339.8,93.3,0.0,0.0,0.0,0.0,0.0,,
sanjose/Appendix B_201406031246341818.txt,MONTEREY RD / CAPITOL EXPRESSWAY WB RAMPS (N),Vehicles,9/18/2012,00:00-24:00,0.0,8490.7,750.7,5986.7,0.0,1382.3,3675.4,33766.0,0.0,0.0,0.0,0.0,0.0,197.9,0.0,0.0,0.0,0.0,0.0,0.0,,
sanjose/Appendix B_201406031246341818.txt,MONTEREY RD / EDENVIEW DR,Vehicles,4/9/2013,00:00-24:00,0.0,13504.0,689.1,980.1,0.0,1577.1,889.4,16108.5,100.6,0.0,0.0,0.0,170.0,166.8,0.0,0.0,0.0,0.0,0.0,0.0,,
sanjose/Appendix B_201406031246341818.txt,MONTEREY RD / LEWIS RD,Vehicles,9/19/2012,00:00-24:00,0.0,17390.7,1648.0,2247.6,29.4,1289.7,1363.1,25006.2,366.1,0.0,0.0,0.0,70.8,138.8,0.0,0.0,0.0,0.0,0.0,0.0,,
sanjose/Appendix B_201406031246341818.txt,MONTEREY RD / OLD TULLY RD,Vehicles,9/19/2012,00:00-24:00,0.0,7350.9,286.2,272.7,0.0,1825.4,6451.1,36057.7,163.4,0.0,0.0,0.0,0.0,10.7,21.5,0.0,0.0,0.0,0.0,0.0,,
sanjose/Appendix B_201406031246341818.txt,MONTEREY RD / ROEDER RD / CHYNOWETH AVE,Vehicles,4/10/2013,00:00-24:00,1792.4,12178.7,1392.0,779.4,2215.8,3907.4,1859.7,12131.1,3159.3,1451.8,2413.4,2831.9,39.1,46.6,609.7,17.9,0.0,0.0,0.0,0.0,,
sanjose/Appendix B_201406031246341818.txt,MONTEREY RD / SENTER RD,Vehicles,4/10/2013,00:00-24:00,0.0,8352.6,2024.0,6226.2,0.0,4057.0,3233.8,32340.9,223.8,0.0,0.0,0.0,611.8,694.2,17.5,0.0,0.0,0.0,0.0,0.0,,
sanjose/Appendix B_201406031246341818.txt,MONTEREY RD / SKYWAY DR,Vehicles,4/11/2013,00:00-24:00,1742.5,7752.6,2054.4,3365.7,1550.6,1458.5,3418.6,24568.8,707.0,574.3,2242.4,3353.2,0.0,79.2,51.1,0.0,0.0,0.0,0.0,0.0,,
sanjose/Appendix B_201406031246341818.txt,MONTEREY RD / SOUTHSIDE DR,Vehicles,9/19/2012,00:00-24:00,0.0,16695.4,2290.6,1659.9,0.0,1134.3,1247.6,24989.2,72.5,0.0,0.0,0.0,113.4,173.7,0.0,0.0,0.0,0.0,0.0,0.0,,
sanjose/Appendix B_201406031246341818.txt,MONTEREY RD / TULLY RD / CURTNER AVE,Vehicles,9/19/2012,00:00-24:00,1402.8,4032.2,1729.4,3116.5,9836.7,416.6,648.3,27900.6,8267.0,3625.9,7675.6,2301.1,442.4,145.9,116.8,120.3,0.0,0.0,0.0,0.0,,
sanjose/Appendix B_201406031246341818.txt,MONTEREY RD / UMBARGER RD / CHATEAU LA SALLE DR,Vehicles,9/19/2012,00:00-24:00,521.2,17288.8,2245.9,2063.2,318.1,1378.3,1629.9,25145.7,823.6,394.2,330.8,868.2,14.3,76.7,86.2,8.7,0.0,0.0,0.0,0.0,,
sanjose/Appendix B_201406031246341818.txt,McLAUGHLIN AVE / CAPITOL EXPRESSWAY,Vehicles,9/26/2012,00:00-24:00,2227.8,1918.6,8100.6,4894.8,29544.5,1325.4,1233.9,3692.7,5888.5,490.7,24658.8,4499.3,85.7,110.9,171.8,322.1,0.0,0.0,0.0,0.0,,
sanjose/Appendix B_201406031246341818.txt,McLAUGHLIN AVE / TULLY RD,Vehicles,9/27/2012,00:00-24:00,1505.1,2785.6,4859.1,3157.6,19068.0,2941.7,4815.8,8512.6,3285.7,674.1,17672.6,1702.2,406.1,124.6,60.8,213.5,0.0,0.0,0.0,0.0,,
sanjose/Appendix B_201406031246341818.txt,NARVAEZ AVE / CAPITOL EXPRESSWAY,Vehicles,9/13/2012,00:00-24:00,2817.4,481.6,2049.6,5222.0,33075.1,915.9,889.2,2611.7,2886.4,1308.1,15028.0,1899.8,250.1,9.8,61.3,141.8,0.0,0.0,0.0,0.0,,
sanjose/Appendix B_201406031246341818.txt,NARVAEZ AVE / HILLSDALE AVE,Vehicles,9/18/2012,00:00-24:00,915.3,1198.7,313.5,229.1,5374.7,2354.6,1662.2,501.2,1345.8,1565.0,3551.9,435.3,44.4,122.9,95.1,0.0,0.0,0.0,0.0,0.0,,
sanjose/Appendix B_201406031246341818.txt,NARVAEZ AVE / SR-87 NB RAMP,Vehicles,9/13/2012,00:00-24:00,4462.5,2506.9,0.0,0.0,0.0,0.0,0.0,1661.2,8297.2,3345.7,0.0,1254.1,0.0,0.0,0.0,0.0,0.0,0.0,0.0,0.0,,
sanjose/Appendix B_201406031246341818.txt,NARVAEZ AVE / SR-87 NB RAMPS,Vehicles,9/13/2012,00:00-24:00,2424.0,1334.1,0.0,0.0,0.0,0.0,0.0,1864.2,8876.3,9072.3,0.0,2646.3,0.0,0.0,0.0,13.2,0.0,0.0,0.0,0.0,,
sanjose/Appendix B_201406031246341818.txt,OLD HILLSDALE AVE / SNELL AVE / HILLSDALE AVE,Vehicles,9/18/2012,00:00-24:00,258.2,0.0,86.7,101.5,4982.2,0.0,0.0,0.0,0.0,0.0,4195.3,187.1,0.0,3.3,0.0,0.0,0.0,0.0,0.0,0.0,,
sanjose/Appendix B_201406031246341818.txt,PEARL AVE / CAPITOL EXPRESSWAY,Vehicles,9/18/2012,00:00-24:00,2959.4,2170.6,2147.5,4296.8,23567.0,3892.6,3125.1,4038.3,4999.6,1077.8,8677.2,1713.7,7.9,176.7,37.4,31.0,0.0,0.0,0.0,0.0,,
sanjose/Appendix B_201406031246341818.txt,PEARL AVE / HILLSDALE AVE / DRIVEWAY,Vehicles,9/18/2012,00:00-24:00,14.4,2699.2,2800.0,8513.4,16.7,4542.5,4045.2,4778.8,179.8,0.0,0.0,0.0,9.0,376.7,7.9,9.0,0.0,0.0,0.0,0.0,,
sanjose/Appendix B_201406031246341818.txt,SENTER RD / TULLY RD,Vehicles,9/26/2012,00:00-24:00,1000.0,4534.3,2767.5,7895.0,16817.5,6051.5,7056.3,16404.4,4509.4,2077.5,6981.3,2341.8,150.7,335.6,366.9,192.6,0.0,0.0,0.0,0.0,,
sanjose/Appendix B_201406031246341818.txt,SEVENTH ST / TULLY RD,Vehicles,9/26/2012,00:00-24:00,1278.9,1260.5,1656.6,2062.2,11922.5,2884.1,3354.7,1313.7,25.2,61.9,8950.2,1602.1,105.7,41.6,15.3,42.9,0.0,0.0,0.0,0.0,,
sanjose/Appendix B_201406031246341818.txt,SNELL AVE / BLOSSOM HILL RD,Vehicles,3/28/2013,00:00-24:00,5394.6,6785.8,1883.4,2138.5,13333.8,4600.0,2312.1,7522.4,5592.3,2341.7,6773.2,5763.3,110.2,137.1,52.0,173.8,0.0,0.0,0.0,0.0,,
sanjose/Appendix B_201406031246341818.txt,SNELL AVE / BRANHAM LN,Vehicles,3/27/2013,00:00-24:00,1640.2,6974.3,2786.9,1131.3,4944.2,1735.4,2009.7,7954.8,4551.9,4135.9,3955.8,1306.1,118.0,67.2,44.2,57.0,0.0,0.0,0.0,0.0,,
sanjose/Appendix B_201406031246341818.txt,SNELL AVE / CAPITOL EXPRESSWAY,Vehicles,9/13/2012,00:00-24:00,751.9,2816.2,8231.8,8165.4,26380.4,5164.7,6597.0,5106.9,6720.6,2222.0,16984.1,1970.7,967.4,526.5,50.2,475.4,0.0,0.0,0.0,0.0,,
sanjose/Appendix B_201406031246341818.txt,SNELL AVE / CHYNOWETH AVE,Vehicles,3/26/2013,00:00-24:00,789.2,9867.7,1595.9,2521.0,419.9,3745.1,2434.3,10558.7,159.9,228.4,371.5,918.8,21.3,173.5,94.4,27.1,0.0,0.0,0.0,0.0,,
sanjose/Appendix B_201406031246341818.txt,SNELL AVE / ROSENBAUM AVE,Vehicles,3/28/2013,00:00-24:00,1095.2,7636.6,398.3,981.8,340.3,726.4,595.1,9823.5,863.5,1003.2,227.5,1069.8,109.4,107.3,100.7,38.2,0.0,0.0,0.0,0.0,,
sanjose/Appendix B_201406031246341818.txt,SNELL AVE / SKYWAY DR,Vehicles,3/27/2013,00:00-24:00,144.0,6584.2,1880.2,1620.4,85.6,3193.8,2550.8,7645.2,108.2,229.6,117.1,265.3,137.7,94.3,5.4,189.8,0.0,0.0,0.0,0.0,,
sanjose/Appendix B_201406031246341818.txt,SNELL AVE / TRADEWINDS DR / AVENIDA DEL ROBLE,Vehicles,3/26/2013,00:00-24:00,158.2,12661.8,1052.8,1303.8,187.2,990.0,855.7,11975.4,240.4,123.7,126.9,99.1,125.7,111.1,115.4,117.7,0.0,0.0,0.0,0.0,,
sanjose/Appendix B_201406031246341818.txt,SR-87 NB ON-RAMP ONLY / ALMADEN EXPRESSWAY,Vehicles,9/27/2012,00:00-24:00,0.0,0.0,0.0,248.8,6973.3,0.0,0.0,0.0,0.0,0.0,14540.7,8391.6,0.0,0.0,0.0,0.0,0.0,0.0,0.0,0.0,,
sanjose/Appendix B_201406031246341818.txt,SR-87 NB RAMP - UNIFIED WY / CURTNER AVE / SR-87 NB RAMP,Vehicles,9/20/2012,00:00-24:00,176.8,0.0,41.7,5371.5,14999.5,0.0,4598.8,63.7,3723.0,0.0,13157.1,3001.7,0.0,0.0,88.9,0.0,0.0,0.0,0.0,0.0,,
sanjose/Appendix B_201406031246341818.txt,SR-87 SB RAMP / CAPITOL EXPRESSWAY,Vehicles,9/18/2012,00:00-24:00,7923.4,15.1,7701.0,0.0,26455.0,12266.3,0.0,0.0,0.0,4149.8,10366.5,0.0,240.5,0.0,303.2,107.4,0.0,0.0,0.0,0.0,,
sanjose/Appendix B_201406031246341818.txt,SR-87 SB RAMP / CURTNER AVE,Vehicles,9/20/2012,00:00-24:00,1606.4,0.0,4801.2,4855.2,14078.2,0.0,0.0,0.0,0.0,5152.3,10748.7,0.0,13.9,0.0,125.3,0.0,0.0,0.0,0.0,0.0,,
sanjose/Appendix B_201406031246341818.txt,STONE AVE / CURTNER AVE / COMMUNICATION HILL BLVD,Vehicles,9/20/2012,00:00-24:00,1953.6,49.7,370.5,727.7,16675.4,336.8,523.8,32.5,1157.7,762.1,15245.1,1827.8,31.2,68.3,103.5,0.0,0.0,0.0,0.0,0.0,,
sanjose/Appendix B_201406031246341818.txt,US-101 NB RAMPS / TULLY RD,Vehicles,4/10/2013,00:00-24:00,0.0,0.0,0.0,12054.7,15318.8,0.0,2783.9,0.0,2941.0,5137.6,28145.6,0.0,276.3,0.0,83.8,0.0,0.0,0.0,0.0,0.0,,
sanjose/Appendix B_201406031246341818.txt,US-101 NB RAMPS / TULLY RD,Vehicles,4/9/2013,00:00-24:00,0.0,0.0,0.0,21752.4,18984.5,0.0,2241.8,0.0,3209.3,9614.9,20486.3,0.0,339.1,0.0,248.6,0.0,0.0,0.0,0.0,0.0,,
sanjose/Appendix B_201406031246341818.txt,US-101 SB RAMPS / TULLY RD,Vehicles,4/10/2013,00:00-24:00,9511.1,0.0,15918.3,2811.6,15300.7,0.0,0.0,0.0,0.0,2743.5,17896.7,0.0,253.9,0.0,77.3,0.0,0.0,0.0,0.0,0.0,,
sanjose/Appendix B_201406031246341818.txt,US-101 SB RAMPS / TULLY RD,Vehicles,4/9/2013,00:00-24:00,8815.6,0.0,8803.5,3386.0,18629.8,0.0,0.0,0.0,0.0,3469.1,21323.5,0.0,337.7,0.0,268.1,0.0,0.0,0.0,0.0,0.0,,
sanjose/Appendix B_201406031246341818.txt,VISTA PARK DR / CAPITOL EXPRESSWAY,Vehicles,9/13/2012,00:00-24:00,420.9,713.2,1276.8,868.9,31022.5,1395.0,2483.1,904.0,3391.0,966.6,15943.0,575.8,125.6,68.2,67.6,108.2,0.0,0.0,0.0,0.0,,
sanjose/Appendix B_201406031246341818.txt,VISTAPARK DR / CAPITOL EXPRESSWAY,Vehicles,9/13/2012,00:00-24:00,173.3,1142.3,1879.5,622.5,14998.5,1935.6,1214.2,567.2,1874.1,2014.7,22660.2,987.2,124.3,85.9,52.7,91.8,0.0,0.0,0.0,0.0,,
sanjose/Appendix C - Transportation Impact Analysis_201405141129299445.txt,MONTEREY HEY / BERNAL RD (SOUTH),Vehicles,3/29/2012,00:00-24:00,0.0,3891.4,2000.7,0.0,0.0,0.0,5605.7,6429.9,0.0,0.0,0.0,0.0,10.7,13.9,19.8,0.0,0.0,0.0,0.0,0.0,,
sanjose/Appendix C - Transportation Impact Analysis_201405141129299445.txt,MONTEREY HWY / BERNAL RD (NORTH),Vehicles,3/29/2012,00:00-24:00,0.0,2928.8,2181.1,3051.3,0.0,3176.0,1808.9,4699.8,22.1,0.0,0.0,0.0,19.7,22.8,0.0,0.0,0.0,0.0,0.0,0.0,,
sanjose/Appendix C - Transportation Impact Analysis_201405141129299445.txt,MONTEREY RD / BERNAL RD (EAST),Vehicles,3/29/2012,00:00-24:00,3654.0,0.0,0.0,3372.4,16617.8,0.0,7780.3,0.0,0.0,0.0,12272.3,3128.1,0.0,0.0,0.0,0.0,0.0,0.0,0.0,0.0,,
sanjose/Appendix C - Transportation Impact Analysis_201405141129299445.txt,REALM DR / BERNAL RD,Vehicles,3/29/2012,00:00-24:00,78.0,77.1,665.5,791.0,6570.2,1846.6,394.5,19.9,38.4,70.0,7731.8,392.2,64.5,0.0,75.9,63.9,0.0,0.0,0.0,0.0,,
sanjose/Appendix C - Transportation Impact Analysis_201405141129299445.txt,SAN IGNACIO AVE / BERNAL RD,Vehicles,3/29/2012,00:00-24:00,635.6,1236.4,6431.3,4090.0,10307.9,2383.1,2730.2,1370.4,810.0,281.9,8339.3,634.4,23.3,48.3,48.9,79.9,0.0,0.0,0.0,0.0,,
sanjose/Appendix C - Transportation Impact Analysis_201405141129299445.txt,SAN IGNACIO AVE / GREAT OAKS BLVD,Vehicles,3/8/2012,00:00-24:00,42.8,2085.6,1622.6,147.6,3437.2,3180.9,2930.6,2915.3,1479.5,624.5,3178.9,62.0,13.3,29.2,82.2,57.6,0.0,0.0,0.0,0.0,,
sanjose/Appendix C - Transportation Impact Analysis_201405141129299445.txt,SILICON VALLEY BLVD / US-101 NB RAMPS,Vehicles,3/29/2012,00:00-24:00,0.0,0.0,0.0,2316.7,6409.1,0.0,593.7,2.8,4266.1,8673.7,9208.7,161.8,17.4,6.6,0.0,14.4,0.0,0.0,0.0,0.0,,
sanjose/Appendix C - Transportation Impact Analysis_201405141129299445.txt,SR-85 NB RAMPS / GREAT OAKS BLVD,Vehicles,3/8/2012,00:00-24:00,0.0,0.0,0.0,490.0,1642.9,0.0,0.0,0.0,0.0,0.0,2020.9,6310.1,4.5,0.0,0.0,0.0,0.0,0.0,0.0,0.0,,
sanjose/Appendix C - Transportation Impact Analysis_201405141129299445.txt,SR-85 RAMP / BERNAL RD,Vehicles,3/29/2012,00:00-24:00,3940.1,46.2,5771.8,0.0,16567.3,1086.4,0.0,0.0,0.0,1676.4,18563.4,0.0,9.6,0.0,0.0,8.9,0.0,0.0,0.0,0.0,,
sanjose/Appendix C - Transportation Impact Analysis_201405141129299445.txt,SR-85 SB RAMPS / GREAT OAKS BLVD,Vehicles,3/8/2012,00:00-24:00,7604.3,0.0,736.0,0.0,1637.5,0.0,0.0,0.0,0.0,0.0,7676.1,0.0,17.6,0.0,0.0,0.0,0.0,0.0,0.0,0.0,,
sanjose/Appendix C - Transportation Impact Analysis_201405141129299445.txt,US-101 SB RAMPS / BERNAL RD,Vehicles,3/29/2012,00:00-24:00,9105.4,0.0,3127.9,0.0,13956.4,0.0,0.0,0.0,0.0,0.0,16172.3,0.0,18.5,0.0,0.0,0.0,0.0,0.0,0.0,0.0,,
sanjose/Appendix C - Transportation Impact Analysis_201405141129299445.txt,VIA DEL ORO / BERNAL RD,Vehicles,3/29/2012,00:00-24:00,1184.1,75.2,1212.9,1672.2,7782.1,243.9,86.7,130.6,159.4,208.0,7727.9,850.1,66.5,4.5,74.7,48.9,0.0,0.0,0.0,0.0,,
sanjose/Appendix C - Transportation Impact Analysis_201405141129299445.txt,VIA DEL ORO / GREAT OAKS BLVD,Vehicles,3/8/2012,00:00-24:00,10.2,720.0,211.9,165.2,1838.1,1499.4,1128.1,927.7,621.6,490.3,2310.6,58.9,23.2,56.5,43.4,43.0,0.0,0.0,0.0,0.0,,
sanjose/Appendix C - Transportation Impact Analysis_201405141129299445.txt,VIA DEL ORO / SAN IGNACIO AVE,Vehicles,3/8/2012,00:00-24:00,190.1,383.2,464.7,2104.0,2354.2,86.1,161.9,982.8,441.5,490.2,3558.7,717.7,69.8,38.2,16.8,42.5,0.0,0.0,0.0,0.0,,
sanjose/Appendix C.txt,I-280 SB RAMPS / MOORPARK AVE,Vehicles,9/27/2011,00:00-24:00,387.3,0.0,9884.7,0.0,8489.7,0.0,0.0,0.0,0.0,0.0,10116.3,0.0,0.0,0.0,97.7,135.4,0.0,0.0,0.0,0.0,,
sanjose/Appendix C.txt,I-880 SB RAMPS / STEVENS CREEK BLVD,Vehicles,9/27/2011,00:00-24:00,12200.2,0.0,0.0,2243.8,22254.0,0.0,1399.1,0.0,0.0,5971.5,9433.8,0.0,34.8,0.0,85.8,0.0,0.0,0.0,0.0,0.0,,
sanjose/Appendix C.txt,SAN TOMAS EXPWY / STEVENS CREEK BLVD,Vehicles,9/27/2011,00:00-24:00,608.9,10782.5,2128.9,1489.7,17778.3,3365.0,2902.1,33346.3,4482.0,1311.4,3644.1,964.0,121.5,0.0,75.9,72.1,0.0,0.0,0.0,0.0,,
sanjose/Appendix C.txt,WINCHESTER BLVD / STEVENS CREEK BLVD,Vehicles,9/27/2011,00:00-24:00,1387.2,3795.7,1486.9,1126.9,20057.6,4743.1,3393.9,7900.7,2244.4,1683.3,5836.7,1587.5,43.3,121.2,105.8,63.8,0.0,0.0,0.0,0.0,,
sanjose/EVC-DEIR-Volume-II-Apx.txt,NIEMAN BLVD / YERBA BUENA RD / SILVER CREEK VALLEY RD,Vehicles,10/25/2011,00:00-24:00,331.5,1804.9,1011.9,854.9,7643.3,2529.5,2995.9,1514.6,1933.8,2663.8,8340.3,195.0,13.5,13.2,0.0,0.0,0.0,0.0,0.0,0.0,,
sanjose/EVC-DEIR-Volume-II-Apx.txt,SILVER CREEK RD / CAPITOL EXPWY,Vehicles,10/25/2011,00:00-24:00,4681.0,3395.1,467.2,108.7,33399.4,1326.4,1999.4,5698.4,9175.7,3715.3,27036.7,8307.2,138.5,564.4,0.0,0.0,0.0,0.0,0.0,0.0,,
sanjose/EVC-DEIR-Volume-II-Apx.txt,WHITE RD / ABORN RD,Vehicles,10/25/2011,00:00-24:00,4142.0,6965.7,1904.1,1397.5,5833.9,2917.6,971.0,5359.7,4267.2,4988.1,8101.9,5695.2,181.5,39.4,85.5,128.0,0.0,0.0,0.0,0.0,,
sanjose/EVC_FMP_V2.txt,Byington Dr -- Yerba Buena Rd / San Jose  CA,x,Wed  Sep 14 2011,00:00-24:00,707.6,5.8,338.2,219.0,12841.7,160.5,213.9,5.8,90.4,126.1,16931.0,438.5,52.5,17.0,61.4,0.0,17.0,0.0,0.0,0.0,,
sanjose/EVC_FMP_V2.txt,Capitol Expy -- Aborn Rd / San Jose  CA,x,Wed  Sep 14 2011,00:00-24:00,693.9,17270.6,3695.3,1735.8,7378.8,11570.0,11367.3,19258.6,2487.7,1881.7,3731.2,2150.1,82.6,110.0,180.6,78.7,0.0,0.0,13.1,23.5,,
sanjose/EVC_FMP_V2.txt,Nieman Blvd -- Aborn Rd / San Jose  CA,x,Wed  Sep 14 2011,00:00-24:00,1351.4,2119.9,3196.5,4264.1,16547.9,2103.1,1888.7,2418.6,1249.5,822.7,15795.6,283.4,158.3,95.4,95.4,54.9,47.1,0.0,0.0,0.0,,
sanjose/EVC_FMP_V2.txt,Nieman Blvd -- Yerba Buena Rd / San Jose  CA,x,Wed  Sep 14 2011,00:00-24:00,1533.7,2837.4,1365.0,1717.8,11855.9,2852.8,6150.3,4309.8,3481.6,2331.3,12776.1,383.4,23.0,23.0,23.0,69.0,0.0,0.0,0.0,0.0,,
sanjose/EVC_FMP_V2.txt,San Felipe Rd -- Aborn Rd / San Jose  CA,x,Wed  Sep 14 2011,00:00-24:00,7390.0,7176.0,1141.3,2525.2,14123.7,2011.6,1255.4,7147.5,5849.2,5877.8,6291.5,5207.2,58.6,78.2,19.5,117.3,19.5,39.1,0.0,0.0,,
sanjose/EVC_FMP_V2.txt,San Felipe Rd -- Delta Rd / San Jose  CA,x,Wed  Sep 14 2011,00:00-24:00,11.7,12063.8,1593.5,2061.8,5.8,3586.8,2416.9,7525.5,29.2,0.0,0.0,0.0,62.6,74.5,0.0,0.0,0.0,48.3,0.0,26.2,,
sanjose/EVC_FMP_V2.txt,San Felipe Rd -- Fowler Rd / San Jose  CA,x,Wed  Sep 14 2011,00:00-24:00,0.0,13542.1,1833.9,1943.8,0.0,1173.5,1142.7,8978.9,167.2,0.0,0.0,0.0,36.4,49.5,0.0,0.0,0.0,37.9,0.0,13.1,,
sanjose/EVC_FMP_V2.txt,San Felipe Rd -- Paseo de Arboles / San Jose  CA,x,Wed  Sep 14 2011,00:00-24:00,5.8,11715.8,3905.8,844.2,0.0,903.4,3160.5,9288.2,559.7,0.0,0.0,0.0,41.7,330.0,0.0,0.0,0.0,45.9,0.0,13.1,,
sanjose/EVC_FMP_V2.txt,San Felipe Rd -- Yerba Buena Ave / San Jose  CA,x,Wed  Sep 14 2011,00:00-24:00,2574.4,12655.7,5.8,0.0,0.0,0.0,0.0,9198.4,1169.5,1309.0,0.0,2539.6,0.0,0.0,35.9,0.0,0.0,65.3,0.0,13.1,,
sanjose/EVC_FMP_V2.txt,San Felipe Rd -- Yerba Buena Rd / San Jose  CA,x,Wed  Sep 14 2011,00:00-24:00,5574.3,3125.5,2640.7,1355.5,4416.4,1315.9,1047.3,4768.5,2999.5,2693.0,7471.6,7022.9,215.8,365.7,0.0,10.4,10.4,6.6,6.6,0.0,,
sanjose/EVC_FMP_V2.txt,Silver Creek Rd -- Capitol Expy / San Jose  CA,x,Wed  Sep 14 2011,00:00-24:00,4463.4,3949.3,1110.0,595.9,24759.0,2570.5,1425.5,3259.9,4253.1,6134.2,29257.4,8015.4,183.6,498.3,118.0,393.4,39.3,13.1,26.2,0.0,,
sanjose/EVC_FMP_V2.txt,Silver Creek Rd -- Yerba Buena Rd / San Jose  CA,x,Wed  Sep 14 2011,00:00-24:00,2360.9,375.6,2619.1,2934.8,11702.5,466.9,541.3,452.0,466.9,530.3,12551.3,2351.3,6.6,34.0,17.0,72.1,19.7,0.0,0.0,0.0,,
sanjose/EVC_FMP_V2.txt,US 101 NB Off-Ramp -- Yerba Buena Rd / San Jose  CA,x,Wed  Sep 14 2011,00:00-24:00,931.4,7.2,2489.1,5180.8,10938.0,5.8,13.0,11.7,0.0,0.0,13917.6,2077.9,19.7,0.0,69.4,0.0,40.5,0.0,26.2,0.0,,
sanjose/EVC_FMP_V2.txt,US 101 SB Off-Ramp -- Yerba Buena Rd / San Jose  CA,x,Wed  Sep 14 2011,00:00-24:00,1753.6,229.2,7921.9,0.0,7231.8,4867.0,0.0,0.0,0.0,1260.1,7951.4,0.0,19.7,0.0,52.5,0.0,54.9,0.0,13.1,0.0,,
sanjose/Volume II - Appendices.txt,NIEMAN BLVD / YERBA BUENA RD / SILVER CREEK VALLEY RD,Vehicles,10/25/2011,00:00-24:00,331.5,1804.9,1011.9,854.9,7643.3,2529.5,2995.9,1514.6,1933.8,2663.8,8340.3,195.0,13.5,13.2,0.0,0.0,0.0,0.0,0.0,0.0,,
sanjose/Volume II - Appendices.txt,SILVER CREEK RD / CAPITOL EXPWY,Vehicles,10/25/2011,00:00-24:00,4681.0,3395.1,467.2,108.7,33399.4,1326.4,1999.4,5698.4,9175.7,3715.3,27036.7,8307.2,138.5,564.4,0.0,0.0,0.0,0.0,0.0,0.0,,
sanjose/Volume II - Appendices.txt,WHITE RD / ABORN RD,Vehicles,10/25/2011,00:00-24:00,4142.0,6965.7,1904.1,1397.5,5833.9,2917.6,971.0,5359.7,4267.2,4988.1,8101.9,5695.2,181.5,39.4,85.5,128.0,0.0,0.0,0.0,0.0,,
sanjose/VolumeII.txt,BASCOM AVE / FRUITDALE AVE / ENBORG LN,Vehicles,9/15/2011,00:00-24:00,720.6,8220.1,2857.8,5541.3,1915.4,1979.9,1601.6,11817.0,1263.9,1022.8,1110.9,736.3,523.0,617.8,12.7,110.5,0.0,0.0,0.0,0.0,,
sanjose/VolumeII.txt,BASCOM AVE / KINGMAN AVE / DRIVEWAY,Vehicles,9/15/2011,00:00-24:00,296.8,11165.6,1095.0,389.1,3.4,221.7,1887.3,15756.3,88.9,0.0,0.0,0.0,26.0,472.9,8.1,96.9,0.0,0.0,0.0,0.0,,
sanjose/VolumeII.txt,BASCOM AVE / MOORPARK AVE,Vehicles,9/15/2011,00:00-24:00,5604.7,10313.0,4142.5,0.0,0.0,0.0,3719.2,8345.8,3800.9,2887.5,9634.5,1356.6,91.3,234.4,265.6,551.3,0.0,0.0,0.0,0.0,,
sanjose/VolumeII.txt,BASCOM AVE / PARKMOOR AVE,Vehicles,9/15/2011,00:00-24:00,210.3,11716.6,0.0,2793.9,1747.0,8201.8,0.0,9939.9,64.7,217.8,0.0,65.3,20.1,208.7,11.7,108.1,0.0,0.0,0.0,0.0,,
sanjose/VolumeII.txt,BASCOM AVE / RENOVA DR,Vehicles,9/15/2011,00:00-24:00,964.7,12089.6,460.5,321.6,48.9,155.7,212.1,15177.0,1136.4,604.5,49.5,418.9,11.9,372.2,677.6,673.2,0.0,0.0,0.0,0.0,,
sanjose/VolumeII.txt,BASCOM AVE / SAN CARLOS ST,Vehicles,9/14/2011,00:00-24:00,1153.4,9720.8,2786.0,1250.1,5411.1,2533.4,2578.9,5501.5,2395.0,2083.2,7399.9,920.5,229.2,336.2,263.6,150.6,0.0,0.0,0.0,0.0,,
sanjose/VolumeII.txt,BASCOM AVE / SAN CARLOS ST,Vehicles,9/15/2011,00:00-24:00,667.3,5412.9,1214.7,2689.3,11138.4,2095.7,1158.0,13129.4,3709.7,1508.1,3279.0,977.0,192.2,432.5,7.9,107.2,0.0,0.0,0.0,0.0,,
sanjose/VolumeII.txt,LEIGH AVE / FRUITDALE AVE,Vehicles,9/14/2011,00:00-24:00,2971.9,2817.6,571.8,444.7,6395.9,221.3,165.2,2492.3,1318.8,597.7,3601.8,1955.7,125.9,86.7,315.4,689.0,0.0,0.0,0.0,0.0,,
sanjose/VolumeII.txt,LEIGH AVE / MOORPARK AVE,Vehicles,9/14/2011,00:00-24:00,0.0,5186.7,2705.0,0.0,0.0,0.0,1955.4,4084.1,0.0,3720.8,13401.1,1481.0,49.8,159.8,383.3,341.9,0.0,0.0,0.0,0.0,,
sanjose/VolumeII.txt,LEIGH AVE / PARKMOOR AVE,Vehicles,9/15/2011,00:00-24:00,1039.3,3081.3,0.0,1448.5,13073.1,4737.8,0.0,2573.0,3013.2,0.0,0.0,0.0,92.2,132.8,6.2,212.4,0.0,0.0,0.0,0.0,,
sanjose/VolumeII.txt,LEIGH AVE / SAN CARLOS ST,Vehicles,9/14/2011,00:00-24:00,482.7,1587.1,684.0,189.5,9725.6,1126.9,586.0,1234.0,1476.2,409.6,8288.5,736.4,203.2,228.9,357.6,258.5,0.0,0.0,0.0,0.0,,
sanjose/VolumeII.txt,LEIGH AVE / SCOTT ST,Vehicles,9/14/2011,00:00-24:00,205.6,2426.2,143.8,624.8,1226.6,964.4,637.6,2589.3,621.2,556.6,677.2,146.5,85.2,60.1,74.0,73.4,0.0,0.0,0.0,0.0,,
sanjose/VolumeII.txt,LELAND AVE / MOORPARK AVE,Vehicles,9/14/2011,00:00-24:00,0.0,0.0,1294.3,0.0,0.0,0.0,516.6,0.0,0.0,1148.3,16453.0,3242.8,99.7,0.0,177.3,596.2,0.0,0.0,0.0,0.0,,
sanjose/VolumeII.txt,LELAND AVE / PARKMOOR AVE,Vehicles,9/14/2011,00:00-24:00,1083.1,810.0,0.0,521.6,15788.3,505.3,0.0,1120.2,2294.1,0.0,0.0,0.0,51.6,79.3,3.1,390.7,0.0,0.0,0.0,0.0,,
sanjose/VolumeII.txt,SHERMAN OAKS AVE / FRUITDALE AVE,Vehicles,9/14/2011,00:00-24:00,130.2,0.0,223.3,293.0,7371.7,0.0,0.0,0.0,0.0,0.0,5735.5,84.1,109.0,0.0,0.0,6.6,0.0,0.0,0.0,0.0,,
sanjose/VolumeII.txt,SHERMAN OAKS DR / FRUITDALE AVE,Vehicles,9/14/2011,00:00-24:00,165.7,0.0,339.1,455.2,13023.5,0.0,0.0,0.0,0.0,0.0,5162.1,127.5,281.8,41.6,1126.1,46.2,0.0,0.0,0.0,0.0,,
sanjose/VolumeII.txt,SOUTHWEST EXPWY / FRUITDALE AVE,Vehicles,9/14/2011,00:00-24:00,4027.3,5915.7,1726.2,635.9,3087.7,768.7,1208.4,8737.2,157.2,84.7,2719.6,1959.7,166.5,122.6,449.1,44.0,0.0,0.0,0.0,0.0,,
sanjose/appendix_e_201211161747311172.txt,SR-85 SB RAMP / SAMARITAN DR,Vehicles,6/6/2012,00:00-24:00,1134.7,0.0,8065.9,0.0,4372.5,0.0,0.0,0.0,0.0,0.0,3875.3,0.0,0.0,0.0,0.0,0.0,0.0,0.0,0.0,0.0,,
sanjose/appendix_e_201211161747311172.txt,UNION AVE / CHARMERAN AVE,Vehicles,6/6/2012,00:00-24:00,246.6,11435.4,358.4,615.8,418.2,646.2,574.2,9139.8,338.9,376.3,307.7,257.7,27.6,58.6,3.4,65.2,0.0,0.0,0.0,0.0,,
sanjose/appendix_e_201211161747311172.txt,UNION AVE / COLE DR / LOGIC DR,Vehicles,12/6/2011,00:00-24:00,1303.0,10031.6,546.4,655.1,579.1,2439.4,568.0,11932.4,4514.7,86.2,23.5,145.0,0.0,13.9,23.2,50.9,0.0,0.0,0.0,0.0,,
sanjose/appendix_e_201211161747311172.txt,UNION AVE / COLE DR / LOGIC DR,Vehicles,6/6/2012,00:00-24:00,175.1,12461.4,981.5,339.4,17.9,952.6,987.2,9403.1,541.6,719.9,250.0,943.3,53.0,0.0,6.7,39.9,0.0,0.0,0.0,0.0,,
sanjose/appendix_e_201211161747311172.txt,UNION AVE / SAMARITAN DR,Vehicles,12/6/2011,00:00-24:00,5100.8,5010.3,2217.9,0.0,0.0,0.0,2845.5,12350.7,2711.5,4350.0,1120.0,5174.2,0.0,27.9,20.6,37.7,0.0,0.0,0.0,0.0,,
sanjose/appendix_e_201211161747311172.txt,UNION AVE / SAMARITAN DR,Vehicles,6/6/2012,00:00-24:00,1397.2,8544.3,2876.7,0.0,0.0,0.0,1385.1,6964.6,287.4,5961.1,1471.2,5603.7,0.0,44.6,26.4,19.9,0.0,0.0,0.0,0.0,,
sanjose/appendix_e_201211161747311172.txt,UNION AVE / SR-85 NB RAMP,Vehicles,6/6/2012,00:00-24:00,4403.3,10434.2,0.0,0.0,0.0,0.0,0.0,7947.6,4510.3,2540.1,0.0,2887.0,0.0,0.0,0.0,84.9,0.0,0.0,0.0,0.0,,
sanjose/appendix_e_201211161747311172.txt,UNION AVE / SR-85 NB RAMPS,Vehicles,12/6/2011,00:00-24:00,2425.5,9011.2,0.0,0.0,0.0,0.0,0.0,13597.6,5855.4,3546.1,0.0,3304.2,0.0,0.0,0.0,60.1,0.0,0.0,0.0,0.0,,
