mcallen/2009/10th_-_Ash_TMC_(2009).txt,10TH / ASH,Unshifted,3/17/2009,00:00-24:00,74.3,7750.8,132.9,155.4,0.0,6.9,279.0,6997.3,51.8,56.0,0.0,19.4,0.0,0.0,0.0,0.0,0.0,0.0,0.0,0.0,,
mcallen/2009/10th_-_Bus_83_TMC_(2009)_(2).txt,10TH / BUS 83,Unshifted,3/17/2009,00:00-24:00,1405.6,9439.9,1472.2,1054.8,9060.0,1425.9,1170.7,8333.6,1387.8,1398.7,11400.1,1780.0,0.0,0.0,0.0,0.0,0.0,0.0,0.0,0.0,,
mcallen/2009/10th_-_Bus_83_TMC_(2009)_(2).txt,10TH / BUS,Unshifted,3/17/2009,00:00-24:00,646.2,3246.6,776.9,626.0,5812.5,1359.5,620.7,3727.2,669.6,921.5,5159.3,862.5,0.0,0.0,0.0,0.0,0.0,0.0,0.0,0.0,,
mcallen/2009/10th_-_Bus_83_TMC_(2009)_AM.txt,10TH / BIUS,Unshifted,1/26/2009,00:00-24:00,656.3,5408.9,1318.5,1100.2,6584.7,1483.1,565.4,5251.6,1608.5,1594.5,7052.1,809.3,0.0,0.0,0.0,0.0,0.0,0.0,0.0,0.0,,
mcallen/2009/10th_-_Bus_83_TMC_(2009)_PM.txt,10TH / BUS 83,Unshifted,1/26/2009,00:00-24:00,1190.5,6235.3,1199.8,993.2,7247.9,1591.1,1243.0,6444.7,1565.4,1810.0,8498.2,1476.4,0.0,0.0,0.0,0.0,0.0,0.0,0.0,0.0,,
mcallen/2009/10th_-_Bus_83_TMC_(November_2009)_12pm_to_1pm.txt,10 / US 83,Unshifted,11/24/2009,00:00-24:00,1691.1,9173.9,1591.0,1496.6,9169.0,2541.0,2012.0,8302.9,1931.7,2476.3,10721.6,2219.1,0.0,0.0,0.0,0.0,0.0,0.0,0.0,0.0,,
mcallen/2009/10th_-_Chicago_TMC_(2009).txt,10TH / CHICAGO,Unshifted,4/14/2009,00:00-24:00,639.2,6972.8,155.7,132.3,150.5,53.4,71.6,6276.8,379.5,521.8,166.3,388.2,0.0,0.0,0.0,0.0,0.0,0.0,0.0,0.0,,
mcallen/2009/10th_-_Dallas_TMC_(2009).txt,10TH / DALLAS,Unshifted,4/16/2009,00:00-24:00,48.9,8023.0,333.2,809.7,5.6,1128.2,800.7,7236.9,163.8,84.4,0.0,42.5,0.0,0.0,0.0,0.0,0.0,0.0,0.0,0.0,,
mcallen/2009/10th_-_Fern_(El_Dorado)_2009_TMC_AM.txt,10TH / FERN AVE,Unshifted,4/23/2009,00:00-24:00,266.8,12124.8,414.7,484.7,697.5,955.6,999.0,9285.2,218.1,158.0,625.9,487.8,0.0,0.0,0.0,0.0,0.0,0.0,0.0,0.0,,
mcallen/2009/10th_-_Fern_(El_Dorado)_2009_TMC_PM.txt,10 TH / FERN,Unshifted,4/23/2009,00:00-24:00,311.2,10200.2,423.2,714.9,801.1,1121.7,1040.2,11994.2,379.8,326.8,626.5,448.4,0.0,0.0,0.0,0.0,0.0,0.0,0.0,0.0,,
mcallen/2009/10th_-_Frontage_2009_TMC_AM_North_of_Expressway.txt,10TH / FRONTAGE,Unshifted,8/25/2009,00:00-24:00,2215.8,5690.7,16.8,2957.9,1947.2,3948.9,0.0,8730.1,2755.2,0.0,0.0,0.0,13.9,0.0,0.0,0.0,0.0,0.0,0.0,0.0,,
mcallen/2009/10th_-_Frontage_2009_TMC_AM_South_of_Expressway.txt,10TH / EXP 83 SOUTH,Unshifted,8/25/2009,00:00-24:00,0.0,7463.6,2698.9,0.0,0.0,0.0,1423.0,6103.3,0.0,1948.0,3136.8,5313.1,0.0,0.0,0.0,0.0,0.0,0.0,0.0,0.0,,
mcallen/2009/10th_-_Frontage_2009_TMC_PM_North_of_Expressway.txt,10 / FRONTAGE,Unshifted,8/25/2009,00:00-24:00,3873.6,8620.4,0.0,2163.0,2279.9,4413.6,0.0,7770.0,3691.1,0.0,0.0,0.0,0.0,0.0,0.0,0.0,0.0,0.0,0.0,0.0,,
mcallen/2009/10th_-_Frontage_2009_TMC_PM_South_of_Expressway.txt,10TH / EXP 83 SOUTH,Unshifted,8/25/2009,00:00-24:00,0.0,9643.1,4210.5,0.0,0.0,0.0,3174.4,7825.0,0.0,1544.3,3763.0,3732.0,0.0,0.0,0.0,0.0,0.0,0.0,0.0,0.0,,
mcallen/2009/10th_-_Hackberry_2009_TMC_AM.txt,10 TH / HACKBERRY,Unshifted,4/29/2009,00:00-24:00,1223.2,6723.5,757.1,384.9,3119.4,258.1,262.8,6033.8,1115.4,419.9,1957.5,855.5,0.0,0.0,0.0,0.0,0.0,0.0,0.0,0.0,,
mcallen/2009/10th_-_Hackberry_2009_TMC_PM.txt,10 / HACKBERRY,Unshifted,4/29/2009,00:00-24:00,446.7,7252.8,277.4,413.0,2737.7,462.6,91.7,7607.0,354.1,92.5,2909.8,930.4,0.0,0.0,0.0,0.0,0.0,0.0,0.0,0.0,,
mcallen/2009/10th_-_Harvey_TMC_(2009).txt,10TH / HARVEY,Unshifted,3/3/2009,00:00-24:00,601.2,10932.4,1035.7,1023.2,1899.8,569.6,347.5,10210.9,266.3,354.1,1417.2,770.8,0.0,0.0,0.0,9.6,0.0,0.0,0.0,0.0,,
mcallen/2009/10th_-_Houston_TMC_(2009).txt,10TH / HOUSTON,Unshifted,3/11/2009,00:00-24:00,652.9,7905.0,787.5,384.5,1538.7,204.1,608.5,7462.8,797.1,997.9,1580.0,510.4,0.0,0.0,0.0,0.0,0.0,0.0,0.0,0.0,,
mcallen/2009/10th_-_Jackson_2009_TMC_AM.txt,10TH / JACKSON,Unshifted,5/4/2009,00:00-24:00,567.0,6013.6,651.7,731.3,2074.6,446.8,468.4,8448.5,1165.5,1778.6,1851.7,690.5,0.0,0.0,0.0,0.0,0.0,0.0,0.0,0.0,,
mcallen/2009/10th_-_Jackson_2009_TMC_PM.txt,10 / JACKSON,Unshifted,5/4/2009,00:00-24:00,497.3,11172.0,1726.0,755.9,2891.0,926.9,612.7,9380.0,1670.0,2132.3,2429.6,455.5,0.0,12.2,0.0,48.8,0.0,0.0,0.0,0.0,,
mcallen/2009/10th_-_La_Vista_TMC_(2009).txt,10TH / LA VISTA,Unshifted,4/1/2009,00:00-24:00,217.0,10994.8,692.8,947.1,1414.2,649.5,359.9,10022.4,312.5,328.3,1354.6,467.6,0.0,15.5,0.0,0.0,0.0,0.0,0.0,0.0,,
mcallen/2009/10th_-_Pecan_2009_TMC_AM.txt,10 / PECAN,Unshifted,1/27/2009,00:00-24:00,1641.8,8674.2,1837.5,668.6,8469.8,1889.4,908.4,6194.0,1374.9,1194.2,8778.0,2134.5,0.0,19.1,0.0,0.0,0.0,0.0,0.0,0.0,,
mcallen/2009/10th_-_Pecan_2009_TMC_PM.txt,10 / PECAN,Unshifted,1/27/2009,00:00-24:00,1633.0,7564.8,1364.5,1248.5,6952.2,1314.6,926.3,8776.7,1286.2,943.7,7277.4,2093.6,0.0,0.0,0.0,0.0,0.0,0.0,0.0,0.0,,
mcallen/2009/10th_-_Robin_TMC_2009_AM.txt,10TH / ROBIN,Unshifted,4/28/2009,00:00-24:00,365.5,11903.9,540.0,398.8,26.0,635.8,365.1,9153.7,685.0,865.3,56.3,270.1,0.0,0.0,0.0,0.0,0.0,0.0,0.0,0.0,,
mcallen/2009/10th_-_Robin_TMC_2009_PM.txt,10 TH / ROBIN,Unshifted,4/28/2009,00:00-24:00,311.5,10370.2,566.0,497.9,219.3,1047.8,725.8,12754.6,1081.9,624.4,68.5,313.3,0.0,0.0,0.0,0.0,0.0,0.0,0.0,0.0,,
mcallen/2009/10th_-_Savannah_(2009)_AM.txt,10TH / SAVANNAH,Unshifted,4/8/2009,00:00-24:00,42.3,6621.8,2164.8,1793.9,53.7,566.3,493.3,5596.4,41.5,15.6,0.0,14.8,0.0,0.0,0.0,0.0,0.0,0.0,0.0,0.0,,
mcallen/2009/10th_-_Savannah_(2009)_PM.txt,10TH / SAVANNAH,Unshifted,4/8/2009,00:00-24:00,44.5,10255.7,1434.2,3272.7,307.2,2966.8,1143.4,9176.8,23.1,47.6,0.0,0.0,0.0,0.0,24.4,0.0,0.0,0.0,0.0,0.0,,
mcallen/2009/10th_-_Tamarack_TMC_(2009)_AM.txt,10TH / TAMARACK,Unshifted,4/6/2009,00:00-24:00,506.2,11455.6,285.1,470.5,948.7,288.1,67.5,8437.9,316.5,458.3,912.2,293.2,0.0,0.0,0.0,0.0,0.0,0.0,0.0,0.0,,
mcallen/2009/10th_-_Tamarack_TMC_(2009)_PM.txt,10TH / TAMARACK,Unshifted,4/6/2009,00:00-24:00,336.1,10449.7,323.0,355.1,1008.0,395.0,414.5,12528.2,577.1,473.2,1193.5,724.6,12.2,0.0,0.0,0.0,0.0,0.0,0.0,0.0,,
mcallen/2009/10th_-_Trenton_June_2009_TMC_AM.txt,10TH / TRENTON,Unshifted,6/3/2009,00:00-24:00,448.5,7328.4,3228.8,2170.9,5345.6,2339.8,2326.4,5755.6,2799.9,3678.9,12356.6,2760.2,0.0,59.1,0.0,0.0,0.0,0.0,0.0,0.0,,
mcallen/2009/10th_-_Trenton_June_2009_TMC_PM.txt,10 / TRENTON,Unshifted,6/3/2009,00:00-24:00,2593.9,7785.5,2613.2,573.9,12946.1,4562.2,2475.8,8562.4,3337.8,673.1,10113.7,3237.3,0.0,0.0,0.0,0.0,0.0,0.0,0.0,0.0,,
mcallen/2009/10th_-_Trenton_TMC_(2009).txt,10TH / TRENTON,Unshifted,1/28/2009,00:00-24:00,1452.9,8543.6,2644.7,1363.8,11494.0,4127.4,2257.7,7532.2,3025.5,2990.1,14065.8,4197.0,0.0,6.2,0.0,0.0,0.0,0.0,0.0,0.0,,
mcallen/2009/10th_-_Uvalde_TMC_(2009).txt,10 / UVALDE,Unshifted,4/1/2009,00:00-24:00,511.2,6502.2,322.2,460.0,28.2,247.9,213.0,6074.6,154.3,127.6,13.0,831.0,0.0,0.0,0.0,0.0,0.0,0.0,0.0,0.0,,
mcallen/2009/10th_-_Violet_TMC_(2009).txt,10TH / VIOLET,Unshifted,4/9/2009,00:00-24:00,24.7,12723.5,992.4,1263.2,0.0,1062.1,777.4,11027.1,43.1,0.0,0.0,0.0,0.0,12.3,0.0,0.0,0.0,0.0,0.0,0.0,,
mcallen/2009/10th_-_Wichita_TMC_(2009).txt,10TH / WICHITA,Unshifted,4/8/2009,00:00-24:00,977.0,4491.7,532.6,615.5,1897.6,246.6,139.1,4075.8,1611.5,1486.6,1645.6,1171.0,6.6,0.0,0.0,0.0,0.0,0.0,0.0,0.0,,
mcallen/2009/10th_-_Zinnia_TMC_2009_AM.txt,10TH / ZINNHA,Unshifted,6/17/2009,00:00-24:00,1015.7,11586.0,549.2,262.2,256.8,382.1,242.1,6389.0,271.7,200.7,487.2,1553.7,0.0,64.4,0.0,0.0,0.0,0.0,0.0,0.0,,
mcallen/2009/10th_-_Zinnia_TMC_2009_PM.txt,10TH / ZINNIA,Unshifted,6/17/2009,00:00-24:00,1752.9,12215.7,421.1,650.0,495.3,348.9,497.8,13570.0,207.5,228.4,528.6,2107.6,0.0,0.0,0.0,0.0,0.0,0.0,0.0,0.0,,
mcallen/2009/11th_-_Bus_83_TMC_(2009).txt,11 / BUS,Unshifted,3/12/2009,00:00-24:00,385.6,69.2,218.0,380.0,9316.9,102.1,71.1,56.3,13.0,235.5,9618.8,240.6,0.0,21.5,0.0,0.0,0.0,0.0,0.0,0.0,,
mcallen/2009/11th_-_Bus_83_TMC_(2009).txt,11TH / BUS 83,Unshifted,3/12/2009,00:00-24:00,275.6,143.7,173.1,301.7,9293.6,58.5,241.4,116.1,23.1,174.6,10926.6,115.1,0.0,0.0,0.0,13.1,0.0,0.0,0.0,0.0,,
mcallen/2009/11th_-_Bus_83_TMC_(2009)_12pm_to_1pm.txt,11TH / BUS 83,Unshifted,11/17/2009,00:00-24:00,482.6,193.8,241.4,385.6,12468.3,258.0,257.8,112.6,96.5,499.7,14708.7,321.6,0.0,0.0,0.0,0.0,0.0,0.0,0.0,0.0,,
mcallen/2009/12th_-_Bus_83_TMC_(2009).txt,12TH / BUS 83,Unshifted,3/12/2009,00:00-24:00,201.7,7.9,244.6,221.5,9162.5,7.9,836.4,681.5,827.6,0.0,9365.6,131.7,0.0,0.0,0.0,0.0,0.0,0.0,0.0,0.0,,
mcallen/2009/12th_-_Bus_83_TMC_(2009)_12pm_to_1pm.txt,12TH / BUS 83,Unshifted,11/17/2009,00:00-24:00,160.7,0.0,96.2,128.7,12983.2,0.0,2302.9,1094.1,2201.9,0.0,13372.2,96.6,0.0,0.0,0.0,0.0,0.0,0.0,0.0,0.0,,
mcallen/2009/12th_-_Pecan_TMC_2009_AM.txt,12 / PECAN,Unshifted,3/24/2009,00:00-24:00,575.0,654.3,173.2,283.5,11128.3,626.2,964.6,328.6,611.0,621.9,9907.6,316.4,0.0,0.0,0.0,0.0,0.0,0.0,0.0,0.0,,
mcallen/2009/12th_-_Pecan_TMC_2009_PM.txt,12 / PECAN,Unshifted,3/24/2009,00:00-24:00,561.8,343.2,264.2,232.9,9763.3,176.2,553.6,299.5,364.4,171.0,9873.0,297.8,0.0,0.0,0.0,0.0,0.0,0.0,0.0,0.0,,
mcallen/2009/13th_(Broadway)_-_Bus_83_TMC_(2009).txt,BROADWAY / BUS 83,Unshifted,3/10/2009,00:00-24:00,199.3,1036.9,456.3,406.0,8576.5,359.5,0.0,0.0,0.0,990.2,8475.9,262.4,0.0,0.0,0.0,0.0,0.0,0.0,0.0,0.0,,
mcallen/2009/13th_(Broadway)_-_Bus_83_TMC_(2009).txt,BROADWAY / BUS8,Unshifted,3/10/2009,00:00-24:00,229.8,604.4,456.5,424.2,9217.5,1491.9,11.1,0.0,0.0,1338.8,9534.1,171.1,0.0,13.1,0.0,0.0,0.0,0.0,0.0,0.0,,
mcallen/2009/13th_(Broadway)_-_Bus_83_TMC_(November_2009)_12pm_to_1pm.txt,BROADWAY / BUS 83,Unshifted,11/19/2009,00:00-24:00,353.2,1063.2,354.0,610.9,11685.6,2508.7,0.0,0.0,0.0,3008.8,11664.5,354.0,0.0,0.0,0.0,0.0,0.0,0.0,0.0,0.0,,
mcallen/2009/15th_-_Business_83_2009_TMC_AM.txt,15 / US 83,Unshifted,4/20/2009,00:00-24:00,183.2,187.3,159.0,1033.8,8259.3,1664.6,0.0,0.0,0.0,1319.1,8965.0,854.4,0.0,0.0,0.0,0.0,0.0,0.0,0.0,0.0,,
mcallen/2009/15th_-_Business_83_2009_TMC_PM.txt,15TH / BUS 83,Unshifted,4/20/2009,00:00-24:00,262.8,336.2,387.3,255.1,10083.2,2031.1,0.0,0.0,0.0,2697.1,9523.3,417.6,0.0,13.4,0.0,49.8,0.0,0.0,0.0,0.0,,
mcallen/2009/16th_-_Bus_83_TMC_(2009).txt,16 / BUS 83,Unshifted,3/3/2009,00:00-24:00,613.5,0.0,163.9,163.6,9346.2,0.0,2899.7,751.5,1512.4,0.0,9807.5,173.5,0.0,0.0,0.0,0.0,0.0,0.0,0.0,0.0,,
mcallen/2009/16th_-_Bus_83_TMC_(2009).txt,16TH / BUS 83,Unshifted,3/3/2009,00:00-24:00,510.1,23.0,124.8,43.0,7176.1,0.0,683.1,345.6,619.3,0.0,7912.4,208.8,0.0,0.0,0.0,0.0,0.0,0.0,0.0,0.0,,
mcallen/2009/16th_-_Pecan_TMC_(2009).txt,16TH / PECAN BLVD,Unshifted,4/7/2009,00:00-24:00,414.7,635.7,213.3,222.5,10141.8,237.5,311.1,319.5,164.5,312.1,10084.2,259.2,0.0,0.0,0.0,0.0,0.0,0.0,0.0,0.0,,
mcallen/2009/16th_-_Pecan_TMC_8-27-2009_PM_(2nd_count).txt,16 / PECAN,Unshifted,8/26/2009,00:00-24:00,203.5,158.3,37.1,99.9,7251.8,204.6,210.3,470.3,253.6,213.4,7779.9,213.5,0.0,0.0,0.0,0.0,0.0,0.0,0.0,0.0,,
mcallen/2009/17th_-_Bus_83_TMC_(2009).txt,17 / BUS 83,Unshifted,3/3/2009,00:00-24:00,244.7,308.5,136.5,345.8,8694.0,1641.9,0.0,0.0,23.7,1720.5,9636.9,336.1,0.0,0.0,0.0,0.0,0.0,0.0,0.0,0.0,,
mcallen/2009/17th_-_Bus_83_TMC_(Dec_2009)_12pm_to_1pm.txt,17 / BUS 83,Unshifted,12/3/2009,00:00-24:00,530.6,434.5,240.8,627.4,12164.6,2734.2,0.0,0.0,0.0,2205.5,13096.7,402.2,0.0,0.0,0.0,0.0,0.0,0.0,0.0,0.0,,
mcallen/2009/1st_-_Nolana_TMC_(2009).txt,1ST / NOLANA,Unshifted,2/11/2009,00:00-24:00,125.4,5.6,139.6,393.9,13866.2,189.7,305.3,17.1,112.2,122.5,14187.6,115.2,0.0,0.0,0.0,0.0,0.0,0.0,0.0,0.0,,
mcallen/2009/1st_Street_-_Pecan_AM_(TMC)_2009.txt,1ST / PECAN,Unshifted,2/19/2009,00:00-24:00,883.1,1362.6,340.7,155.0,11857.2,1989.9,840.4,449.1,1364.1,4440.7,10344.1,394.1,0.0,0.0,0.0,347.3,0.0,0.0,0.0,0.0,,
mcallen/2009/1st_Street_-_Pecan_PM_(TMC)_2009.txt,1ST / PECAN,Unshifted,2/19/2009,00:00-24:00,231.0,246.3,205.1,219.1,10911.7,291.8,303.4,221.8,1264.4,964.2,9697.0,359.8,0.0,0.0,0.0,0.0,0.0,0.0,0.0,0.0,,
mcallen/2009/20th_-_Buss._83_TMC_2009_AM.txt,20 / BUS83,Unshifted,4/30/2009,00:00-24:00,200.5,128.9,87.4,81.2,5370.2,113.4,518.0,208.3,44.1,290.5,11194.2,123.8,0.0,0.0,0.0,0.0,0.0,0.0,0.0,0.0,,
mcallen/2009/20th_-_Buss._83_TMC_2009_PM.txt,20TH / BUS 83,Unshifted,4/30/2009,00:00-24:00,172.1,173.3,148.4,137.3,9029.9,116.0,438.1,195.2,377.8,148.4,8786.7,194.7,0.0,0.0,0.0,0.0,0.0,0.0,0.0,0.0,,
mcallen/2009/21st_Street_-_Trenton_AM_(TMC)_2009.txt,21ST / TRENTON,Unshifted,2/26/2009,00:00-24:00,314.1,0.0,507.4,1159.3,13610.6,11.7,34.8,0.0,11.1,0.0,10634.9,331.8,13.2,13.3,0.0,0.0,0.0,0.0,0.0,0.0,,
mcallen/2009/21st_Street_-_Trenton_AM_(TMC)_2009.txt,21STANDTRENTON / A,Unshifted,2/26/2009,00:00-24:00,375.7,0.0,1215.8,473.0,8973.5,54.5,40.7,0.0,0.0,45.1,14602.1,199.0,0.0,0.0,0.0,0.0,0.0,0.0,0.0,0.0,,
mcallen/2009/23rd_-_Auburn_(5_Mile)_TMC_2009_AM.txt,23 / AUBURN,Unshifted,5/13/2009,00:00-24:00,538.3,8052.2,597.3,422.5,151.0,628.9,698.9,7225.9,315.5,429.7,440.4,740.0,0.0,0.0,0.0,0.0,0.0,0.0,0.0,0.0,,
mcallen/2009/23rd_-_Auburn_(5_Mile)_TMC_2009_PM.txt,23 / AUBURN,Unshifted,5/13/2009,00:00-24:00,531.7,6752.4,124.2,136.4,115.2,188.4,244.0,5904.4,486.9,358.8,126.8,428.0,0.0,0.0,0.0,0.0,0.0,0.0,0.0,0.0,,
mcallen/2009/23rd_-_Buddy_Owens_(3Mile_Line)_TMC_AM_2009.txt,23 / 3 MILE,Unshifted,5/11/2009,00:00-24:00,2574.9,15149.9,0.0,0.0,0.0,0.0,0.0,9567.4,2079.2,5478.6,44.3,4933.1,0.0,0.0,0.0,0.0,0.0,0.0,0.0,0.0,,
mcallen/2009/23rd_-_Buddy_Owens_(3Mile_Line)_TMC_PM_2009.txt,23 / 3 MILE,Unshifted,5/11/2009,00:00-24:00,2815.5,9826.1,0.0,0.0,0.0,0.0,23.1,11865.4,3329.9,2650.1,60.0,3120.8,12.4,0.0,13.1,26.6,0.0,0.0,0.0,0.0,,
mcallen/2009/23rd_-_Bus_83_TMC_(2009).txt,23 / 83,Unshifted,2/10/2009,00:00-24:00,1413.8,5414.4,1657.9,1488.5,8099.9,1432.3,1192.0,4790.2,566.8,1142.8,5546.2,1365.6,0.0,0.0,0.0,0.0,0.0,0.0,0.0,0.0,,
mcallen/2009/23rd_-_Daffodil_TMC_2009_AM.txt,23RD / DAFFODIL,Unshifted,3/17/2009,00:00-24:00,525.2,6787.0,0.0,0.0,0.0,0.0,0.0,4900.5,554.5,1037.2,0.0,1065.0,0.0,0.0,0.0,0.0,0.0,0.0,0.0,0.0,,
mcallen/2009/23rd_-_Daffodil_TMC_2009_PM.txt,23RD / DAFFODIL,Unshifted,3/17/2009,00:00-24:00,768.1,9015.9,22.9,0.0,0.0,0.0,0.0,8054.5,986.9,1261.9,0.0,887.7,0.0,0.0,0.0,12.4,0.0,0.0,0.0,0.0,,
mcallen/2009/23rd_-_Dallas_TMC_(2009).txt,23RD / DALLAS,Unshifted,3/10/2009,00:00-24:00,115.1,6858.6,113.4,338.2,13.8,150.5,172.6,7248.3,40.7,196.4,0.0,97.0,0.0,0.0,0.0,0.0,0.0,0.0,0.0,0.0,,
mcallen/2009/23rd_-_Dove_TMC_(2009).txt,23 / DOVE,Unshifted,2/11/2009,00:00-24:00,599.3,8865.6,2741.4,0.0,0.0,0.0,1757.4,6674.9,1361.6,0.0,0.0,0.0,0.0,12.2,24.9,0.0,0.0,0.0,0.0,0.0,,
mcallen/2009/23rd_-_Dove_TMC_(2009).txt,23RD / DOVE,Unshifted,2/11/2009,00:00-24:00,769.3,17243.7,4141.8,1123.1,10618.7,1431.3,2338.7,5579.2,764.7,1811.8,6439.6,2657.0,0.0,0.0,0.0,0.0,0.0,0.0,0.0,0.0,,
mcallen/2009/23rd_-_Ebony_TMC_2009_AM.txt,23RD / EBONY,Unshifted,3/25/2009,00:00-24:00,185.2,8264.7,291.9,139.3,134.9,98.3,142.1,7141.8,361.3,769.4,243.0,274.8,0.0,0.0,0.0,0.0,0.0,0.0,0.0,0.0,,
mcallen/2009/23rd_-_Ebony_TMC_2009_PM.txt,23RD / EBONY,Unshifted,3/25/2009,00:00-24:00,495.1,7552.2,265.1,255.4,115.2,115.9,208.4,7081.4,358.8,509.6,103.0,277.4,0.0,25.2,0.0,13.3,0.0,0.0,0.0,0.0,,
mcallen/2009/23rd_-_Galveston_2009_TMC_PM.txt,23RD / GALVESTON,Unshifted,9/1/2009,00:00-24:00,442.9,7183.6,0.0,0.0,0.0,0.0,0.0,6478.4,465.8,884.0,0.0,750.2,0.0,0.0,0.0,0.0,0.0,0.0,0.0,0.0,,
mcallen/2009/23rd_-_Hackberry_TMC_(2009).txt,23RD / HACKBERRY,Unshifted,3/12/2009,00:00-24:00,0.0,8289.6,708.7,1571.0,0.0,917.5,610.0,7800.7,0.0,0.0,0.0,0.0,0.0,0.0,0.0,0.0,0.0,0.0,0.0,0.0,,
mcallen/2009/23rd_-_Hackberry_TMC_(2009).txt,23RDST / HACHB,Unshifted,3/12/2009,00:00-24:00,0.0,7495.3,1002.5,1167.9,0.0,647.9,437.3,5623.1,0.0,0.0,0.0,0.0,0.0,0.0,0.0,0.0,0.0,0.0,0.0,0.0,,
mcallen/2009/23rd_-_Harvey_TMC_2009_AM.txt,23RD / HARVEY,Unshifted,4/30/2009,00:00-24:00,360.8,15868.0,852.6,976.5,1271.6,554.2,550.1,9124.1,413.4,947.0,1597.6,484.7,0.0,0.0,25.0,40.6,0.0,0.0,0.0,0.0,,
mcallen/2009/23rd_-_Harvey_TMC_2009_PM.txt,23RD / HARVEY,Unshifted,4/30/2009,00:00-24:00,488.4,9692.8,1109.5,633.9,1212.8,217.3,446.2,11015.9,557.8,409.0,686.4,313.3,0.0,24.6,13.4,0.0,0.0,0.0,0.0,0.0,,
mcallen/2009/23rd_-_Houston-Galveston_TMC_2009_AM.txt,23RD / HOUSTON GALVESTON,Unshifted,3/18/2009,00:00-24:00,250.8,4418.3,203.9,126.5,0.0,213.9,445.0,4675.2,597.4,608.9,0.0,353.6,0.0,0.0,0.0,0.0,0.0,0.0,0.0,0.0,,
mcallen/2009/23rd_-_Jackson_TMC_2009_AM.txt,23RD / JACKSON,Unshifted,4/28/2009,00:00-24:00,0.0,7517.1,612.9,694.2,0.0,775.4,1193.6,8760.0,0.0,0.0,0.0,0.0,0.0,21.5,0.0,0.0,0.0,0.0,0.0,0.0,,
mcallen/2009/23rd_-_Jackson_TMC_2009_PM.txt,23 / JACKSON,Unshifted,4/28/2009,00:00-24:00,24.0,9559.5,420.4,434.4,0.0,1157.2,1118.6,7511.2,395.6,34.4,0.0,12.2,0.0,0.0,0.0,0.0,0.0,0.0,0.0,0.0,,
mcallen/2009/23rd_-_Kendlewood_TMC_(2009).txt,23 / KENDLEWOOD,Unshifted,3/4/2009,00:00-24:00,94.6,9512.6,425.5,568.1,0.0,114.8,141.0,8295.7,19.4,17.2,0.0,0.0,0.0,0.0,0.0,0.0,0.0,0.0,0.0,0.0,,
mcallen/2009/23rd_-_La_Vista_TMC_(2009)_AM.txt,23 / LA VISTA,Unshifted,4/9/2009,00:00-24:00,189.5,12497.0,3291.4,2156.1,686.7,1133.1,1059.0,8588.7,339.0,793.2,1015.7,459.5,0.0,0.0,0.0,0.0,0.0,0.0,0.0,0.0,,
mcallen/2009/23rd_-_La_Vista_TMC_(2009)_PM.txt,23 / LA VISTA,Unshifted,4/9/2009,00:00-24:00,380.6,10039.0,1156.8,1480.4,697.9,581.2,570.9,9881.5,368.4,309.4,528.4,301.4,0.0,0.0,0.0,0.0,0.0,0.0,0.0,0.0,,
mcallen/2009/23rd_-_Lark_(4_Mile_Ln)_2009_AM.txt,23 / LARK 3 MILE,Unshifted,4/7/2009,00:00-24:00,1366.6,15835.4,0.0,0.0,0.0,0.0,0.0,9462.6,928.6,3167.8,0.0,2231.5,0.0,0.0,0.0,17.9,0.0,0.0,0.0,0.0,,
mcallen/2009/23rd_-_Lark_(4_Mile_Ln)_2009_PM.txt,23RD / LARK 3 MILE,Unshifted,4/7/2009,00:00-24:00,1188.3,9463.4,0.0,0.0,12.0,12.0,0.0,11106.5,1949.6,1755.5,0.0,1752.6,12.2,0.0,0.0,0.0,0.0,0.0,0.0,0.0,,
mcallen/2009/23rd_-_Pecan_TMC_(2009).txt,23 / PECAN,Unshifted,2/12/2009,00:00-24:00,2399.9,6954.8,2362.2,741.3,8480.9,1613.7,663.5,6056.0,1378.3,788.1,7821.9,1517.3,0.0,0.0,0.0,0.0,0.0,0.0,0.0,0.0,,
mcallen/2009/23rd_-_Primrose_TMC_(2009).txt,23 / PRIMROSE,Unshifted,4/2/2009,00:00-24:00,0.0,18343.7,818.1,559.0,6.9,638.8,567.7,13948.1,0.0,0.0,0.0,0.0,0.0,0.0,0.0,0.0,0.0,0.0,0.0,0.0,,
mcallen/2009/23rd_-_Quince_TMC_(2009)_AM.txt,23 / QUINCE,Unshifted,3/30/2009,00:00-24:00,1077.1,12423.8,926.5,613.9,1241.2,1001.4,116.9,8201.6,325.8,655.8,1211.4,1117.6,0.0,0.0,0.0,0.0,0.0,0.0,0.0,0.0,,
mcallen/2009/23rd_-_Quince_TMC_(2009)_AM.txt,23RD / QUINCE,Unshifted,3/30/2009,00:00-24:00,617.2,9930.1,593.3,597.9,991.7,524.4,358.5,10515.1,429.3,539.7,825.8,896.0,0.0,0.0,0.0,12.4,0.0,0.0,0.0,0.0,,
mcallen/2009/23rd_-_Tamarack-Sycamore_TMC_(2009).txt,23 / TAMARACK,Unshifted,3/31/2009,00:00-24:00,295.6,14604.5,1852.9,1415.6,335.2,1175.0,1114.0,10445.9,130.7,372.7,606.1,282.5,0.0,0.0,0.0,0.0,0.0,0.0,0.0,0.0,,
mcallen/2009/23rd_-_Tamarack-Sycamore_TMC_(2009).txt,23RD / TAMARCK,Unshifted,3/31/2009,00:00-24:00,272.9,10354.3,987.6,1550.7,780.1,965.2,927.5,10323.7,206.3,308.5,505.4,226.2,0.0,0.0,0.0,0.0,0.0,0.0,0.0,0.0,,
mcallen/2009/23rd_-_Trenton_TMC_(2009).txt,23 / TRENTON,Unshifted,2/16/2009,00:00-24:00,816.9,5370.8,1401.9,1257.9,8057.2,3644.9,3668.3,6413.9,870.2,896.0,4848.7,902.4,0.0,0.0,0.0,0.0,0.0,0.0,0.0,0.0,,
mcallen/2009/23rd_-_Trenton_TMC_(2009).txt,23RD / TRENTON,Unshifted,2/16/2009,00:00-24:00,487.9,8652.1,2151.2,1041.8,3908.8,3881.9,4478.7,4913.5,1364.7,1679.5,7103.2,1153.7,0.0,0.0,92.9,0.0,0.0,0.0,0.0,0.0,,
mcallen/2009/23rd_-_Zinnia_TMC_(2009).txt,23 / ZINNIA,Unshifted,3/26/2009,00:00-24:00,90.0,16786.6,586.4,163.6,62.3,260.8,641.5,12625.8,103.0,502.4,109.0,129.8,0.0,0.0,0.0,0.0,0.0,0.0,0.0,0.0,,
mcallen/2009/23rd_-_Zinnia_TMC_(2009).txt,23RD / ZINNIA,Unshifted,3/26/2009,00:00-24:00,117.3,12412.2,460.1,957.5,90.9,768.9,256.8,14769.4,513.5,243.4,34.2,130.0,0.0,0.0,0.0,0.0,0.0,0.0,0.0,0.0,,
mcallen/2009/26th_-_Nolana_TMC_(2009).txt,26 / NOLANA,Unshifted,3/26/2009,00:00-24:00,396.8,0.0,1601.8,1943.3,9954.5,0.0,0.0,0.0,0.0,0.0,11558.9,306.8,0.0,0.0,0.0,0.0,0.0,0.0,0.0,0.0,,
mcallen/2009/27th_-_Pecan_2009_TMC_AM.txt,27TH / PECAN,Unshifted,5/6/2009,00:00-24:00,1159.3,924.9,574.2,768.5,8293.1,116.1,447.5,1036.3,674.2,1137.5,9706.6,1385.8,0.0,0.0,0.0,0.0,0.0,0.0,0.0,0.0,,
mcallen/2009/27th_-_Pecan_2009_TMC_PM.txt,27 / PECAN,Unshifted,5/6/2009,00:00-24:00,570.0,469.2,482.5,379.9,10404.9,139.9,326.7,428.0,640.0,783.6,9737.6,592.5,0.0,0.0,0.0,0.0,0.0,0.0,0.0,0.0,,
mcallen/2009/29th_-_Bus_83_TMC_(2009)_AM.txt,29TH / BUS 83,Unshifted,4/7/2009,00:00-24:00,1139.6,2882.2,1794.6,1195.9,5400.4,322.8,256.3,8026.3,1047.7,769.9,10595.4,2345.5,17.9,25.0,19.1,0.0,0.0,0.0,0.0,0.0,,
mcallen/2009/29th_-_Bus_83_TMC_(2009)_PM.txt,29TH / BUS 83,Unshifted,4/7/2009,00:00-24:00,1023.4,3075.3,1386.7,1184.9,7449.3,532.5,538.7,3828.0,612.0,469.2,7200.3,1383.1,0.0,13.4,0.0,0.0,0.0,0.0,0.0,0.0,,
mcallen/2009/29th_-_Dove_2009_TMC_AM.txt,29 / DOVE,Unshifted,3/23/2009,00:00-24:00,486.8,4700.8,2132.6,636.0,3719.7,1874.9,2077.5,2409.6,374.7,684.9,5539.8,336.9,0.0,0.0,0.0,0.0,0.0,0.0,0.0,0.0,,
mcallen/2009/29th_-_Dove_2009_TMC_PM.txt,29TH / DOVE,Unshifted,3/23/2009,00:00-24:00,375.5,3314.5,765.9,1260.9,4850.5,1601.0,2012.6,5294.6,895.9,396.1,2510.8,197.4,0.0,0.0,0.0,0.0,0.0,0.0,0.0,0.0,,
mcallen/2009/29th_-_Galveston_TMC_AM_(2009).txt,29TH / GALVESTON,Unshifted,9/23/2009,00:00-24:00,29.5,2875.9,896.7,1048.6,351.1,433.9,466.4,7805.9,218.6,15.8,186.4,29.5,0.0,0.0,0.0,0.0,0.0,0.0,0.0,0.0,,
mcallen/2009/29th_-_Galveston_TMC_PM_(2009).txt,29TH / GALVESTON,Unshifted,9/23/2009,00:00-24:00,48.1,3093.9,968.6,540.8,189.4,286.1,345.6,4946.9,121.5,73.2,170.8,24.8,0.0,0.0,0.0,0.0,0.0,0.0,0.0,0.0,,
mcallen/2009/29th_-_Harvey_2009_TMC_AM.txt,29 / HARVEY,Unshifted,9/2/2009,00:00-24:00,149.2,4511.4,323.4,268.8,799.2,776.8,597.0,2574.4,247.3,676.2,1660.0,373.2,0.0,0.0,0.0,0.0,0.0,0.0,0.0,0.0,,
mcallen/2009/29th_-_Harvey_2009_TMC_PM.txt,29 / HARVEY,Unshifted,9/2/2009,00:00-24:00,177.0,3893.7,356.4,583.3,643.8,795.7,636.4,3988.7,336.6,381.1,408.4,134.3,0.0,0.0,0.0,0.0,0.0,0.0,0.0,0.0,,
mcallen/2009/29th_-_Iris_2009_TMC_AM.txt,29TH / IRIS,Unshifted,9/2/2009,00:00-24:00,330.5,6325.7,72.8,89.1,28.5,147.7,69.3,3898.7,188.7,1428.2,114.8,666.0,0.0,25.0,0.0,25.0,0.0,0.0,0.0,0.0,,
mcallen/2009/29th_-_Irs_2009_TMC_PM.txt,29TH / IRIS,Unshifted,9/2/2009,00:00-24:00,439.4,4160.9,35.2,69.3,11.1,102.8,177.2,4661.5,407.6,163.7,94.8,381.3,0.0,0.0,0.0,0.0,0.0,0.0,0.0,0.0,,
mcallen/2009/29th_-_Nolana_TMC_(2009).txt,29TH / NOLANA,Unshifted,3/18/2009,00:00-24:00,491.3,1390.9,833.3,680.3,5675.8,899.8,911.8,1650.6,220.6,161.0,5515.1,742.4,0.0,0.0,0.0,0.0,0.0,0.0,0.0,0.0,,
mcallen/2009/29th_-_Pecan_TMC_2009.txt,29TH / PECAN,Unshifted,3/19/2009,00:00-24:00,471.8,1391.4,541.1,315.6,5004.8,389.7,575.0,1393.3,354.3,452.0,5738.5,291.5,0.0,0.0,0.0,0.0,0.0,0.0,0.0,0.0,,
mcallen/2009/29th_-_Pecan_TMC_2009_AM.txt,29TH / PECAN,Unshifted,3/19/2009,00:00-24:00,423.8,1418.1,476.5,227.9,2782.7,209.8,441.4,759.1,189.4,360.7,5066.3,118.4,0.0,0.0,0.0,0.0,0.0,0.0,0.0,0.0,,
mcallen/2009/29th_-_Pecan_TMC_2009_PM.txt,29TH / PECAN,Unshifted,3/19/2009,00:00-24:00,519.7,1364.7,605.7,403.4,7226.9,569.6,708.6,2027.4,519.2,543.4,6410.7,464.6,0.0,0.0,0.0,0.0,0.0,0.0,0.0,0.0,,
mcallen/2009/29th_-_Trenton_TMC_(2009).txt,29TH / TRENTON,Unshifted,3/5/2009,00:00-24:00,1228.7,1733.4,1315.4,754.4,7318.1,2172.8,3129.6,1953.3,1450.3,1842.3,8139.5,1074.0,10.7,0.0,0.0,0.0,0.0,0.0,0.0,0.0,,
mcallen/2009/29th_-_Vine_2009_TMC_AM.txt,29 / VINE,Unshifted,9/22/2009,00:00-24:00,1139.5,4326.3,266.8,877.3,1500.8,804.6,245.9,2557.2,861.8,1037.3,1549.8,921.3,0.0,0.0,0.0,38.3,0.0,0.0,0.0,0.0,,
mcallen/2009/29th_-_Vine_TMC_PM_(2009).txt,29 / VINE,Unshifted,9/23/2009,00:00-24:00,603.7,4016.8,237.2,290.4,828.4,206.3,92.7,3543.8,461.9,461.8,842.0,681.8,39.2,26.1,26.1,0.0,0.0,0.0,0.0,0.0,,
mcallen/2009/2nd_(Col._Rowe)_-_La_Vista_TMC_2009_AM.txt,2ND ST / LA VISTA,Unshifted,3/24/2009,00:00-24:00,333.7,14761.3,2436.8,1682.1,2376.0,304.2,387.7,8431.8,883.2,931.2,2349.1,185.4,0.0,0.0,0.0,0.0,0.0,0.0,0.0,0.0,,
mcallen/2009/2nd_(Col._Rowe)_-_La_Vista_TMC_2009_PM.txt,2ND / LA VISTA,Unshifted,3/24/2009,00:00-24:00,336.3,11179.1,1417.4,1146.5,2239.1,273.7,287.5,13739.5,575.2,431.9,1840.3,478.7,14.4,13.3,0.0,26.6,0.0,0.0,0.0,0.0,,
mcallen/2009/2nd_-_Bus_83_TMC_(2009).txt,2ND / BUS 83,Unshifted,2/17/2009,00:00-24:00,986.1,10256.0,1094.4,1104.4,7763.4,853.0,815.9,10859.6,1018.3,1307.1,7756.4,1260.4,0.0,0.0,18.6,0.0,0.0,0.0,0.0,0.0,,
mcallen/2009/2nd_-_Dallas_TMC_2009_AM.txt,2ND / DALLAS,Unshifted,4/30/2009,00:00-24:00,627.5,11482.2,177.2,272.2,863.3,101.6,164.5,9988.7,1441.2,940.7,606.7,448.1,0.0,0.0,0.0,0.0,0.0,0.0,0.0,0.0,,
mcallen/2009/2nd_-_Dallas_TMC_2009_PM.txt,2ND / D,Unshifted,4/30/2009,00:00-24:00,446.1,9274.7,385.6,186.3,424.8,137.6,128.6,11262.6,637.2,649.3,347.9,206.7,0.0,0.0,0.0,0.0,0.0,0.0,0.0,0.0,,
mcallen/2009/2nd_-_Dove_TMC_(2009).txt,2ND / DOVE,Unshifted,2/18/2009,00:00-24:00,1195.0,7649.1,1114.9,713.8,6004.8,781.1,710.6,6777.6,2065.4,2157.8,8309.4,1497.6,0.0,0.0,0.0,0.0,0.0,0.0,0.0,0.0,,
mcallen/2009/2nd_-_Fern_TMC_(2009).txt,2ND / FERN,Unshifted,3/5/2009,00:00-24:00,782.9,9277.9,767.9,1275.8,0.0,1457.4,1296.0,11677.7,530.7,0.0,0.0,0.0,0.0,39.6,13.1,0.0,0.0,0.0,0.0,0.0,,
mcallen/2009/2nd_-_Fern_TMC_(2009).txt,2ND ST / FERN,Unshifted,3/5/2009,00:00-24:00,0.0,15005.2,1255.7,952.1,0.0,1357.0,1072.1,10959.5,0.0,0.0,0.0,0.0,0.0,38.3,0.0,0.0,0.0,0.0,0.0,0.0,,
mcallen/2009/2nd_-_Hackberry_2009_TMC_AM.txt,2ND / HACKBERRY,Unshifted,5/7/2009,00:00-24:00,532.1,9854.4,3076.3,2613.1,3415.1,2372.3,3468.3,6390.6,307.8,424.1,3249.5,678.4,0.0,0.0,0.0,0.0,0.0,0.0,0.0,0.0,,
mcallen/2009/2nd_-_Hackberry_2009_TMC_PM.txt,2ND ST / HACKBERRY,Unshifted,5/7/2009,00:00-24:00,335.4,8130.3,1304.2,2371.0,2850.7,1128.1,1352.0,10452.7,518.7,379.6,2910.4,661.5,0.0,0.0,0.0,0.0,0.0,0.0,0.0,0.0,,
mcallen/2009/2nd_-_Houston_TMC_(2009).txt,2ND / HUSTON,Unshifted,3/4/2009,00:00-24:00,836.5,9259.3,140.1,91.1,103.7,56.3,69.1,11329.1,719.1,745.9,333.3,676.4,0.0,0.0,0.0,0.0,0.0,0.0,0.0,0.0,,
mcallen/2009/2nd_-_Houston_TMC_(2009).txt,2ND ST / HOUSTON,Unshifted,3/4/2009,00:00-24:00,772.1,12024.6,97.0,212.1,369.2,45.3,58.0,11884.1,940.9,576.2,209.8,453.4,0.0,0.0,0.0,0.0,0.0,0.0,0.0,0.0,,
mcallen/2009/2nd_-_Jackson_Ave_2009_TMC_AM.txt,2ND / JACKSON,Unshifted,5/12/2009,00:00-24:00,404.6,10365.9,1199.1,1244.3,2220.8,1131.9,455.2,9591.9,558.9,521.7,1398.0,315.3,0.0,19.7,0.0,0.0,0.0,0.0,0.0,0.0,,
mcallen/2009/2nd_-_Jackson_Ave_TMC_2009_AM.txt,2ND ST / JACKSON AVE,Unshifted,5/6/2009,00:00-24:00,466.9,10864.6,940.2,1165.8,1952.4,1075.6,368.8,10489.2,418.0,493.7,1166.6,451.6,0.0,0.0,0.0,0.0,0.0,0.0,0.0,0.0,,
mcallen/2009/2nd_-_Jackson_Ave_TMC_2009_PM.txt,2ND / JACKSON AVE,Unshifted,5/6/2009,00:00-24:00,392.7,8849.8,1556.6,956.9,2411.9,456.8,802.6,9494.8,590.3,654.2,2364.4,460.7,0.0,0.0,0.0,0.0,0.0,0.0,0.0,0.0,,
mcallen/2009/2nd_-_La_Vista_TMC_(May_2009)_AM.txt,2ND / LA VISTA,Unshifted,5/5/2009,00:00-24:00,423.3,14899.5,2231.1,1370.1,2384.4,430.0,742.2,10985.9,930.1,922.6,2722.0,393.5,0.0,0.0,0.0,0.0,0.0,0.0,0.0,0.0,,
mcallen/2009/2nd_-_La_Vista_TMC_(May_2009)_PM.txt,2ND / LA VISTA,Unshifted,5/5/2009,00:00-24:00,384.8,11043.6,1220.2,993.3,2570.1,265.2,358.3,14163.5,722.6,635.1,1749.0,371.5,0.0,0.0,0.0,0.0,0.0,0.0,0.0,0.0,,
mcallen/2009/2nd_-_Lindberg_TMC_(2009).txt,2ND / LINDBERG,Unshifted,4/2/2009,00:00-24:00,427.9,10092.2,0.0,0.0,0.0,0.0,0.0,10780.6,356.9,673.3,0.0,669.1,0.0,0.0,0.0,0.0,0.0,0.0,0.0,0.0,,
mcallen/2009/2nd_-_Martin_TMC_(2009)_AM.txt,2ND / MARTIN,Unshifted,4/8/2009,00:00-24:00,451.2,7257.6,1413.6,1036.9,2202.2,2287.2,3281.2,4792.1,659.3,936.0,3271.3,309.8,0.0,21.5,21.5,0.0,0.0,0.0,0.0,0.0,,
mcallen/2009/2nd_-_Martin_TMC_(2009)_PM.txt,2ND / MARTIN,Unshifted,4/8/2009,00:00-24:00,315.6,5169.8,228.0,917.9,2245.0,1427.3,950.7,6256.6,689.1,655.9,1166.8,567.6,0.0,13.4,0.0,0.0,0.0,0.0,0.0,0.0,,
mcallen/2009/2nd_-_Pecan_TMC_(2009).txt,2ND / PECAN,Unshifted,2/19/2009,00:00-24:00,971.0,11197.4,4154.0,1666.8,11647.8,1403.7,1289.2,11403.0,2526.1,2320.9,9555.2,1659.5,0.0,7.0,0.0,0.0,0.0,0.0,0.0,0.0,,
mcallen/2009/2nd_-_Ridge_TMC_(2009).txt,2ND / RIDGE,Unshifted,4/6/2009,00:00-24:00,2509.0,9105.2,3572.4,2454.4,751.8,72.6,127.3,5498.3,1097.0,2545.1,1948.3,4662.8,0.0,0.0,0.0,0.0,0.0,0.0,0.0,0.0,,
mcallen/2009/2nd_-_Ridge_TMC_(2009)_PM.txt,2ND / RIDGE,Unshifted,4/6/2009,00:00-24:00,1887.4,7138.4,2193.1,4792.6,1177.8,299.6,436.7,7154.1,1762.5,1520.3,912.9,3572.8,12.2,0.0,0.0,0.0,0.0,0.0,0.0,0.0,,
mcallen/2009/2nd_-_Savannah_TMC_(2009).txt,2ND / SAVANNAH,Unshifted,4/1/2009,00:00-24:00,1144.7,6153.8,2452.5,643.7,2527.1,1349.3,1616.8,6186.5,585.5,622.9,2303.0,723.5,0.0,0.0,10.7,0.0,0.0,0.0,0.0,0.0,,
mcallen/2009/2nd_-_Trenton_TMC_(2009).txt,2ND / TRENTON,Unshifted,2/24/2009,00:00-24:00,396.8,1691.1,946.8,569.3,11096.4,1908.0,1903.6,1470.4,1841.7,2278.5,12545.6,468.0,0.0,0.0,9.6,0.0,0.0,0.0,0.0,0.0,,
mcallen/2009/2nd_-_Violet_TMC_(2009).txt,2ND / VIOLET,Unshifted,3/30/2009,00:00-24:00,536.2,11073.1,832.3,605.3,1515.4,709.2,669.1,8936.4,715.3,915.2,1557.1,313.0,0.0,0.0,17.9,0.0,0.0,0.0,0.0,0.0,,
mcallen/2009/2nd_-_Violet_TMC_(2009).txt,2ND / VIOLETA,Unshifted,3/30/2009,00:00-24:00,401.6,8665.5,361.2,776.0,2308.6,720.2,802.1,10167.1,1063.4,739.0,1835.3,447.4,0.0,0.0,0.0,0.0,0.0,0.0,0.0,0.0,,
mcallen/2009/2nd_Street_-_Harvey_AM_(TMC)_2009.txt,2ND HARVY / A,Unshifted,2/24/2009,00:00-24:00,978.0,17559.8,0.0,0.0,0.0,0.0,0.0,8991.0,2117.3,4033.5,35.7,1167.0,0.0,0.0,0.0,33.3,0.0,0.0,0.0,0.0,,
mcallen/2009/2nd_Street_-_Harvey_PM_(TMC)_2009.txt,2NDIHARVEY / A,Unshifted,2/24/2009,00:00-24:00,978.1,9293.2,0.0,0.0,0.0,0.0,0.0,11333.1,2162.4,1950.8,83.7,1032.3,0.0,0.0,0.0,0.0,0.0,0.0,0.0,0.0,,
mcallen/2009/31st_-_Pecan_TMC_(2009).txt,31ST / PECA 0,Unshifted,3/31/2009,00:00-24:00,1017.5,0.0,365.0,166.0,6505.5,0.0,0.0,0.0,0.0,41.3,11575.1,109.0,0.0,0.0,0.0,0.0,0.0,0.0,0.0,0.0,,
mcallen/2009/31st_-_Pecan_TMC_(2009).txt,31ST / PECAN BLVD,Unshifted,3/31/2009,00:00-24:00,594.9,0.0,171.1,412.0,9571.3,0.0,0.0,0.0,0.0,0.0,10356.4,377.7,13.2,0.0,0.0,0.0,0.0,0.0,0.0,0.0,,
mcallen/2009/34th_-_Nolana_TMC_(2009).txt,34TH / NOLANA,Unshifted,3/5/2009,00:00-24:00,416.7,295.3,981.2,828.6,7865.4,341.1,987.6,121.2,67.2,149.0,12321.0,415.2,0.0,0.0,0.0,0.0,0.0,0.0,0.0,0.0,,
mcallen/2009/34th_-_Nolana_TMC_(2009)_PM.txt,34TH / NOLANA,Unshifted,3/5/2009,00:00-24:00,352.8,265.6,663.4,685.0,9394.4,471.1,362.7,150.6,183.6,281.5,8647.9,193.9,0.0,0.0,0.0,0.0,0.0,0.0,0.0,0.0,,
mcallen/2009/6th_-_Bus_83_TMC_(2009).txt,6TH / US 83,Unshifted,4/2/2009,00:00-24:00,1431.0,234.7,639.1,786.0,9522.1,69.8,160.1,253.8,86.2,158.7,9635.8,737.8,0.0,0.0,0.0,0.0,0.0,0.0,0.0,0.0,,
mcallen/2009/6th_-_Dove_TMC_(2009).txt,6TH / DOVE,Unshifted,3/31/2009,00:00-24:00,577.1,795.1,277.0,319.8,9237.4,470.4,906.7,870.1,828.5,920.3,11120.5,290.1,0.0,0.0,0.0,0.0,0.0,0.0,0.0,0.0,,
mcallen/2009/6th_-_Nolana_TMC_2009_AM.txt,6TH / NOLANA,Unshifted,6/18/2009,00:00-24:00,741.1,1030.3,866.7,571.2,12741.6,756.6,689.2,834.1,371.1,301.4,11259.5,622.6,0.0,28.6,0.0,0.0,0.0,0.0,0.0,0.0,,
mcallen/2009/6th_-_Nolana_TMC_2009_PM.txt,6TH / NOLANA,Unshifted,6/18/2009,00:00-24:00,833.1,1365.6,1057.9,496.1,14397.8,1195.9,872.8,1226.1,564.2,471.0,15298.2,1078.0,0.0,0.0,0.0,0.0,0.0,0.0,0.0,0.0,,
mcallen/2009/6th_-_Pecan_TMC_2009_AM.txt,6TH / PECAN,Unshifted,6/16/2009,00:00-24:00,268.3,758.0,227.8,243.2,7665.5,349.8,438.3,541.5,268.8,181.4,6511.4,183.4,17.9,21.5,0.0,0.0,0.0,0.0,0.0,0.0,,
mcallen/2009/6th_-_Pecan_TMC_2009_PM.txt,6TH / 495,Unshifted,6/16/2009,00:00-24:00,275.1,769.1,137.7,148.8,7149.5,390.2,410.9,880.6,275.0,296.1,7816.8,273.9,0.0,0.0,0.0,0.0,0.0,0.0,0.0,0.0,,
mcallen/2009/8th_-_Trenton_2009_TMC_AM.txt,8TH / TRENTON,Unshifted,4/15/2009,00:00-24:00,194.9,57.1,306.7,418.7,9282.1,824.1,466.2,85.6,255.5,449.1,14721.0,243.5,0.0,17.9,0.0,0.0,0.0,0.0,0.0,0.0,,
mcallen/2009/8th_-_Trenton_2009_TMC_PM.txt,8TH / TRDNTON,Unshifted,4/15/2009,00:00-24:00,782.4,353.0,1590.6,1795.6,12245.5,1100.2,502.6,246.1,979.8,371.4,10006.8,580.9,12.2,50.0,0.0,0.0,0.0,0.0,0.0,0.0,,
mcallen/2009/8th_-_Trenton_TMC_(2009).txt,8TH / TRDNTON,Unshifted,4/15/2009,00:00-24:00,782.4,353.0,1590.6,1795.6,12245.5,1100.2,502.6,246.1,979.8,371.4,10006.8,580.9,12.2,50.0,0.0,0.0,0.0,0.0,0.0,0.0,,
mcallen/2009/8th_-_Trenton_TMC_(2009).txt,8TH / TRENTON,Unshifted,4/15/2009,00:00-24:00,194.9,57.1,306.7,418.7,9282.1,824.1,466.2,85.6,255.5,449.1,14721.0,243.5,0.0,17.9,0.0,0.0,0.0,0.0,0.0,0.0,,
mcallen/2009/Bensten_-_Buddy_Owens_(3_Mile_Line)_2009_TMC_AM.txt,BENSTEN / BUDDY OWENS,Unshifted,9/21/2009,00:00-24:00,746.2,2880.5,1882.2,730.4,5102.6,300.2,628.9,2170.6,306.8,544.9,12134.3,470.2,0.0,0.0,0.0,0.0,0.0,0.0,0.0,0.0,,
mcallen/2009/Bensten_-_Buddy_Owens_(3_Mile_Line)_2009_TMC_PM.txt,BENSTEN / BUDDY OWENS,Unshifted,9/21/2009,00:00-24:00,325.3,955.7,716.5,971.1,6974.5,251.6,321.9,1326.9,321.5,269.1,6160.8,369.6,0.0,0.0,0.0,0.0,0.0,0.0,0.0,0.0,,
mcallen/2009/Bensten_-_Pecan_2009_TMC_AM.txt,BENSTEN / PECAN,Unshifted,4/22/2009,00:00-24:00,555.8,2981.1,1177.8,385.5,5276.7,1394.6,1185.3,1591.5,943.8,1124.7,10811.7,456.6,0.0,0.0,0.0,0.0,0.0,0.0,0.0,0.0,,
mcallen/2009/Bensten_-_Pecan_2009_TMC_PM.txt,BENTSEN / PECAN,Unshifted,4/22/2009,00:00-24:00,160.2,1339.9,466.9,513.1,8096.1,1179.8,904.0,1880.4,561.0,603.3,7800.2,456.8,0.0,0.0,27.0,0.0,0.0,0.0,0.0,0.0,,
mcallen/2009/Bensten_-_US_83_TMC_2009_AM.txt,BENTSEN / BUS 83,Unshifted,5/20/2009,00:00-24:00,1825.4,1301.1,2274.7,359.2,4684.9,583.7,996.2,1303.8,1438.1,345.2,8581.0,1015.3,0.0,0.0,17.9,0.0,0.0,0.0,0.0,0.0,,
mcallen/2009/Bensten_-_US_83_TMC_2009_PM.txt,BENSTEN / 83,Unshifted,5/20/2009,00:00-24:00,298.0,576.1,840.8,691.3,5607.8,434.2,699.2,1041.8,543.2,481.6,7412.7,837.5,0.0,13.1,0.0,0.0,0.0,0.0,0.0,0.0,,
mcallen/2009/Bicentennial_(18th)_-_Highland_TMC_2009_AM.txt,BICENTENNIAL / HIGHLAND,Unshifted,3/18/2009,00:00-24:00,173.3,5833.8,177.7,103.6,44.5,85.3,112.8,4411.4,56.3,184.1,26.7,27.5,0.0,0.0,0.0,0.0,0.0,0.0,0.0,0.0,,
mcallen/2009/Bicentennial_(18th)_-_Highland_TMC_2009_PM.txt,BIC / HIGHLAND,Unshifted,3/18/2009,00:00-24:00,12.2,5938.7,92.1,113.9,23.1,60.2,135.2,9132.4,171.6,89.9,34.2,47.0,0.0,0.0,0.0,0.0,0.0,0.0,0.0,0.0,,
mcallen/2009/Bicentennial_-_Bus_83_TMC_(2009).txt,BICENTENNIAL / 83,Unshifted,1/29/2009,00:00-24:00,932.4,8168.3,2021.9,1330.4,5867.8,1499.7,990.8,8231.1,1358.4,1303.3,7764.6,1629.4,0.0,18.6,0.0,0.0,0.0,0.0,0.0,0.0,,
mcallen/2009/Bicentennial_-_Cedar_TMC_(2009)_AM.txt,BICENTENNIAL / DCEDAR,Unshifted,1/15/2009,00:00-24:00,376.9,11878.3,650.5,122.9,69.2,82.2,262.3,10014.0,221.6,406.0,225.4,156.2,0.0,0.0,0.0,0.0,0.0,0.0,0.0,0.0,,
mcallen/2009/Bicentennial_-_Cedar_TMC_(2009)_PM.txt,BICENTENNIAL / CEDAR,Unshifted,1/15/2009,00:00-24:00,207.6,8573.1,161.6,247.7,59.3,55.7,153.0,11134.9,324.4,357.4,69.7,181.8,0.0,0.0,0.0,0.0,0.0,0.0,0.0,0.0,,
mcallen/2009/Bicentennial_-_Ebony_TMC_(2009)_am.txt,BICENTENNIAL / EBONY,Unshifted,1/15/2009,00:00-24:00,115.7,12406.4,86.4,154.9,43.3,28.5,68.2,9970.1,384.2,318.8,85.8,265.6,0.0,0.0,0.0,0.0,0.0,0.0,0.0,0.0,,
mcallen/2009/Bicentennial_-_Ebony_TMC_(2009)_pm.txt,BICENTENNIAL / EBONY,Unshifted,1/15/2009,00:00-24:00,101.8,8511.3,47.2,174.2,101.0,22.3,46.4,11113.9,424.6,267.8,186.8,91.7,0.0,0.0,0.0,0.0,0.0,0.0,0.0,0.0,,
mcallen/2009/Bicentennial_-_Hackberry_TMC_(2009)_am.txt,BICENTENNIAL / HACKBERRY,Unshifted,1/15/2009,00:00-24:00,219.5,8603.1,1669.5,426.5,977.6,540.1,298.5,6355.1,556.5,318.8,1534.6,283.3,0.0,0.0,0.0,0.0,0.0,0.0,0.0,0.0,,
mcallen/2009/Bicentennial_-_Hackberry_TMC_(2009)_pm.txt,BICENTENNIAL / HACKBERRY,Unshifted,1/15/2009,00:00-24:00,138.1,7535.7,1105.4,1066.7,1623.5,734.6,549.8,9542.6,1017.6,487.4,1206.8,512.7,13.3,0.0,0.0,13.3,0.0,0.0,0.0,0.0,,
mcallen/2009/Bicentennial_-_Harvey_2009_TMC_AM.txt,BIC / HARVEY,Unshifted,4/22/2009,00:00-24:00,70.8,10223.8,882.8,716.6,1740.9,1179.0,805.2,6084.6,534.8,726.6,2226.8,243.4,0.0,0.0,0.0,0.0,0.0,0.0,0.0,0.0,,
mcallen/2009/Bicentennial_-_Harvey_2009_TMC_PM.txt,BICENTENNIAL / HARVEY,Unshifted,4/22/2009,00:00-24:00,90.1,6740.5,657.4,784.8,2005.0,835.9,1149.0,9679.3,789.5,481.8,1953.2,198.7,0.0,0.0,0.0,0.0,0.0,0.0,0.0,0.0,,
mcallen/2009/Bicentennial_-_Houston_TMC_(2009).txt,BIC / HOUSTON,Unshifted,2/2/2009,00:00-24:00,545.4,8641.7,1413.6,1290.3,1203.7,387.4,154.8,8701.1,172.3,189.4,1545.5,393.2,0.0,6.7,0.0,0.0,0.0,0.0,0.0,0.0,,
mcallen/2009/Bicentennial_-_Jackson_TMC_(2009).txt,BIC / JACKSON,Unshifted,2/4/2009,00:00-24:00,163.5,7724.0,1251.7,1090.9,673.7,414.1,436.2,7623.0,806.5,152.0,914.2,403.8,0.0,12.5,0.0,0.0,0.0,0.0,0.0,0.0,,
mcallen/2009/Bicentennial_-_La_Vista_(1st_intersection_driving_north_bound)_2009_TMC_AM.txt,BICENTENNIAL / LA VISTA,Unshifted,4/23/2009,00:00-24:00,0.0,0.0,1387.7,1288.0,0.0,525.4,334.4,7599.9,0.0,0.0,0.0,0.0,0.0,0.0,0.0,0.0,0.0,0.0,0.0,0.0,,
mcallen/2009/Bicentennial_-_La_Vista_(1st_intersection_driving_north_bound)_2009_TMC_PM.txt,BICENTENNIAL / LA VISTA,Unshifted,4/23/2009,00:00-24:00,0.0,34.2,964.7,1330.5,23.3,643.7,449.7,10864.9,22.3,0.0,0.0,0.0,0.0,0.0,0.0,0.0,0.0,0.0,0.0,0.0,,
mcallen/2009/Bicentennial_-_La_Vista_(2nd_Intersection_driving_North_bound)_2009_TMC_AM.txt,BIC / LAVISTA,Unshifted,4/23/2009,00:00-24:00,1570.7,11885.2,0.0,0.0,0.0,0.0,0.0,26.0,2025.0,2085.8,15.6,533.4,0.0,0.0,21.5,0.0,0.0,0.0,0.0,0.0,,
mcallen/2009/Bicentennial_-_La_Vista_(2nd_Intersection_driving_North_bound)_2009_TMC_PM.txt,BIC / LAVISTA,Unshifted,4/23/2009,00:00-24:00,477.8,6616.4,0.0,0.0,0.0,0.0,0.0,23.9,1336.7,1289.3,11.1,921.1,0.0,12.2,0.0,0.0,0.0,0.0,0.0,0.0,,
mcallen/2009/Bicentennial_-_Nolana_TMC_(2009).txt,BIC / NOLANA,Unshifted,2/9/2009,00:00-24:00,0.0,0.0,0.0,529.3,13136.9,4112.3,4714.2,0.0,4200.6,3730.5,13307.8,0.0,0.0,0.0,0.0,0.0,0.0,0.0,0.0,0.0,,
mcallen/2009/Bicentennial_-_Pecan_TMC_(2009)_AM.txt,BIC / PECAN,Unshifted,2/5/2009,00:00-24:00,785.9,12365.2,2405.8,97.2,5923.7,1697.5,769.3,7701.4,1716.5,2741.3,7414.8,850.0,0.0,25.0,0.0,0.0,0.0,0.0,0.0,0.0,,
mcallen/2009/Bicentennial_-_Pecan_TMC_(2009)_PM.txt,BIC / PECAN,Unshifted,2/5/2009,00:00-24:00,906.3,8228.0,1732.2,36.5,7778.3,1177.7,924.0,9845.7,2029.0,1552.2,7636.8,932.1,0.0,12.2,0.0,0.0,0.0,0.0,0.0,0.0,,
mcallen/2009/Bicentennial_-_Tamarack_AM_(TMC)_2009.txt,BICENTENN / A,Unshifted,2/25/2009,00:00-24:00,823.5,13169.1,1463.7,882.4,860.2,1096.0,550.4,8694.5,1083.7,473.0,1009.8,178.4,0.0,0.0,0.0,0.0,0.0,0.0,0.0,0.0,,
mcallen/2009/Bicentennial_-_Tamarack_PM_(TMC)_2009.txt,BICENTENIAL / TAMARACK,Unshifted,2/25/2009,00:00-24:00,312.5,8374.1,600.0,896.0,1000.0,620.6,629.7,10626.0,1316.5,634.3,1300.9,592.0,0.0,0.0,0.0,13.3,0.0,0.0,0.0,0.0,,
mcallen/2009/Bicentennial_-_Uvalde_TMC_(2009).txt,BIC / UVALDE,Unshifted,2/3/2009,00:00-24:00,2438.9,2298.8,333.2,139.6,514.0,26.7,13.8,1686.2,989.0,993.9,766.6,3131.6,0.0,25.0,0.0,0.0,0.0,0.0,0.0,0.0,,
mcallen/2009/Bicentennial_-_Uvalde_TMC_(2009)_PM.txt,BIC / UVALDE,Unshifted,2/3/2009,00:00-24:00,2111.0,2015.4,995.5,717.6,1695.3,254.2,59.1,2056.9,2126.6,1222.5,1435.1,2705.2,0.0,12.2,0.0,0.0,0.0,0.0,0.0,0.0,,
mcallen/2009/Cynthia_-_Bus_83_TMC_2009_AM.txt,CYNTHIA / BUS 83,Unshifted,3/23/2009,00:00-24:00,28.5,0.0,13.8,71.6,10629.7,43.3,55.0,0.0,68.0,94.2,8280.9,13.8,0.0,0.0,0.0,0.0,0.0,0.0,0.0,0.0,,
mcallen/2009/Cynthia_-_Bus_83_TMC_2009_PM.txt,CYNTHIA / BUS 83,Unshifted,3/23/2009,00:00-24:00,35.0,0.0,24.1,47.2,10209.0,140.3,68.4,0.0,56.5,81.8,12911.7,47.2,0.0,0.0,0.0,0.0,0.0,0.0,0.0,0.0,,
mcallen/2009/Cynthia_-_Ridge_2009_TMC_AM.txt,CYNTHIA / RIDGE,Unshifted,9/17/2009,00:00-24:00,198.6,889.5,2073.8,455.4,5888.1,1668.3,224.0,140.0,215.6,397.1,4202.6,249.5,0.0,0.0,0.0,0.0,0.0,0.0,0.0,0.0,,
mcallen/2009/Cynthia_-_Ridge_2009_TMC_PM.txt,CYNTHIA / RIDGE,Unshifted,9/17/2009,00:00-24:00,234.5,292.8,1451.8,836.7,6440.9,684.5,1162.4,803.1,1356.3,329.2,7009.2,922.4,0.0,0.0,0.0,0.0,0.0,0.0,0.0,0.0,,
mcallen/2009/Main-Trenton(TMC-2009).txt,MAIN / TRENTON,Unshifted,1/29/2009,00:00-24:00,585.6,740.0,1752.0,1130.9,10550.5,589.0,843.3,482.7,1575.6,1280.3,12430.4,340.3,0.0,0.0,0.0,0.0,0.0,0.0,0.0,0.0,,
mcallen/2009/Main_-_Bus_83_TMC_(2009).txt,MAIN / BUS 83,Unshifted,3/10/2009,00:00-24:00,1017.2,5.9,867.0,897.2,7880.4,0.0,970.2,1218.6,1197.9,0.0,8569.5,438.3,23.9,0.0,6.6,0.0,0.0,0.0,0.0,0.0,,
mcallen/2009/Main_-_Hackberry_2009_TMC_AM.txt,MAIN / HACBERRY,Unshifted,9/9/2009,00:00-24:00,404.5,2284.6,396.9,319.5,2436.1,242.9,301.2,1886.5,200.6,488.6,4021.6,686.2,0.0,0.0,0.0,0.0,0.0,0.0,0.0,0.0,,
mcallen/2009/Main_-_Hackberry_2009_TMC_PM.txt,MAIN / HACKBERRY,Unshifted,9/9/2009,00:00-24:00,271.7,1298.9,293.7,370.1,2991.8,325.4,393.1,1659.6,207.5,206.1,2990.2,232.3,0.0,0.0,0.0,0.0,0.0,0.0,0.0,0.0,,
mcallen/2009/Main_-_Nolana_TMC_(2009).txt,14TH / NOLANA,Unshifted,4/15/2009,00:00-24:00,959.9,1016.1,737.7,394.7,11772.3,954.8,588.2,961.6,950.1,393.4,12491.5,1491.8,0.0,0.0,0.0,6.7,0.0,0.0,0.0,0.0,,
mcallen/2009/Main_-_Pecan_TMC_(2009).txt,MAIN / PECAN,Unshifted,2/18/2009,00:00-24:00,311.6,1319.5,133.9,110.5,10877.0,812.8,767.4,1044.3,904.3,765.5,9977.1,157.8,0.0,0.0,0.0,21.5,0.0,0.0,0.0,0.0,,
mcallen/2009/Main_-_Pecan_TMC_(2009).txt,MAIN ST / PECAN BLVD,Unshifted,2/12/2009,00:00-24:00,296.6,989.6,57.7,149.8,9676.3,452.4,773.3,1131.7,819.6,457.0,9405.6,231.0,0.0,0.0,13.3,0.0,0.0,0.0,0.0,0.0,,
mcallen/2009/Main_-_Pecan_TMC_(2009)_PM.txt,MAIN ST / PECAN BLVD,Unshifted,2/12/2009,00:00-24:00,296.6,989.6,57.7,149.8,9676.3,452.4,773.3,1131.7,819.6,457.0,9405.6,231.0,0.0,0.0,13.3,0.0,0.0,0.0,0.0,0.0,,
mcallen/2009/McColl_-_Cobra_TMC_(2009).txt,MCCOLL / COBRA,Unshifted,3/30/2009,00:00-24:00,2409.2,14003.2,0.0,0.0,0.0,0.0,0.0,13093.3,394.0,129.0,58.4,1035.5,0.0,0.0,0.0,0.0,0.0,0.0,0.0,0.0,,
mcallen/2009/McColl_-_Dallas_TMC_2009_AM.txt,MCCOLL / DALLAS,Unshifted,3/25/2009,00:00-24:00,154.9,8493.9,257.6,210.1,594.8,58.8,332.2,10796.7,244.8,254.0,438.1,81.2,0.0,0.0,0.0,0.0,0.0,0.0,0.0,0.0,,
mcallen/2009/McColl_-_Dallas_TMC_2009_PM.txt,MCCOLL / DALLAS,Unshifted,3/25/2009,00:00-24:00,207.1,9761.1,356.3,279.2,406.7,150.1,527.1,7599.6,183.0,231.8,543.6,150.5,0.0,0.0,0.0,0.0,0.0,0.0,0.0,0.0,,
mcallen/2009/McColl_-_Dove_TMC_(2009).txt,MCCOLL / DOVE,Unshifted,2/23/2009,00:00-24:00,1367.4,9216.8,875.8,667.8,6190.4,928.6,404.5,8907.2,2102.0,3153.9,5362.5,2363.6,0.0,0.0,0.0,13.2,0.0,0.0,0.0,0.0,,
mcallen/2009/McColl_-_Fern_2009_TMC_AM.txt,MCCOLL / FERN,Unshifted,3/25/2009,00:00-24:00,421.8,12883.5,697.8,1021.7,3373.2,687.9,416.3,9378.0,689.5,1445.7,3197.8,429.2,0.0,0.0,0.0,0.0,0.0,0.0,0.0,0.0,,
mcallen/2009/McColl_-_Fern_2009_TMC_PM.txt,MCCOLL / FERN,Unshifted,3/25/2009,00:00-24:00,617.8,11305.5,956.4,1101.8,1494.9,683.9,616.2,11767.0,1015.5,658.8,1159.4,378.0,0.0,0.0,0.0,0.0,0.0,0.0,0.0,0.0,,
mcallen/2009/McColl_-_Hackberry_2009_TMC_AM.txt,MCCOLL / HACKBERQY,Unshifted,3/19/2009,00:00-24:00,850.4,8748.1,769.7,792.9,2438.6,849.5,540.1,7666.7,496.3,507.2,2075.6,615.7,0.0,0.0,0.0,0.0,0.0,0.0,0.0,0.0,,
mcallen/2009/McColl_-_Hackberry_2009_TMC_PM.txt,MCCOLL / HACKBERRY,Unshifted,3/19/2009,00:00-24:00,929.1,10996.2,861.6,771.2,2607.0,1064.5,1014.1,9452.5,935.6,998.4,3170.9,1055.7,0.0,0.0,0.0,0.0,0.0,0.0,0.0,0.0,,
mcallen/2009/McColl_-_Jackson_TMC_(2009).txt,MCCOLL / JACKSON,Unshifted,3/11/2009,00:00-24:00,624.2,9293.2,780.0,1534.5,2986.2,166.5,267.2,8867.6,341.8,582.1,2857.2,548.8,0.0,13.2,9.6,0.0,0.0,0.0,0.0,0.0,,
mcallen/2009/McColl_-_La_Vista_TMC_(2009).txt,MCCOLL / LA VISTA,Unshifted,3/16/2009,00:00-24:00,171.0,9522.5,305.5,435.9,639.0,159.9,39.7,8220.4,228.6,348.0,705.2,472.2,0.0,0.0,0.0,0.0,0.0,0.0,0.0,0.0,,
mcallen/2009/McColl_-_La_Vista_TMC_(2009).txt,MCCOLL / LAA VISTA,Unshifted,3/16/2009,00:00-24:00,744.0,14560.2,551.9,336.2,1192.3,160.5,252.5,13542.4,979.5,633.2,1228.0,745.6,0.0,0.0,0.0,0.0,0.0,0.0,0.0,0.0,,
mcallen/2009/McColl_-_Ridge_TMC_2009_PM.txt,MCCOLL / RIDGE,Unshifted,9/3/2009,00:00-24:00,1854.5,4766.1,3162.1,3578.0,4648.0,765.8,581.1,4598.6,682.1,1028.8,6276.9,2266.3,39.2,12.4,0.0,0.0,0.0,0.0,0.0,0.0,,
mcallen/2009/McColl_-_Ridge__TMC_2009_AM.txt,MCCOLL / RIDGE,Unshifted,9/3/2009,00:00-24:00,3200.6,7654.9,4130.5,3699.8,5096.7,919.6,641.2,4741.2,797.6,986.3,4490.7,1034.4,0.0,0.0,0.0,0.0,0.0,0.0,0.0,0.0,,
mcallen/2009/McColl_-_Violet_TMC_(2009).txt,MCCOLL / VIOLET,Unshifted,3/4/2009,00:00-24:00,586.1,12901.8,542.9,572.5,1284.8,295.8,147.8,11376.9,1264.2,1432.9,795.6,676.8,0.0,0.0,0.0,0.0,0.0,0.0,0.0,0.0,,
mcallen/2009/Taylor_-_Pecan_(495)_TMC_2009_AM.txt,TAYLOR / PECAN,Unshifted,5/19/2009,00:00-24:00,1452.9,4284.8,1748.7,1091.2,5937.0,620.8,1066.8,3202.4,819.9,1355.2,7943.4,1298.1,0.0,0.0,0.0,0.0,0.0,0.0,0.0,0.0,,
mcallen/2009/Taylor_-_Pecan_(495)_TMC_2009_PM.txt,TAYLOR / 495,Unshifted,5/19/2009,00:00-24:00,1882.6,2046.1,1068.5,1617.7,7072.7,454.1,652.5,2195.4,873.1,669.0,6715.1,1482.9,0.0,12.4,0.0,0.0,0.0,0.0,0.0,0.0,,
mcallen/2009/Taylor_-_US_83_TMC_2009_AM.txt,TAYLOR / BUS 83,Unshifted,5/21/2009,00:00-24:00,1336.6,2719.9,1592.1,1079.7,3622.0,1203.5,1194.9,1935.4,640.7,1161.7,6849.9,1581.6,0.0,94.5,0.0,0.0,0.0,0.0,0.0,0.0,,
mcallen/2009/Taylor_-_US_83_TMC_2009_PM.txt,TAYLOR / US 83,Unshifted,5/21/2009,00:00-24:00,823.9,1370.1,1016.1,818.8,5387.0,591.2,911.6,2057.0,223.0,304.4,5680.3,854.6,0.0,0.0,0.0,0.0,0.0,0.0,0.0,0.0,,
mcallen/2009/Ware_-_Buddy_Owens_3_Mile_Line_2009_TMC_AM.txt,WARE / 3 MILE,Unshifted,3/24/2009,00:00-24:00,1879.0,14140.6,1380.2,427.0,3166.4,2976.6,2603.0,8473.1,1493.4,4202.3,7404.8,2611.0,0.0,0.0,0.0,0.0,0.0,0.0,0.0,0.0,,
mcallen/2009/Ware_-_Buddy_Owens_3_Mile_Line_2009_TMC_PM.txt,WARE / 3 MILE LINE,Unshifted,3/24/2009,00:00-24:00,2415.4,7938.7,867.6,706.5,4139.9,1505.7,2716.9,7413.0,1908.0,1829.9,4317.3,1514.6,0.0,13.3,0.0,0.0,0.0,0.0,0.0,0.0,,
mcallen/2009/Ware_-_Bus_83_TMC_(2009).txt,WARE / BUS 83,Unshifted,2/25/2009,00:00-24:00,714.2,18666.2,2731.9,1647.7,5038.7,2072.6,2514.0,18081.9,1543.5,4093.2,7526.2,1681.4,0.0,12.5,0.0,0.0,0.0,0.0,0.0,0.0,,
mcallen/2009/Ware_-_Daffodil_(2009).txt,WARE / DAFFODIL,Unshifted,3/9/2009,00:00-24:00,343.4,17090.0,958.0,622.9,1041.9,2201.6,2017.0,13928.3,1086.8,1178.6,1402.7,322.2,0.0,0.0,64.4,0.0,0.0,0.0,0.0,0.0,,
mcallen/2009/Ware_-_Houston_TMC_(2009).txt,WARE / HOUSTON,Unshifted,3/9/2009,00:00-24:00,161.8,19463.9,519.5,52.3,25.9,86.6,48.7,17577.5,286.2,93.5,56.1,123.9,0.0,0.0,0.0,6.1,0.0,0.0,0.0,0.0,,
mcallen/2009/Ware_-_Kennedy_2009_TMC_AM.txt,WARE / KENNEDY,Unshifted,4/9/2009,00:00-24:00,69.2,19785.0,299.3,261.4,43.3,126.1,146.3,15333.5,172.0,171.2,84.6,278.8,0.0,0.0,0.0,0.0,0.0,0.0,0.0,0.0,,
mcallen/2009/Ware_-_Kennedy_2009_TMC_PM.txt,WARE / KENNEDY,Unshifted,4/9/2009,00:00-24:00,59.6,16437.9,1326.2,946.1,23.9,719.7,961.2,17585.0,209.6,127.0,47.4,136.7,0.0,12.4,0.0,0.0,0.0,0.0,0.0,0.0,,
mcallen/2009/Ware_-_Lark_TMC_(2009).txt,WARE / LARK,Unshifted,3/2/2009,00:00-24:00,256.0,7529.0,457.0,507.9,915.7,1298.9,849.9,5883.8,1226.2,1746.2,1370.0,206.1,0.0,0.0,0.0,0.0,0.0,0.0,0.0,0.0,,
mcallen/2009/Ware_-_Nolana_TMC_(2009).txt,WARE / NOLANA,Unshifted,2/26/2009,00:00-24:00,866.1,18646.0,3444.1,1362.0,4650.0,3838.6,4166.9,13936.9,1405.8,1023.5,4758.4,1815.3,0.0,0.0,0.0,0.0,0.0,0.0,0.0,0.0,,
mcallen/2009/Ware_-_Trenton_TMC_(2009)_AM.txt,WARE / TRENTON,Unshifted - Bank 1,4/17/2009,00:00-24:00,654.9,3688.2,1047.7,610.8,2508.3,1526.4,2020.0,4102.8,432.4,789.4,4905.1,673.2,19.1,39.3,0.0,0.0,0.0,0.0,0.0,0.0,,
mcallen/2009/Ware_-_Trenton_TMC_(2009)_PM.txt,WARE / TRENTON,Unshifted - Bank 1,4/16/2009,00:00-24:00,381.7,3760.2,706.2,961.4,4053.5,1699.3,1440.5,3336.4,510.2,599.8,2841.9,678.9,0.0,25.8,0.0,0.0,0.0,0.0,0.0,0.0,,
mcallen/2009/Ware_-_Vine_TMC_(2009).txt,WARE / VINE,Unshifted,3/2/2009,00:00-24:00,4392.6,18979.7,728.0,482.9,2491.6,1728.9,1108.7,16205.8,2069.7,1689.1,2256.0,3554.2,0.0,0.0,0.0,0.0,0.0,0.0,0.0,0.0,,
mcallen/2009/Ware_Rd_-_Gumwood_TMC_2009_AM.txt,WARE RD / GUMWOOD,Unshifted,3/19/2009,00:00-24:00,119.4,12403.6,508.9,323.4,0.0,658.4,283.6,7888.9,761.1,268.8,100.8,272.6,0.0,0.0,0.0,0.0,0.0,0.0,0.0,0.0,,
mcallen/2009/Ware_Rd_-_Gumwood_TMC_2009_PM.txt,23RD / GUMWO0D,Unshifted,3/19/2009,00:00-24:00,220.5,11568.8,522.4,517.0,91.9,459.9,389.3,13746.3,602.8,298.8,102.9,561.5,0.0,0.0,0.0,0.0,0.0,0.0,0.0,0.0,,
mcallen/2009/ware_-_vine_am_tmc_2009_(nikki_rowe).txt,WARE / VINE,Unshifted,8/27/2009,00:00-24:00,3939.4,15511.7,318.9,550.2,2666.4,1693.3,851.6,10658.7,1702.8,419.1,1557.4,2726.1,0.0,0.0,0.0,0.0,0.0,0.0,0.0,0.0,,
mcallen/2009/ware_-_vine_pm_tmc_2009_(nikki_rowe).txt,WARE / VINE,Unshifted,8/27/2009,00:00-24:00,1015.3,13093.2,367.1,330.1,934.7,1171.6,980.7,13172.6,971.8,850.8,788.3,1131.2,0.0,0.0,0.0,0.0,0.0,0.0,0.0,0.0,,
mcallen/2010/10th_-_Dallas_TMC_Weekend_(2010).txt,10 TH / DALLAS AVE,Unshifted,9/26/2010,00:00-24:00,157.7,10656.8,0.0,0.0,0.0,0.0,0.0,10020.1,265.4,173.0,0.0,46.6,0.0,0.0,0.0,0.0,0.0,0.0,0.0,0.0,,
mcallen/2010/10th_-_Jackson_2010_Weekend_TMC.txt,10TH / JACKSON,Unshifted,9/26/2010,00:00-24:00,492.3,11784.5,1215.4,553.8,2184.6,1200.0,739.2,10134.1,1791.0,1887.9,1573.9,691.2,0.0,0.0,0.0,0.0,0.0,0.0,0.0,0.0,,
mcallen/2010/10th_-_Uvalde_2010_Weekend_TMC.txt,10TH / UVALDE,Unshifted,9/18/2010,00:00-24:00,2157.8,10044.2,877.9,844.1,114.6,326.2,504.6,9079.9,662.8,456.5,98.3,2941.3,0.0,0.0,0.0,0.0,0.0,0.0,0.0,0.0,,
mcallen/2010/10th_-_Wichita_2010_Weekend_TMC.txt,10TH ST / WICHITA AVE,Unshifted,9/18/2010,00:00-24:00,2424.1,5296.3,1053.4,1319.3,3542.4,204.2,317.4,4822.9,1676.4,2248.1,2913.2,2798.1,0.0,0.0,0.0,0.0,0.0,0.0,0.0,0.0,,
mcallen/2010/12th_-_Jasmine_TMC_2010.txt,12 / JASMINE,Unshifted,9/1/2010,00:00-24:00,14.9,57.3,60.1,305.7,679.9,321.7,345.2,205.4,596.2,252.1,384.1,0.0,0.0,0.0,0.0,0.0,0.0,0.0,0.0,0.0,,
mcallen/2010/12th_-_Jasmine_TMC_2010.txt,12 / JASMINE,Unshifted,9/2/2010,00:00-24:00,0.0,0.0,42.0,186.5,489.3,205.5,134.1,29.8,278.2,531.8,383.0,0.0,0.0,0.0,0.0,0.0,0.0,0.0,0.0,0.0,,
mcallen/2010/12th_-_Jasmine_TMC_2010.txt,12 / JASMINE,Unshifted,9/3/2010,00:00-24:00,0.0,94.4,203.6,1447.7,565.3,415.0,135.9,307.5,146.4,541.5,1172.2,0.0,0.0,0.0,0.0,0.0,0.0,0.0,0.0,0.0,,
mcallen/2010/12th_-_Jasmine_TMC_2010.txt,12ST / JASMINE,Unshifted,9/1/2010,00:00-24:00,26.0,84.8,277.0,1495.4,421.1,364.4,234.0,304.0,536.6,564.7,884.7,40.5,0.0,0.0,0.0,0.0,0.0,0.0,0.0,0.0,,
mcallen/2010/12th_-_Jasmine_TMC_2010.txt,12th Street / Jasmine,Unshifted,9/2/2010,00:00-24:00,40.7,80.4,224.5,1384.1,347.3,442.7,206.3,328.0,443.8,528.6,1053.8,13.0,0.0,0.0,0.0,0.0,0.0,0.0,0.0,0.0,,
mcallen/2010/2nd_-_Lindberg_Weekend_2010.txt,2 ND / LINDBERG AVE,Unshifted,10/3/2010,00:00-24:00,407.0,6324.3,0.0,0.0,0.0,0.0,0.0,6088.3,260.3,325.2,0.0,535.6,14.4,0.0,0.0,0.0,0.0,0.0,0.0,0.0,,
mcallen/2010/6th_-_Nyssa_2010.txt,6TH / NYSSA,Unshifted,4/1/2010,00:00-24:00,19.9,1557.6,97.5,96.2,184.1,38.5,31.9,1251.1,93.0,111.6,122.4,77.0,0.0,0.0,0.0,0.0,0.0,0.0,0.0,0.0,,
mcallen/2010/6th_-_Nyssa_TMC_AM_2010.txt,6TH / NYSSA,Unshifted,4/1/2010,00:00-24:00,39.7,1508.1,113.4,43.3,229.2,41.5,41.5,987.3,116.5,71.1,82.2,13.0,0.0,0.0,0.0,0.0,0.0,0.0,0.0,0.0,,
mcallen/2010/6th_-_Nyssa_TMC_PM_2010.txt,6TH / NYSSA,Unshifted,4/1/2010,00:00-24:00,0.0,1607.1,81.6,149.2,138.9,35.5,22.3,1514.9,69.4,152.1,162.6,141.0,0.0,0.0,0.0,0.0,0.0,0.0,0.0,0.0,,
mcallen/2010/Frontage_-_Jackson_Ave_TMC_2010.txt,EXPWAY / JACKSON,Unshifted,9/19/2010,00:00-24:00,0.0,0.0,0.0,2223.9,8345.9,0.0,6868.2,6874.5,602.7,0.0,6440.5,1141.5,0.0,109.1,0.0,0.0,0.0,0.0,0.0,0.0,,
mcallen/2010/Frontage_-_Ware_TMC_2010.txt,WARE / FRONTAGE,Unshifted,9/25/2010,00:00-24:00,4833.0,13778.3,16.3,5097.1,5114.2,4545.3,0.0,13555.3,3661.9,0.0,0.0,0.0,0.0,0.0,0.0,0.0,0.0,0.0,0.0,0.0,,
mcallen/2010/Jackson_Ave_-_Jackson_Rd_weekend_TMC_2010.txt,JACKSON RD / JACKSON AVE,Unshifted,9/19/2010,00:00-24:00,3254.5,7915.3,985.8,1192.1,3495.9,1742.9,915.5,7695.1,2150.9,2452.0,4277.5,2527.5,0.0,0.0,0.0,0.0,0.0,0.0,0.0,0.0,,
mcallen/2010/Jackson_Rd_-_Ridge_TMC_Weekend_2010.txt,JACKSON RD / RIDGE RD,Unshifted,9/19/2010,00:00-24:00,3580.1,6475.8,1302.7,1524.7,3351.0,374.6,378.1,6436.1,2592.0,2043.7,3566.2,2662.4,0.0,14.4,0.0,0.0,0.0,0.0,0.0,0.0,,
mcallen/2010/K_Center_-_Jackson_Ave_TMC_2010.txt,K CENTER / JACKSON RD,Unshifted,3/31/2010,00:00-24:00,76.0,0.0,72.6,135.9,6375.4,559.1,190.4,0.0,616.1,342.8,9278.4,273.6,0.0,0.0,21.5,0.0,0.0,0.0,0.0,0.0,,
mcallen/2010/K_Center_-_Jackson_Ave_TMC_2010.txt,K CTR / JACKSON,Unshifted,3/31/2010,00:00-24:00,576.2,69.1,195.4,197.2,7473.7,1335.4,710.0,46.8,1507.3,666.7,8828.9,920.8,0.0,0.0,13.3,0.0,0.0,0.0,0.0,0.0,,
mcallen/2010/K_Center_-_Ridge_2010_TMC.txt,K CENTER ST / RIDGE RD,Unshifted,9/19/2010,00:00-24:00,1590.4,194.6,1869.3,2548.0,6782.0,112.5,97.6,81.5,259.9,291.6,5080.7,1219.0,0.0,0.0,0.0,0.0,0.0,0.0,0.0,0.0,,
mcallen/2010/McColl_-_Expressway_TMC_Weekend_North_of_Expressway_2010.txt,MCCOLL / FRONTAGE,Unshifted,9/18/2010,00:00-24:00,2521.2,4851.1,0.0,341.5,2709.3,3050.2,0.0,6402.9,5246.5,0.0,0.0,0.0,0.0,0.0,0.0,0.0,0.0,0.0,0.0,0.0,,
mcallen/2010/McColl_-_Expressway_TMC_Weekend_South_of_Expressway_2010.txt,,Class 1,9/20/2010,00:00-24:00,0.0,2572.5,600.5,1095.5,5372.2,1395.8,1014.4,608.6,0.0,0.0,0.0,0.0,0.0,0.0,0.0,0.0,0.0,0.0,0.0,0.0,,
mcallen/2010/McColl_-_Jackson_TMC_Weekend_2010.txt,MCCOLL RD / JACKSON AVE,Unshifted,10/2/2010,00:00-24:00,422.1,6858.2,1189.6,1855.2,4398.2,250.8,233.8,5284.6,485.5,1147.2,4729.4,549.3,0.0,44.6,0.0,15.7,0.0,0.0,0.0,0.0,,
mcallen/2010/McColl_-_Ridge_TMC_Weekend_2010.txt,MCC LL / RIDGE,Unshifted,9/18/2010,00:00-24:00,2138.4,2907.7,3107.7,3037.5,7176.3,961.2,507.7,2938.4,384.6,628.3,5338.1,2722.2,0.0,0.0,0.0,0.0,0.0,0.0,0.0,0.0,,
mcallen/2010/Ware_-_Buddy_Owens_3_Mile_Line_TMC_Weekend_2010.txt,WARE RD / BUDDY OWENS,Unshifted,9/26/2010,00:00-24:00,207.3,5597.8,544.2,649.0,3645.1,882.1,1272.7,6243.4,2217.2,3667.1,1554.9,557.2,0.0,0.0,0.0,0.0,0.0,0.0,0.0,0.0,,
mcallen/2010/Ware_-_Bus_83_Weekend_2010.txt,WARE / US83,Unshifted,9/25/2010,00:00-24:00,676.9,13984.5,1923.1,1169.2,5230.7,1630.8,1672.1,12615.8,1886.5,3126.1,5022.7,1396.5,0.0,0.0,0.0,0.0,0.0,0.0,0.0,0.0,,
mcallen/2010/Ware_-_Houston_TMC_Weekend_2010.txt,WARE RD / HOUSTON AVE,Unshifted,9/25/2010,00:00-24:00,971.8,16881.5,1477.9,97.5,0.0,178.4,64.0,15533.0,2013.7,553.7,32.5,420.0,0.0,0.0,0.0,0.0,0.0,0.0,0.0,0.0,,
mcallen/2010/Ware_-_Nolana_TMC_Weekend_2010.txt,WARE / NOLANA,Unshifted,9/26/2010,00:00-24:00,439.3,7534.0,1497.0,775.9,3015.3,2534.7,3143.5,8365.6,532.9,325.4,2326.9,781.1,0.0,11.6,0.0,0.0,0.0,0.0,0.0,0.0,,
mcallen/2010/Ware_-_Vine_TMC_AM_Only_2010.txt,Ware Rd / Vine,Unshifted,9/23/2010,00:00-24:00,4098.6,20710.1,419.0,538.3,2003.1,2522.1,1226.2,14438.1,2662.1,1326.6,1159.7,2403.1,0.0,0.0,0.0,0.0,0.0,0.0,0.0,0.0,,
mcallen/2010/Ware_Rd_-_Pecan_Ave_TMC_2010.txt,WARE RD / PECAN,Unshifted,9/25/2010,00:00-24:00,1261.5,11092.2,2461.5,1371.0,6223.8,2339.1,1276.3,12291.2,2681.1,2123.1,5907.6,2200.0,0.0,15.3,14.3,0.0,0.0,0.0,0.0,0.0,,
mcallen/2010/Ware_Rd_-_Pecan_Ave_TMC_2010.txt,Ware Rd / Pecan,Unshifted,9/22/2010,00:00-24:00,1469.0,16977.0,3985.1,1095.5,4446.8,2501.9,4414.8,11762.3,2138.4,1514.0,9432.0,3007.0,0.0,0.0,0.0,0.0,0.0,0.0,0.0,0.0,,
mcallen/2011/10th_-_Wichita_TMC_2011.txt,10TH / WICHITA,Unshifted - Bank 1,5/3/2011,00:00-24:00,1140.3,4207.3,446.6,816.7,1866.9,265.0,225.3,4386.5,1365.4,1703.7,1937.8,1350.2,0.0,21.8,0.0,8.1,0.0,0.0,0.0,0.0,,
mcallen/2011/Bentsen_-_Bus_83_TMC_2011.txt,BENTSEN / 83,Unshifted,5/11/2011,00:00-24:00,1047.1,2124.7,1494.9,932.9,6356.0,710.5,1536.3,2456.3,537.1,565.5,7284.1,2543.3,0.0,0.0,0.0,0.0,0.0,0.0,0.0,0.0,,
mcallen/2011/Bentsen_-_Bus_83_TMC_2011.txt,BENTSEN / US 83,Unshifted,5/11/2011,00:00-24:00,913.5,1252.6,1680.1,947.4,6145.9,502.9,806.5,1861.6,808.7,522.0,8600.1,1683.8,0.0,0.0,0.0,0.0,0.0,0.0,0.0,0.0,,
mcallen/2011/Bicentennial_-_Uvalde_TMC_2011.txt,BIC / UVALDE,Unshifted,1/14/2011,00:00-24:00,1681.4,2009.6,342.6,33.5,434.1,72.1,8.4,1564.8,899.9,1149.2,772.2,2230.6,0.0,0.0,0.0,0.0,0.0,0.0,0.0,0.0,,
mcallen/2011/Bicentennial_-_Uvalde_TMC_2011.txt,BICENTENNIAL / UVALDE,Unshifted,1/14/2011,00:00-24:00,1598.0,2662.5,1479.3,848.7,2291.5,188.6,113.6,2211.3,2461.7,1214.6,1531.7,2244.5,0.0,0.0,0.0,0.0,0.0,0.0,0.0,0.0,,
mcallen/2011/Bicentennial_-_Wichita_TMC_2011.txt,BICENTENNIAL / WICHITA,Unshifted,1/14/2011,00:00-24:00,0.0,549.6,3052.6,3547.4,0.0,549.0,0.0,0.0,0.0,0.0,0.0,0.0,0.0,5.3,0.0,0.0,0.0,0.0,0.0,0.0,,
mcallen/2011/Taylor_-_Bus_83_TMC_2011.txt,TAYLOR / BUS 83,Unshifted - Bank 1,5/12/2011,00:00-24:00,1095.3,2023.5,1082.4,1073.2,5473.8,1025.4,1867.5,1922.9,454.4,679.8,6722.9,1539.5,66.9,0.0,0.0,0.0,0.0,0.0,0.0,0.0,,
mcallen/2011/Taylor_-_Bus_83_TMC_2011.txt,TAYLOR / US 83,Unshifted,5/12/2011,00:00-24:00,1323.2,2233.8,1299.9,1054.9,4302.5,1890.3,1436.9,1942.3,420.2,983.7,6984.9,1665.1,0.0,19.1,0.0,0.0,0.0,0.0,0.0,0.0,,
mcallen/2011/Ware_-_Bus_83_TMC_2011.txt,WARE / US 83,Unshifted,5/10/2011,00:00-24:00,933.3,12947.4,2082.5,1539.7,5183.1,2072.9,2284.7,13636.1,1630.5,3313.1,4913.3,1410.5,0.0,0.0,0.0,0.0,0.0,0.0,0.0,0.0,,
mcallen/2011/Ware_-_Bus_83_TMC_2011.txt,WARE RD / BUS 83,Unshifted,5/10/2011,00:00-24:00,1679.5,16615.7,3274.6,1137.7,4100.9,1659.9,3134.6,15360.3,1543.0,5197.2,7498.2,1492.2,0.0,0.0,0.0,0.0,0.0,0.0,0.0,0.0,,
mcallen/2011/Ware_-_Colbath_TMC_2011.txt,WARE / COLBATH,Unshifted - Bank 1,10/12/2011,00:00-24:00,837.7,12710.8,1674.7,2028.3,373.5,486.6,617.6,11422.3,325.6,158.9,283.0,687.2,0.0,0.0,0.0,0.0,0.0,0.0,0.0,0.0,,
mcallen/2011/Ware_-_Expressway_TMC_2011.txt,WARE / EXPWY 83,Unshifted - Bank 1,10/13/2011,00:00-24:00,0.0,12782.6,10115.5,0.0,0.0,0.0,5317.3,8977.7,0.0,2488.2,1423.3,7473.9,0.0,0.0,0.0,0.0,0.0,0.0,0.0,0.0,,
mcallen/2011/Ware_-_Expressway_TMC_2011.txt,WARE NORTH EXP / FRONTAGE,Unshifted - Bank 1,10/13/2011,00:00-24:00,4083.3,16705.2,0.0,6590.9,2263.1,5369.6,0.0,13073.4,3013.7,0.0,0.0,0.0,0.0,0.0,0.0,0.0,0.0,0.0,0.0,0.0,,
mcallen/2012/10th_-_Freddy_Gonzalez_TMC_2012.txt,10TH / FREDDY GONZALEZ,Unshifted,5/9/2012,00:00-24:00,1283.0,8735.0,719.1,1422.1,1915.9,2588.4,1544.9,5548.2,424.6,826.8,2861.4,790.6,0.0,0.0,0.0,0.0,0.0,0.0,0.0,0.0,,
mcallen/2012/10th_-_Freddy_Gonzalez_TMC_2012.txt,10TH / FREDDY,Unshifted,5/9/2012,00:00-24:00,195.9,6522.9,691.7,834.0,1996.3,2643.9,2835.2,6151.4,580.9,277.2,1536.3,129.2,0.0,0.0,0.0,0.0,0.0,0.0,0.0,0.0,,
mcallen/2012/10th_-_Trenton_TMC_2012.txt,10TH / TRENTON,Unshifted,5/8/2012,00:00-24:00,1520.4,7697.8,2552.7,1867.7,7849.9,2775.9,2374.8,7045.1,2768.7,3295.0,9442.6,2674.2,0.0,38.3,0.0,6.7,0.0,0.0,0.0,0.0,,
mcallen/2012/8th_-_Trenton_TMC_2012.txt,8TH / TRENTON,Unshifted,5/8/2012,00:00-24:00,362.0,249.7,1015.5,609.8,10846.2,987.5,579.1,110.3,933.9,526.5,12121.0,349.6,0.0,0.0,0.0,0.0,0.0,0.0,0.0,0.0,,
mcallen/2012/Bicentennial_-_Bus_83_TMC_2012.txt,BICENTENNIAL / BUS 83,Unshifted,6/5/2012,00:00-24:00,913.8,5306.7,1614.7,1168.7,4527.3,1109.5,1506.7,5735.9,1554.4,1207.8,6602.9,1253.9,0.0,19.8,0.0,0.0,0.0,0.0,0.0,0.0,,
mcallen/2012/Glasscock_-_FM_107_TMC_2012.txt,GLASSCOCK / 107,Unshifted,1/18/2012,00:00-24:00,223.8,117.6,71.1,194.8,6345.6,342.9,470.3,95.1,190.2,164.8,10720.4,122.8,0.0,6.9,0.0,0.0,0.0,0.0,0.0,0.0,,
mcallen/2012/Glasscock_-_Mile_6_Ln_TMC_2012.txt,GLASSCOCK / MILE 6,Unshifted,1/24/2012,00:00-24:00,23.3,487.2,95.9,59.9,411.0,97.9,188.4,541.7,176.2,200.2,514.0,41.0,0.0,0.0,0.0,0.0,0.0,0.0,0.0,0.0,,
mcallen/2012/Glasscock_-_Mile_7_Ln_TMC_2012.txt,GLASSCOCK / 7 Mile Line,Unshifted,1/19/2012,00:00-24:00,0.0,564.9,13.7,33.6,39.6,20.7,21.1,615.6,6.4,34.1,105.1,0.0,0.0,0.0,0.0,0.0,0.0,0.0,0.0,0.0,,
mcallen/2012/Shary_rd_-_FM_107_TMC_2012.txt,SHARY / 107,Unshifted,1/17/2012,00:00-24:00,123.9,314.9,142.9,88.4,5783.4,1797.5,2405.8,275.7,705.8,1129.1,10626.8,218.4,0.0,0.0,0.0,0.0,0.0,0.0,0.0,0.0,,
mcallen/2012/Shary_rd_-_Mile_6_Ln_TMC_2012.txt,SHARY / MILE 6,Unshifted,1/25/2012,00:00-24:00,82.9,2952.0,59.0,59.9,288.8,53.3,160.3,3739.4,191.5,349.8,503.7,59.2,0.0,0.0,0.0,0.0,0.0,0.0,0.0,0.0,,
mcallen/2012/Shary_rd_-_Mile_7_Ln_TMC_2012.txt,SHARY / MILE 7,Unshifted,1/19/2012,00:00-24:00,13.7,2698.1,26.4,39.2,52.3,40.1,67.4,1968.9,79.4,54.0,93.1,13.6,0.0,0.0,0.0,0.0,0.0,0.0,0.0,0.0,,
mcallen/2012/Shary_rd_-_Mile_7_Ln_TMC_2012.txt,SHARY RD / 7 MILE,Unshifted,1/19/2012,00:00-24:00,44.1,3040.4,13.8,44.1,13.0,44.1,42.5,4254.5,28.5,112.4,108.8,41.5,0.0,0.0,0.0,0.0,0.0,0.0,0.0,0.0,,
mcallen/2012/Taylor_-_6_Mile_Ln_TMC_2012.txt,TAYLOR / 6 MILE,Unshifted,1/24/2012,00:00-24:00,26.8,982.1,53.4,94.4,302.5,207.5,184.8,1003.9,150.4,210.4,554.3,84.2,0.0,0.0,0.0,0.0,0.0,0.0,0.0,0.0,,
mcallen/2012/Ware_-_Dove_TMC_2012.txt,WARE RD / DOVE,Unshifted,2/2/2012,00:00-24:00,58.0,11377.8,1058.2,1157.4,1124.5,5010.2,4764.9,7563.3,432.1,1259.6,873.6,1049.5,0.0,19.1,0.0,0.0,0.0,0.0,0.0,0.0,,
mcallen/2012/Ware_-_Dove_TMC_2012.txt,Ware Rd / DOVE,Unshifted,2/2/2012,00:00-24:00,173.4,7304.8,694.7,1220.3,533.8,3143.5,3380.8,7637.4,477.9,432.8,173.3,285.4,0.0,39.1,0.0,0.0,0.0,0.0,0.0,0.0,,
mcallen/2012/Ware_-_Lark_TMC_2012.txt,WARE / LARK,Unshifted,2/1/2012,00:00-24:00,233.5,6524.9,518.7,460.6,875.4,634.7,1116.9,6640.6,1094.4,1047.8,1051.2,345.9,0.0,0.0,12.4,0.0,0.0,0.0,0.0,0.0,,
mcallen/2012/Ware_-_Lark_TMC_2012.txt,WARE RD / LARK,Unshifted,2/1/2012,00:00-24:00,171.8,10413.8,621.2,796.1,1044.8,1484.0,871.4,8252.3,1302.7,2258.5,1612.6,623.5,0.0,0.0,19.1,0.0,0.0,0.0,0.0,0.0,,
mcallen/2012/Ware_-_Trenton-Auburn_TMC_2012.txt,WARE / AUBURN,Unshifted,1/31/2012,00:00-24:00,470.6,3787.4,871.3,988.9,3924.6,2132.3,1825.1,3882.3,566.2,423.4,2960.3,565.7,0.0,0.0,0.0,0.0,0.0,0.0,0.0,0.0,,
mcallen/2012/Ware_-_Trenton-Auburn_TMC_2012.txt,WARE RD / AUBURN AVE,Unshifted,1/31/2012,00:00-24:00,698.3,5646.0,1594.3,848.6,2937.2,2193.2,1933.3,4777.2,663.7,714.1,4763.5,657.4,0.0,0.0,0.0,0.0,0.0,0.0,0.0,0.0,,
mcallen/2012/Ware_Rd_-_Pecan_TMC_AM_2012.txt,WARE / PECAN,Unshifted,4/25/2012,00:00-24:00,2484.5,18787.5,3461.6,933.0,4523.0,2412.5,4487.3,13201.3,1721.0,1738.4,8940.4,3352.9,0.0,0.0,21.5,0.0,0.0,0.0,0.0,0.0,,
