phoenix/10,Priest Dr / Southern Ave / Tempe,10,3/25/2009,00:00-24:00,1041.0,10777.1,1534.7,4350.9,10545.8,2337.8,1741.1,10655.6,4942.7,5997.6,10785.7,2072.5,31.9,195.7,373.1,212.8,0.0,0.0,0.0,0.0,,
phoenix/100,Lindsay Rd / Pecos Rd / Gilbert,100,3/30/2010,00:00-24:00,1641.2,4461.6,1482.2,1836.4,5197.5,740.7,455.7,5205.5,1306.1,1144.1,3575.8,1166.1,114.5,18.9,33.3,18.6,0.0,0.0,0.0,0.0,,
phoenix/101,Lindsay Rd / Queen Creek Rd / Gilbert,101,3/30/2010,00:00-24:00,329.5,4126.6,1412.7,1560.9,3434.4,952.0,754.1,5308.9,678.6,688.9,3054.6,419.6,44.2,14.7,23.5,3.3,0.0,0.0,0.0,0.0,,
phoenix/102,Val Vista Dr / Guadalupe Rd / Gilbert,102,3/30/2010,00:00-24:00,1184.5,14809.7,1817.8,1965.3,6388.9,2106.1,1313.1,17593.4,2603.0,1832.7,4861.2,1442.0,50.7,97.1,63.1,63.0,0.0,0.0,0.0,0.0,,
phoenix/103,Val Vista Dr / Ray Rd / Gilbert,103,3/30/2010,00:00-24:00,1551.0,9827.1,2578.3,1784.5,4294.3,711.3,665.9,9954.6,1389.3,1132.8,5035.2,1840.6,44.5,60.9,73.2,66.5,0.0,0.0,0.0,0.0,,
phoenix/104,Val Vista Dr / Williams Field Rd / Gilbert,104,3/30/2010,00:00-24:00,1660.9,9874.2,1905.4,2088.2,5923.7,1551.6,1107.5,9705.3,1651.2,1615.7,4992.4,2179.9,45.3,51.3,36.0,54.3,0.0,0.0,0.0,0.0,,
phoenix/105,Val Vista Dr / Pecos Rd / Gilbert,105,3/30/2010,00:00-24:00,1342.2,9648.2,2341.7,3158.6,4583.4,2596.6,1222.5,10084.0,1111.7,1233.6,2814.6,1244.2,38.8,21.1,23.9,41.8,0.0,0.0,0.0,0.0,,
phoenix/106,Greenfield Rd / McKellips Rd / Mesa,106,3/30/2010,00:00-24:00,262.4,4662.0,1233.4,817.0,5699.7,1058.4,1472.5,4462.4,2326.0,1515.3,6740.4,317.6,16.3,9.8,42.5,32.6,0.0,0.0,0.0,0.0,,
phoenix/107,Greenfield Rd / Guadalupe Rd / Gilbert,107,3/30/2010,00:00-24:00,806.6,5554.7,1453.0,1921.8,6660.2,1112.0,1008.8,5854.5,1644.9,1748.9,5296.2,973.1,73.0,75.7,105.9,32.8,0.0,0.0,0.0,0.0,,
phoenix/108,Greenfield Rd / Warner Rd / Gilbert,108,3/30/2010,00:00-24:00,1058.0,6593.5,1109.8,1132.3,4395.2,613.7,403.5,5300.5,2118.5,1760.1,4170.2,1276.5,37.8,123.3,74.1,48.7,0.0,0.0,0.0,0.0,,
phoenix/109,Higley Rd / Brown Rd / Mesa,109,3/30/2010,00:00-24:00,968.9,7415.0,1130.8,1049.2,6959.3,2710.0,2494.0,7306.6,1573.2,1483.7,7110.1,1281.8,61.4,148.8,157.8,85.6,0.0,0.0,0.0,0.0,,
phoenix/11,Southern Ave / Mill Ave / Tempe,11,4/23/2009,00:00-24:00,1226.2,9658.3,1718.6,1720.0,13343.1,1793.7,1137.2,6874.0,1710.9,4211.3,10137.0,1727.9,143.9,180.4,190.3,322.9,0.0,0.0,0.0,0.0,,
phoenix/110,Higley Rd / University Dr / Mesa,110,3/30/2010,00:00-24:00,968.8,9836.3,1090.0,1033.0,5912.2,1364.8,975.8,10733.3,1619.3,1802.7,5430.4,1033.4,107.2,134.4,95.5,104.4,0.0,0.0,0.0,0.0,,
phoenix/111,Higley Rd / Baseline Rd / Gilbert,111,3/30/2010,00:00-24:00,3364.5,12643.6,2501.9,3049.5,4538.3,1225.6,577.8,9546.4,1561.1,1782.8,5103.8,3745.4,17.0,47.6,38.8,78.0,0.0,0.0,0.0,0.0,,
phoenix/112,99th Ave / Bell Rd / Sun City,112,3/24/2010,00:00-24:00,1027.6,4871.4,1558.4,854.8,21274.1,1709.8,1186.3,4344.9,2717.1,2356.9,27276.9,1154.2,20.0,12.3,91.2,29.6,0.0,0.0,0.0,0.0,,
phoenix/113,32nd St / Thunderbird Rd / Phoenix,113,3/24/2010,00:00-24:00,876.8,5741.5,3190.9,3660.7,2800.7,2154.1,1719.2,5397.8,425.1,407.7,2897.9,1057.2,66.9,132.7,153.2,91.5,0.0,0.0,0.0,0.0,,
phoenix/114,40th St / Bell Rd / Phoenix,114,3/24/2010,00:00-24:00,2464.3,3250.3,1020.3,1140.3,16198.8,1383.1,1618.1,4030.9,2608.3,2392.2,17089.7,2127.2,0.0,0.0,0.0,0.0,0.0,0.0,0.0,0.0,,
phoenix/115,40th St / Greenway Rd / Phoenix,115,3/24/2010,00:00-24:00,1370.0,4468.7,1514.6,1532.8,16955.9,1322.1,1488.6,5288.0,2845.7,2613.4,19070.5,1931.0,47.1,46.7,100.8,123.6,0.0,0.0,0.0,0.0,,
phoenix/116,40th St / Thunderbird Rd / Phoenix,116,3/24/2010,00:00-24:00,1392.7,4982.3,2717.4,2211.9,9750.4,1228.2,1549.2,4654.1,1223.7,531.9,9304.6,1264.1,108.3,111.3,59.6,76.7,0.0,0.0,0.0,0.0,,
phoenix/118,Grand Ave / Bell Rd / Surprise,118,3/24/2010,00:00-24:00,0.0,7276.0,5651.8,4563.5,15468.6,619.6,0.0,6565.1,3954.1,2728.6,18395.5,746.8,20.3,13.4,40.3,25.8,0.0,0.0,0.0,0.0,,
phoenix/119,R H Johnson Blvd / Bell Rd / Surprise,119,3/24/2010,00:00-24:00,2061.1,1280.1,6032.7,5937.6,19493.8,568.7,419.5,1592.5,1369.6,667.0,24959.5,2072.5,0.0,17.8,12.3,27.0,0.0,0.0,0.0,0.0,,
phoenix/12,Rural Rd / Southern Ave / Tempe,12,3/24/2009,00:00-24:00,1220.8,14013.3,1989.7,2483.5,12399.6,2254.8,2212.1,15103.7,3295.9,3185.8,8927.7,2169.6,344.4,360.7,362.3,323.7,0.0,0.0,0.0,0.0,,
phoenix/120,Bullard Ave / Waddell Rd / Surprise,120,3/25/2010,00:00-24:00,356.1,2594.2,823.1,981.5,5241.8,1888.8,1583.7,2735.7,962.1,1488.0,5343.3,529.0,88.2,15.1,7.5,125.8,0.0,0.0,0.0,0.0,,
phoenix/121,Bullard Ave / Cactus Rd / Surprise,121,3/25/2010,00:00-24:00,1215.0,2596.6,1457.4,1223.7,3271.7,542.7,148.5,1620.0,410.9,480.9,3554.1,1688.2,11.0,17.0,35.9,67.2,0.0,0.0,0.0,0.0,,
phoenix/122,Sarival Ave / Bell Rd / Surprise,122,3/24/2010,00:00-24:00,0.0,0.0,0.0,0.0,12801.4,1256.6,988.0,0.0,880.6,677.3,14362.7,0.0,13.3,0.0,49.5,4.0,0.0,0.0,0.0,0.0,,
phoenix/123,Litchfield Rd / Indian School Rd / Goodyear,123,3/25/2010,00:00-24:00,1678.1,7884.0,1684.5,924.8,5164.3,2769.9,2064.9,6924.6,2943.2,2636.9,6917.0,2698.3,24.7,43.7,51.2,72.5,0.0,0.0,0.0,0.0,,
phoenix/124,Litchfield Rd / Van Buren St / Goodyear,124,3/25/2010,00:00-24:00,1435.3,6025.7,4606.0,3110.3,5370.6,1053.0,1089.0,6354.5,1322.6,1087.0,4221.2,1683.4,31.1,64.0,56.1,68.7,0.0,0.0,0.0,0.0,,
phoenix/125,99th Ave / Camelback Rd / Phoenix,125,3/25/2010,00:00-24:00,1729.4,2491.2,2240.5,1229.7,13756.1,2437.4,2046.1,2082.5,1088.7,878.6,17442.2,1433.6,24.3,29.8,55.6,56.9,0.0,0.0,0.0,0.0,,
phoenix/126,99th Ave / Indian School Rd / Phoenix,126,3/25/2010,00:00-24:00,934.1,2946.4,1597.5,967.7,13158.3,598.5,399.1,2615.6,1515.3,1449.6,15536.5,901.0,26.1,22.3,29.7,20.4,0.0,0.0,0.0,0.0,,
phoenix/127,99th Ave / Thomas Rd / Phoenix,127,3/25/2010,00:00-24:00,574.7,3425.3,976.4,1092.6,6259.9,1663.2,1567.4,3006.1,564.1,481.1,7187.8,428.7,6.3,0.0,19.0,18.6,0.0,0.0,0.0,0.0,,
phoenix/128,91st Ave / Camelback Rd / Phoenix,128,3/25/2010,00:00-24:00,1049.1,3191.9,1603.6,1251.6,11433.4,1104.0,1462.5,3500.3,2019.4,1327.3,12731.4,1193.3,230.0,241.9,187.2,400.8,0.0,0.0,0.0,0.0,,
phoenix/129,91st Ave / Indian School Rd / Phoenix,129,3/25/2010,00:00-24:00,713.5,4616.6,1627.0,1149.2,8819.7,1569.4,1520.7,5028.9,1996.8,1465.8,10263.8,912.8,11.1,107.2,47.6,27.6,0.0,0.0,0.0,0.0,,
phoenix/13,McClintock Dr / Southern Ave / Tempe,13,3/24/2009,00:00-24:00,1778.7,13871.8,2227.8,1405.6,12581.5,3361.4,2201.8,13660.4,6423.3,2972.8,8379.7,2419.2,566.4,269.3,288.4,215.7,0.0,0.0,0.0,0.0,,
phoenix/130,91st Ave / Buckeye Rd / Phoenix,130,3/25/2010,00:00-24:00,1191.8,3879.8,1147.6,1126.7,7699.3,926.6,908.2,4544.7,1121.2,892.2,8783.4,1124.6,4.5,0.0,0.0,28.2,0.0,0.0,0.0,0.0,,
phoenix/131,83rd Ave / Camelback Rd / Phoenix,131,3/25/2010,00:00-24:00,2742.6,5684.2,1226.8,746.6,8409.2,1985.9,1788.6,5916.4,1707.0,1356.3,11841.5,2561.3,26.2,40.3,93.0,17.3,0.0,0.0,0.0,0.0,,
phoenix/132,75th Ave / Camelback Rd / Phoenix,132,3/25/2010,00:00-24:00,2008.8,6158.1,922.6,1070.3,9861.4,2566.0,3010.8,6305.1,1591.0,1715.8,12263.1,2004.7,70.3,108.4,129.9,99.6,0.0,0.0,0.0,0.0,,
phoenix/133,19th Ave / Deer Valley Rd / Phoenix,133,3/24/2010,00:00-24:00,3718.5,10250.4,3809.4,3896.0,12789.3,2193.8,1191.0,6475.1,3460.7,1519.1,3410.4,1467.1,52.7,39.0,104.5,163.3,0.0,0.0,0.0,0.0,,
phoenix/134,Higley Rd / Guadalupe Rd / Gilbert,134,3/30/2010,00:00-24:00,1013.1,7839.4,2295.7,646.9,4862.2,1052.4,1110.5,9303.2,1719.1,1090.7,5127.7,935.2,0.0,0.0,0.0,0.0,0.0,0.0,0.0,0.0,,
phoenix/135,Higley Rd / Elliot Rd / Gilbert,135,3/30/2010,00:00-24:00,1035.8,8605.9,1996.8,860.5,4361.3,1322.9,1077.4,8677.0,1136.3,659.1,4242.2,932.2,0.0,0.0,0.0,0.0,0.0,0.0,0.0,0.0,,
phoenix/136,Higley Rd / Germann Rd / Gilbert,136,3/30/2010,00:00-24:00,233.5,6543.1,2812.8,3977.5,5323.7,1135.3,927.2,9691.5,1730.3,1263.9,4960.9,399.2,0.0,0.0,0.0,0.0,0.0,0.0,0.0,0.0,,
phoenix/137,Higley Rd / Chandler Heights Rd / Gilbert,137,3/30/2010,00:00-24:00,923.0,4827.1,1617.0,1504.4,3897.7,1749.7,805.3,6089.2,2029.6,1464.1,3800.1,1524.5,0.0,0.0,0.0,0.0,0.0,0.0,0.0,0.0,,
phoenix/138,Cooper Rd / Guadalupe Rd / Gilbert,138,4/6/2010,00:00-24:00,1630.7,8817.2,1769.8,1892.3,7932.3,2253.0,1860.5,11909.4,1166.3,868.4,6797.4,1805.9,0.0,0.0,0.0,0.0,0.0,0.0,0.0,0.0,,
phoenix/139,McQueen Rd / Guadalupe Rd / Gilbert,139,4/6/2010,00:00-24:00,1574.6,13653.6,1609.0,1402.3,7288.1,2415.0,1792.3,14957.9,3064.0,1630.3,6533.2,2075.3,0.0,0.0,0.0,0.0,0.0,0.0,0.0,0.0,,
phoenix/14,Price Rd / Southern Ave / Tempe,14,3/24/2009,00:00-24:00,2883.6,8482.0,4642.4,0.0,13693.5,2601.6,0.0,0.0,0.0,2437.2,10513.5,0.0,55.9,0.0,30.4,46.5,0.0,0.0,0.0,0.0,,
phoenix/140,Alma School Rd / Queen Creek Rd / Chandler,140,4/6/2010,00:00-24:00,1577.4,11652.0,2670.3,2193.9,3897.7,2058.5,1349.8,11669.0,2913.8,1754.3,4432.9,2108.7,0.0,0.0,0.0,0.0,0.0,0.0,0.0,0.0,,
phoenix/141,Cooper Rd / Riggs Rd / Chandler,141,4/6/2010,00:00-24:00,686.2,1018.1,994.1,836.6,8827.5,92.7,238.3,1607.4,1698.9,1074.0,6933.8,552.7,0.0,0.0,0.0,0.0,0.0,0.0,0.0,0.0,,
phoenix/142,Rural Rd / Warner Rd / Tempe,142,4/14/2010,00:00-24:00,2075.4,6661.0,1583.7,2159.8,11477.4,1920.1,1910.8,7611.8,1294.8,1485.5,10573.0,2147.2,0.0,0.0,0.0,0.0,0.0,0.0,0.0,0.0,,
phoenix/143,32nd St / Baseline Rd / Phoenix,143,4/14/2010,00:00-24:00,1842.1,92.7,2227.2,2351.8,21707.0,197.5,166.9,154.6,49.9,76.4,26487.4,2010.5,0.0,0.0,0.0,0.0,0.0,0.0,0.0,0.0,,
phoenix/144,48th St / Elliot Rd / Phoenix,144,4/14/2010,00:00-24:00,1438.1,8358.0,3571.9,2653.0,3885.5,2654.6,2872.9,9277.6,531.5,624.0,5722.9,1943.8,0.0,0.0,0.0,0.0,0.0,0.0,0.0,0.0,,
phoenix/145,48th St / Warner rd / Phoenix,145,4/14/2010,00:00-24:00,1181.3,8686.8,1667.0,1048.6,5599.9,3428.3,2697.6,10210.2,2010.9,1313.5,6236.7,2375.0,0.0,0.0,0.0,0.0,0.0,0.0,0.0,0.0,,
phoenix/146,Hayden Rd / Thompson Peak Pkwy / Scottsdale,146,4/7/2010,00:00-24:00,587.5,8976.0,2530.2,1115.5,2072.1,2460.9,2485.1,8746.3,2890.9,2897.0,2723.2,454.8,0.0,0.0,0.0,0.0,0.0,0.0,0.0,0.0,,
phoenix/147,Pima Rd / Thompson Peak Pkwy / Scottsdale,147,4/7/2010,00:00-24:00,1398.5,10749.1,2166.0,2140.8,2625.8,1300.4,40.2,9370.1,1445.5,1330.8,3048.0,1526.0,0.0,0.0,0.0,0.0,0.0,0.0,0.0,0.0,,
phoenix/148,Greenway Rd / Frank Lloyd Wright Blvd / Scottsdale,148,4/7/2010,00:00-24:00,3568.5,5306.6,2199.9,1765.3,11412.5,5264.1,3647.1,3696.3,302.2,496.4,14908.4,4315.6,0.0,0.0,0.0,0.0,0.0,0.0,0.0,0.0,,
phoenix/149,Pima Rd / Happy Valley Rd / Scottsdale,149,4/7/2010,00:00-24:00,971.9,8801.4,373.4,344.5,2970.1,5756.7,6829.1,8660.2,749.6,308.9,2056.9,506.3,0.0,0.0,0.0,0.0,0.0,0.0,0.0,0.0,,
phoenix/150,7th St / Bethany Home Rd / Phoenix,150,4/8/2010,00:00-24:00,1626.7,17890.3,16.1,672.9,11249.3,1380.5,1938.9,15190.4,86.8,1813.0,14223.2,1660.5,0.0,0.0,0.0,0.0,0.0,0.0,0.0,0.0,,
phoenix/151,7th St / Jefferson St / Phoenix,151,4/8/2010,00:00-24:00,0.0,11772.6,2897.2,0.0,0.0,0.0,2447.2,12523.0,0.0,845.0,6054.2,1987.7,0.0,0.0,0.0,0.0,0.0,0.0,0.0,0.0,,
phoenix/152,7th St / Baseline Rd / Phoenix,152,4/8/2010,00:00-24:00,1456.0,3126.5,2062.5,1873.6,15039.2,1412.2,1586.8,3124.0,537.9,318.0,16776.5,2401.9,0.0,0.0,0.0,0.0,0.0,0.0,0.0,0.0,,
phoenix/153,24th St / Baseline Rd / Phoenix,153,4/8/2010,00:00-24:00,3704.9,3073.4,4916.6,3333.6,19665.3,1696.5,1567.7,2575.1,1726.7,575.5,24087.3,3927.7,0.0,0.0,0.0,0.0,0.0,0.0,0.0,0.0,,
phoenix/154,Dysart Rd / Northern Ave / El Mirage,154,4/13/2010,00:00-24:00,108.8,5503.4,1013.4,818.1,4542.3,722.3,617.5,5697.3,1681.6,1504.1,5579.8,306.6,0.0,0.0,0.0,0.0,0.0,0.0,0.0,0.0,,
phoenix/155,Dysart Rd / Glendale Ave / Glendale,155,4/13/2010,00:00-24:00,429.4,4693.8,2433.6,2411.2,5537.3,3034.5,3535.3,4322.9,1495.2,1386.3,5333.4,411.0,0.0,0.0,0.0,0.0,0.0,0.0,0.0,0.0,,
phoenix/156,107th Ave / Northern Ave / Peoria,156,4/13/2010,00:00-24:00,660.7,231.6,1939.6,1863.5,7973.3,509.3,765.5,216.6,100.1,80.8,10026.8,553.7,0.0,0.0,0.0,0.0,0.0,0.0,0.0,0.0,,
phoenix/157,99th Ave / Peoria Ave / Sun City,157,4/13/2010,00:00-24:00,417.3,2027.5,4497.2,4238.4,4253.7,1596.6,1783.9,2071.9,114.0,96.5,4437.5,557.2,0.0,0.0,0.0,0.0,0.0,0.0,0.0,0.0,,
phoenix/158,Gilbert Rd / Elliot Rd / Gilbert,158,3/30/2010,00:00-24:00,1218.8,7397.0,2071.2,1958.0,6830.6,2138.0,2017.1,7202.7,1740.3,1777.2,6560.4,1646.1,36.8,45.5,104.8,52.0,0.0,0.0,0.0,0.0,,
phoenix/159,Gilbert Rd / Warner Rd / Gilbert,159,3/30/2010,00:00-24:00,1096.2,7980.2,2784.3,2399.3,6431.9,2065.9,1829.6,6929.8,2399.3,2148.9,5460.8,1024.2,30.9,46.4,48.9,66.1,0.0,0.0,0.0,0.0,,
phoenix/160,Gilbert Rd / Ray Rd / Gilbert,160,3/30/2010,00:00-24:00,1371.6,7817.1,1589.1,1263.8,8913.6,1489.4,1125.5,7713.8,1745.5,1200.6,6799.7,1817.0,12.9,11.4,15.8,24.5,0.0,0.0,0.0,0.0,,
phoenix/161,Gilbert Rd / Riggs Rd / Chandler,161,3/30/2010,00:00-24:00,1060.2,3631.2,2147.4,1594.4,6956.6,1672.8,1157.7,3516.8,637.2,493.2,6513.6,1710.2,0.0,0.0,21.2,9.1,0.0,0.0,0.0,0.0,,
phoenix/162,Lindsay Rd / Brown Rd / Mesa,162,3/30/2010,00:00-24:00,1143.0,6553.4,1248.7,1069.6,7386.2,1710.6,1364.7,6723.0,2058.1,1879.5,6593.7,1095.6,65.2,77.0,40.6,100.5,0.0,0.0,0.0,0.0,,
phoenix/163,Lindsay Rd / Elliot Rd / Gilbert,163,3/30/2010,00:00-24:00,1390.9,11102.6,2019.2,1998.0,6977.0,1463.5,1982.8,11979.4,2503.2,2278.6,7124.8,1420.8,26.3,19.7,83.5,24.0,0.0,0.0,0.0,0.0,,
phoenix/164,Arizona Ave / Riggs Rd / Chandler,164,4/6/2010,00:00-24:00,1410.2,4742.3,2974.7,5407.6,7613.3,674.3,407.2,4991.5,716.7,739.0,6363.1,1484.3,0.0,11.1,0.0,0.0,0.0,0.0,0.0,0.0,,
phoenix/165,Mesa Dr / McKellips Rd / Mesa,165,4/6/2010,00:00-24:00,866.7,776.0,342.4,360.0,14668.2,1840.6,2024.8,642.2,3399.2,2536.4,10937.9,767.7,26.4,88.4,70.1,54.1,0.0,0.0,0.0,0.0,,
phoenix/166,McQueen Rd / Elliot Rd / Gilbert,166,4/6/2010,00:00-24:00,3433.8,11941.9,2420.5,2552.9,9055.8,1903.1,1218.4,13867.6,2458.8,2027.1,7616.3,3110.0,18.1,30.1,30.2,48.3,0.0,0.0,0.0,0.0,,
phoenix/167,McQueen Rd / Warner Rd / Chandler,167,4/6/2010,00:00-24:00,1831.3,10208.4,2007.4,2212.6,8174.6,1308.4,1262.3,13849.8,3316.5,2758.8,6257.7,2074.8,0.0,12.5,19.9,14.8,0.0,0.0,0.0,0.0,,
phoenix/168,McQueen Rd / Chandler Blvd / Chandler,168,4/6/2010,00:00-24:00,2109.6,9355.7,1890.0,2262.8,8836.2,1941.1,1568.9,9021.0,1850.1,1487.2,6665.4,2164.2,139.6,58.1,80.8,74.2,0.0,0.0,0.0,0.0,,
phoenix/169,Arizona Ave / Ray Rd / Chandler,169,4/6/2010,00:00-24:00,1977.7,8122.1,2176.3,2588.8,11575.0,1711.6,1298.8,8512.4,2104.3,1871.3,9327.8,2192.0,140.9,107.1,75.3,84.3,0.0,0.0,0.0,0.0,,
phoenix/170,Tatum Blvd / Greenway Rd / Phoenix,170,4/7/2010,00:00-24:00,1953.9,12375.6,2159.8,1485.5,13555.2,2524.0,2106.5,11233.0,2584.7,2628.9,15612.9,2015.5,72.2,121.1,81.4,6.5,0.0,0.0,0.0,0.0,,
phoenix/171,56th St / Bell Rd / Phoenix,171,4/7/2010,00:00-24:00,2564.7,6909.3,2808.0,2456.4,11892.8,1144.5,1365.6,6232.9,2190.9,2090.7,15216.5,2450.8,17.4,93.8,23.6,35.0,0.0,0.0,0.0,0.0,,
phoenix/172,56th St / Thunderbird Rd / Phoenix,172,4/7/2010,00:00-24:00,1559.1,7496.6,1257.5,1032.7,9504.4,724.4,683.1,6036.9,1500.8,1484.4,9534.5,1488.2,6.2,43.0,0.0,21.6,0.0,0.0,0.0,0.0,,
phoenix/173,56th St / Shea Blvd / Phoenix,173,4/7/2010,00:00-24:00,2833.3,700.9,4538.5,3112.7,20620.7,254.3,175.0,551.9,799.7,598.3,23311.6,2278.3,3.0,30.3,17.6,25.0,0.0,0.0,0.0,0.0,,
phoenix/174,7th Ave / Dunlap Ave / Phoenix,174,4/8/2010,00:00-24:00,421.2,2568.1,811.2,602.5,11951.1,1785.2,2015.4,3642.1,2636.8,2711.0,13117.8,591.4,141.4,121.8,104.7,123.7,0.0,0.0,0.0,0.0,,
phoenix/175,7th Ave / Buckeye Rd / Phoenix,175,4/8/2010,00:00-24:00,860.4,7016.0,1791.0,2415.3,7547.3,607.2,581.6,10188.1,1366.9,944.6,7015.6,1585.6,58.9,152.3,78.4,268.6,0.0,0.0,0.0,0.0,,
phoenix/176,Central Ave / Dunlap Ave / Phoenix,176,4/8/2010,00:00-24:00,781.1,4068.3,521.7,440.1,10673.7,1585.4,1539.8,3287.5,2406.1,2667.5,11005.1,887.8,233.7,465.0,757.8,368.3,0.0,0.0,0.0,0.0,,
phoenix/177,75th Ave / Union Hills Dr / Glendale,177,3/24/2010,00:00-24:00,883.3,6540.2,1302.4,1478.9,7343.3,2066.7,1670.5,5697.6,704.6,950.6,9552.3,1436.9,184.4,164.6,52.8,117.1,0.0,0.0,0.0,0.0,,
phoenix/178,67th Ave / Greenway Rd / Glendale,178,3/24/2010,00:00-24:00,179.3,8416.8,4025.6,4291.8,730.3,5107.2,4798.5,8539.6,430.9,591.9,773.7,129.5,27.3,21.3,44.6,60.3,0.0,0.0,0.0,0.0,,
phoenix/179,59th Ave / Greenway Rd / Glendale,179,4/14/2010,00:00-24:00,2076.9,10471.9,1757.9,2339.6,9987.2,1654.6,1502.9,12540.2,2432.7,1626.1,5231.9,1362.1,96.5,142.9,123.2,108.2,0.0,0.0,0.0,0.0,,
phoenix/18,59th Ave / Bell Rd / Glendale,18,6/28/2007,00:00-24:00,2529.7,8031.1,3315.1,2555.0,13701.5,2038.1,2215.2,8003.6,4454.0,2195.1,17677.9,2642.7,0.0,0.0,0.0,0.0,0.0,0.0,0.0,0.0,,
phoenix/180,51st Ave / Greenway Rd / Phoenix,180,3/24/2010,00:00-24:00,1194.3,10576.7,1255.1,1347.2,9659.7,1938.2,2124.2,9919.3,1496.4,1275.8,10436.8,1184.0,25.8,18.0,17.6,29.8,0.0,0.0,0.0,0.0,,
phoenix/181,7th St / Deer Valley Rd / Phoenix,181,3/24/2010,00:00-24:00,308.0,5613.3,3037.6,2090.0,7245.5,2498.1,2461.2,4276.7,2878.9,2652.0,7630.8,422.4,0.0,6.4,3.0,6.2,0.0,0.0,0.0,0.0,,
phoenix/182,32nd St / Greenway Rd / Phoenix,182,3/24/2010,00:00-24:00,1725.3,5668.1,3100.7,2062.6,16122.9,2062.4,1968.4,5097.2,2138.1,2067.6,19787.1,2361.8,129.8,94.0,186.9,85.4,0.0,0.0,0.0,0.0,,
phoenix/183,91st Ave / Northern Ave / Peoria,183,4/13/2010,00:00-24:00,1068.5,2703.9,1207.2,1071.2,9439.1,714.9,687.4,3257.0,2010.1,1620.2,11055.3,1195.9,25.0,72.5,4.5,17.6,0.0,0.0,0.0,0.0,,
phoenix/184,51st Ave / Peoria Ave / Glendale,184,4/13/2010,00:00-24:00,1736.7,9912.3,1962.4,1439.4,11539.5,1344.4,1337.4,10366.4,1981.2,1565.3,13864.1,1880.5,65.7,69.5,314.3,21.2,0.0,0.0,0.0,0.0,,
phoenix/185,83rd Ave / Northern Ave / Peoria,185,4/13/2010,00:00-24:00,1099.4,2801.0,854.2,515.0,8294.0,703.1,1049.0,2864.4,1663.4,1540.5,10602.0,999.5,3.0,0.0,3.0,3.1,0.0,0.0,0.0,0.0,,
phoenix/186,75th Ave / Northern Ave / Peoria,186,4/13/2010,00:00-24:00,1095.1,4746.6,453.2,289.2,7415.0,892.1,894.2,4768.8,1220.9,1025.9,10527.8,1085.9,0.0,0.0,4.9,22.5,0.0,0.0,0.0,0.0,,
phoenix/187,75th Ave / Bethany Home Rd / Glendale,187,4/13/2010,00:00-24:00,587.2,5547.8,1709.1,1579.8,5279.6,2071.5,2295.4,5692.4,1127.0,1007.4,5385.7,461.3,85.3,86.3,283.2,156.1,0.0,0.0,0.0,0.0,,
phoenix/188,Dysart Rd / Cactus Rd / El Mirage,188,4/13/2010,00:00-24:00,439.6,5038.8,549.8,682.0,2537.8,1114.1,1304.7,5264.2,1591.1,990.2,2360.1,591.0,12.6,71.6,20.0,3.4,0.0,0.0,0.0,0.0,,
phoenix/189,75th Ave / Buckeye Rd / Phoenix,189,3/25/2010,00:00-24:00,1244.4,5200.0,1988.5,1279.8,8588.2,1020.5,1261.3,5212.8,466.5,594.6,9772.6,912.7,0.0,6.6,0.0,0.0,0.0,0.0,0.0,0.0,,
phoenix/19,59th Ave / Glendale Ave / Glendale,19,6/12/2007,00:00-24:00,2060.5,6228.5,1109.5,917.2,5421.4,1183.9,1254.7,7002.0,912.3,838.8,5976.0,2417.6,0.0,0.0,0.0,0.0,0.0,0.0,0.0,0.0,,
phoenix/190,67th Ave / Van Buren St / Phoenix,190,3/25/2010,00:00-24:00,977.1,7368.0,2019.7,2494.0,3874.1,1029.2,1521.9,8118.8,571.5,695.7,6217.9,970.5,150.3,64.7,53.0,307.4,0.0,0.0,0.0,0.0,,
phoenix/191,59th Ave / Van Buren St / Phoenix,191,4/13/2010,00:00-24:00,920.2,6408.0,2284.9,2099.1,5835.4,710.4,835.6,7087.2,459.7,467.5,7505.8,1149.6,0.0,15.6,45.0,20.4,0.0,0.0,0.0,0.0,,
phoenix/192,59th Ave / Buckeye Rd / Phoenix,192,3/25/2010,00:00-24:00,1411.3,3436.9,1734.2,2225.0,10010.8,541.0,344.8,3459.8,454.0,672.4,12221.4,1399.6,6.6,3.0,6.2,10.7,0.0,0.0,0.0,0.0,,
phoenix/193,27th Ave / Van Buren St / Phoenix,193,3/25/2010,00:00-24:00,1096.1,5363.2,1849.2,1436.1,9246.9,83.8,826.7,6558.2,2672.1,2024.0,10112.9,7.4,349.4,360.1,441.7,448.0,0.0,0.0,0.0,0.0,,
phoenix/194,19th Ave / Buckeye Rd / Phoenix,194,3/25/2010,00:00-24:00,769.1,4992.6,1040.3,1287.7,7315.1,1305.5,1382.8,8005.7,973.0,1000.0,7442.2,1049.2,46.5,86.5,158.7,62.1,0.0,0.0,0.0,0.0,,
phoenix/195,Val Vista Dr / Chandler Heights Rd / Gilbert,195,3/30/2010,00:00-24:00,328.1,3708.5,1485.9,1557.6,3873.0,488.3,337.4,3288.1,123.7,496.0,3062.6,418.8,0.0,0.0,0.0,0.0,0.0,0.0,0.0,0.0,,
phoenix/196,Higley Rd / Riggs Rd / Gilbert,196,3/30/2010,00:00-24:00,1897.4,2098.9,910.1,899.4,4325.5,149.3,141.3,3526.4,2957.7,3047.9,3599.9,1758.1,0.0,0.0,0.0,0.0,0.0,0.0,0.0,0.0,,
phoenix/197,Gilbert Rd / McKellips Rd / Mesa,197,3/30/2010,00:00-24:00,1062.0,6655.1,3750.7,2677.2,8767.9,1481.9,1082.4,7031.6,3041.4,1816.3,7460.3,1927.3,0.0,0.0,0.0,0.0,0.0,0.0,0.0,0.0,,
phoenix/198,Gilbert Rd / Baseline Rd / Gilbert,198,3/30/2010,00:00-24:00,2628.1,11058.4,4351.3,5123.3,12267.6,2425.8,1659.9,11948.5,2297.7,1173.8,9265.7,3318.3,0.0,0.0,0.0,0.0,0.0,0.0,0.0,0.0,,
phoenix/199,Lindsay Rd / Main St / Mesa,199,3/30/2010,00:00-24:00,907.3,9623.0,1342.3,897.5,8426.4,1316.6,1493.3,10409.9,2099.0,1378.1,8283.1,997.3,0.0,0.0,0.0,0.0,0.0,0.0,0.0,0.0,,
phoenix/20,59th Ave / Olive Ave / Glendale,20,5/3/2007,00:00-24:00,1978.7,9235.1,1688.5,1982.1,11504.1,1662.6,1513.3,9533.6,2176.7,1778.1,11609.4,2575.6,0.0,0.0,0.0,0.0,0.0,0.0,0.0,0.0,,
phoenix/200,Val Vista Dr / University Dr / Mesa,200,3/30/2010,00:00-24:00,1037.1,8239.6,740.5,905.5,6954.6,2027.1,1287.1,7067.2,1978.7,2089.1,5914.2,1246.3,0.0,0.0,0.0,0.0,0.0,0.0,0.0,0.0,,
phoenix/201,Val Vista Dr / Southern Ave / Mesa,201,3/30/2010,00:00-24:00,1322.9,13485.7,1890.9,1390.3,4636.4,2173.1,1305.7,15365.4,3564.2,1420.5,4852.1,2194.1,0.0,0.0,0.0,0.0,0.0,0.0,0.0,0.0,,
phoenix/202,Higley Rd / Main St / Mesa,202,3/30/2010,00:00-24:00,1439.7,10171.6,1014.1,727.2,6562.5,1309.5,1081.3,9903.9,1851.0,1081.6,6378.8,1588.8,0.0,0.0,0.0,0.0,0.0,0.0,0.0,0.0,,
phoenix/203,Dobson Rd / Main St / Mesa,203,4/6/2010,00:00-24:00,892.0,8166.8,1115.3,1098.0,4295.6,1752.3,1814.6,7663.4,1664.6,2487.3,3754.0,1479.5,0.0,0.0,0.0,0.0,0.0,0.0,0.0,0.0,,
phoenix/204,Dobson Rd / Warner Rd / Chandler,204,4/6/2010,00:00-24:00,700.0,6417.1,1960.6,1825.5,14134.9,2262.6,996.1,8870.2,2994.7,986.6,10931.5,2544.0,0.0,0.0,0.0,0.0,0.0,0.0,0.0,0.0,,
phoenix/205,Alma School Rd / Chandler Blvd / Chandler,205,4/6/2010,00:00-24:00,2001.6,8854.5,1716.8,879.9,8586.3,2589.1,1501.1,10969.1,2511.0,1644.3,8791.1,2669.3,0.0,0.0,0.0,0.0,0.0,0.0,0.0,0.0,,
phoenix/206,Country Club Dr / Main St / Mesa,206,4/6/2010,00:00-24:00,1274.8,10269.9,1076.6,927.3,5375.9,1155.6,1100.8,9671.2,1212.5,1108.0,5335.3,1529.4,0.0,0.0,0.0,0.0,0.0,0.0,0.0,0.0,,
phoenix/207,Mesa Dr / Brown Rd / Mesa,207,4/6/2010,00:00-24:00,1001.6,4389.3,1269.4,1316.2,8977.4,1777.1,1538.7,4736.6,1113.7,970.3,6236.8,1233.2,0.0,0.0,0.0,0.0,0.0,0.0,0.0,0.0,,
phoenix/208,Stapley Rd / Brown Rd / Mesa,208,4/6/2010,00:00-24:00,1145.6,4919.9,1117.1,1014.7,8013.7,1282.0,1198.0,5289.4,1563.6,1294.4,6907.8,1003.6,0.0,0.0,0.0,0.0,0.0,0.0,0.0,0.0,,
phoenix/209,Stapley Dr / Main St / Mesa,209,4/6/2010,00:00-24:00,916.8,7825.9,828.1,920.0,10440.7,1375.2,1239.2,7502.8,1673.7,1147.8,7603.5,678.4,0.0,0.0,0.0,0.0,0.0,0.0,0.0,0.0,,
phoenix/21,67th Ave / Bell Rd / Glendale,21,6/13/2007,00:00-24:00,2580.8,6407.6,2845.8,1367.8,15056.2,1875.4,1550.1,5895.5,5133.6,2092.6,19303.4,2410.9,0.0,0.0,0.0,0.0,0.0,0.0,0.0,0.0,,
phoenix/210,96th St / Cactus Rd / Scottsdale,210,4/7/2010,00:00-24:00,1077.0,1471.2,151.2,258.2,3996.7,619.9,550.5,1781.6,1452.6,2249.4,3823.4,927.3,0.0,0.0,0.0,0.0,0.0,0.0,0.0,0.0,,
phoenix/211,Scottsdale Rd / Shea Blvd / Scottsdale,211,4/7/2010,00:00-24:00,715.4,16767.6,3034.4,1094.8,10668.3,2357.0,932.9,11739.7,3362.3,1592.3,14303.3,2156.1,0.0,0.0,0.0,0.0,0.0,0.0,0.0,0.0,,
phoenix/212,Central Ave / Glendale Ave / Phoenix,212,4/8/2010,00:00-24:00,666.2,10523.8,2289.3,796.1,16644.9,1694.1,1566.8,8048.8,1646.4,1613.8,17273.8,568.5,0.0,0.0,0.0,0.0,0.0,0.0,0.0,0.0,,
phoenix/213,7th St / Glendale Ave / Phoenix,213,4/8/2010,00:00-24:00,701.5,18227.5,79.0,1146.4,12266.2,2269.9,2003.3,14453.7,52.3,704.5,14753.1,1855.1,0.0,0.0,0.0,0.0,0.0,0.0,0.0,0.0,,
phoenix/214,7th St / Indian School Rd / Phoenix,214,4/8/2010,00:00-24:00,1937.7,14213.7,68.9,926.9,16226.9,1558.7,1390.9,14849.7,68.8,740.2,16153.2,1700.6,0.0,0.0,0.0,0.0,0.0,0.0,0.0,0.0,,
phoenix/215,7th St / Thomas Rd / Phoenix,215,4/8/2010,00:00-24:00,1098.3,20089.3,124.0,1346.7,11050.1,2126.1,1116.4,12029.1,119.5,1473.5,14374.0,2131.3,0.0,0.0,0.0,0.0,0.0,0.0,0.0,0.0,,
phoenix/216,16th St / Glendale Ave / Phoenix,216,4/8/2010,00:00-24:00,1198.8,10951.1,5641.6,3602.4,17289.3,2495.4,2257.7,9287.7,3636.7,2702.2,17462.8,1747.8,0.0,0.0,0.0,0.0,0.0,0.0,0.0,0.0,,
phoenix/217,Loop 303 Fwy / Waddell Rd / Surprise,217,3/24/2010,00:00-24:00,490.0,7498.0,464.0,597.4,3105.5,87.2,653.5,7084.8,992.2,1072.0,3105.4,49.7,0.0,0.0,0.0,0.0,0.0,0.0,0.0,0.0,,
phoenix/218,91st Ave / Thomas Rd / Phoenix,218,3/25/2010,00:00-24:00,657.6,4169.6,1405.1,607.0,4375.2,974.6,1586.3,4490.5,1413.7,785.0,7996.4,986.3,0.0,0.0,0.0,0.0,0.0,0.0,0.0,0.0,,
phoenix/219,83rd Ave / Indian School Rd / Phoenix,219,3/25/2010,00:00-24:00,382.7,7176.3,1790.8,650.6,6162.1,1972.9,2015.6,8001.7,1087.3,910.7,10677.2,1127.8,0.0,0.0,0.0,0.0,0.0,0.0,0.0,0.0,,
phoenix/22,67th Ave / Glendale Ave / Glendale,22,6/19/2007,00:00-24:00,1605.1,7099.5,1171.0,1112.7,5141.1,1386.8,1361.2,6635.0,1552.2,1675.4,6371.9,1683.4,0.0,0.0,0.0,0.0,0.0,0.0,0.0,0.0,,
phoenix/220,51st Ave / Camelback Rd / Glendale,220,3/25/2010,00:00-24:00,1689.8,8038.9,1938.3,470.1,7986.4,2002.1,2187.9,8378.2,2110.4,1119.2,11882.5,1683.2,0.0,0.0,0.0,0.0,0.0,0.0,0.0,0.0,,
phoenix/221,35th Ave / Thomas Rd / Phoenix,221,3/25/2010,00:00-24:00,947.6,6293.8,1881.5,1487.7,10104.7,1786.3,326.9,8139.7,2571.2,371.8,8333.2,1369.0,0.0,0.0,0.0,0.0,0.0,0.0,0.0,0.0,,
phoenix/222,19th Ave / Indian School Rd / Phoenix,222,3/25/2010,00:00-24:00,942.7,6642.2,1989.4,1883.5,14137.0,870.5,647.7,5696.4,1925.7,1276.4,16832.7,1796.4,0.0,0.0,0.0,0.0,0.0,0.0,0.0,0.0,,
phoenix/223,Dobson Rd / Baseline Rd / Mesa,223,4/6/2010,00:00-24:00,1785.8,8884.1,2148.1,2197.8,10762.9,2236.2,1677.9,12406.7,2196.5,1189.8,8518.5,3562.3,0.0,0.0,0.0,0.0,0.0,0.0,0.0,0.0,,
phoenix/224,Alma School Rd / Baseline Rd / Mesa,224,4/6/2010,00:00-24:00,1387.2,13233.5,2542.9,2593.4,11701.8,3617.0,3019.8,15646.2,2949.6,1955.4,7710.9,2210.9,0.0,0.0,0.0,0.0,0.0,0.0,0.0,0.0,,
phoenix/225,Country Club Dr / McKellips Rd / Mesa,225,4/6/2010,00:00-24:00,663.7,6202.5,4117.3,6559.6,11326.2,2553.0,1378.3,6085.2,1850.2,1888.9,7971.9,796.7,0.0,0.0,0.0,0.0,0.0,0.0,0.0,0.0,,
phoenix/226,Country Club Dr / Southern Ave / Mesa,226,4/6/2010,00:00-24:00,1658.0,12703.7,1971.6,1457.3,9887.9,3093.4,1862.5,12367.4,2581.2,2313.2,6425.0,2256.6,0.0,0.0,0.0,0.0,0.0,0.0,0.0,0.0,,
phoenix/227,Arizona Ave / Pecos Rd / Chandler,227,4/6/2010,00:00-24:00,529.5,8375.8,1161.7,1008.2,6770.2,2067.6,2186.1,10183.6,2902.1,1723.9,4503.3,466.6,0.0,0.0,0.0,0.0,0.0,0.0,0.0,0.0,,
phoenix/228,Mesa Dr / Southern Ave / Mesa,228,4/6/2010,00:00-24:00,1319.7,11607.6,1748.8,1502.7,11057.3,2258.8,1450.0,12054.4,2143.9,1450.3,7995.9,1444.0,0.0,0.0,0.0,0.0,0.0,0.0,0.0,0.0,,
phoenix/229,Cooper Rd / Chandler Blvd / Chandler,229,4/6/2010,00:00-24:00,1573.2,6205.8,1784.8,2179.5,7788.3,1298.2,1194.2,6210.5,1838.9,1295.5,6544.8,1432.7,0.0,0.0,0.0,0.0,0.0,0.0,0.0,0.0,,
phoenix/23,67th Ave / Olive Ave / Glendale,23,5/1/2007,00:00-24:00,2034.6,9835.4,2187.6,2980.4,11414.7,2305.5,1829.2,9829.8,1844.5,1260.9,10286.5,2826.2,0.0,0.0,0.0,0.0,0.0,0.0,0.0,0.0,,
phoenix/230,Mill Ave / Broadway Rd / Tempe,230,4/14/2010,00:00-24:00,1547.1,8342.1,1387.3,1897.8,12835.1,1604.3,1249.1,9466.9,2724.6,3304.9,12068.5,1664.0,0.0,0.0,0.0,0.0,0.0,0.0,0.0,0.0,,
phoenix/231,Mill Ave / Southern Ave / Tempe,231,4/14/2010,00:00-24:00,1696.8,9222.3,1924.2,970.6,8648.7,1743.9,1557.8,10000.1,3934.0,4336.7,9390.1,1858.8,0.0,0.0,0.0,0.0,0.0,0.0,0.0,0.0,,
phoenix/232,Kyrene Rd / Baseline Rd / Tempe,232,4/14/2010,00:00-24:00,6.1,28.5,51.3,26.9,13781.4,5396.2,7769.2,9.1,8614.1,4745.0,13928.1,58.9,0.0,0.0,0.0,0.0,0.0,0.0,0.0,0.0,,
phoenix/233,Kyrene Rd / Guadalupe Rd / Tempe,233,4/14/2010,00:00-24:00,728.2,8316.9,2291.5,2881.5,5273.2,3544.9,3675.9,12827.6,1612.2,2108.4,6084.1,1089.6,0.0,0.0,0.0,0.0,0.0,0.0,0.0,0.0,,
phoenix/234,Kyrene Rd / Ray Rd / Chandler,234,4/14/2010,00:00-24:00,1751.0,7500.5,2689.9,2911.5,11856.0,1984.6,1012.5,9551.1,2294.6,1556.2,10928.4,2099.0,0.0,0.0,0.0,0.0,0.0,0.0,0.0,0.0,,
phoenix/235,Kyrene Rd / Chandler Blvd / Chandler,235,4/14/2010,00:00-24:00,1762.5,5670.0,2663.3,2390.9,10586.4,2645.7,3814.3,8013.5,5279.9,4130.3,10445.2,2052.4,0.0,0.0,0.0,0.0,0.0,0.0,0.0,0.0,,
phoenix/236,Scottsdale Rd / Thomas Rd / Scottsdale,236,4/14/2010,00:00-24:00,1529.7,10445.7,2360.8,2299.0,9103.0,3141.9,1659.5,11843.0,3050.5,2212.8,10322.5,2522.8,0.0,0.0,0.0,0.0,0.0,0.0,0.0,0.0,,
phoenix/237,Scottsdale Rd / McDowell Rd / Scottsdale,237,4/14/2010,00:00-24:00,3682.0,9550.5,2841.8,3144.7,12287.4,2322.9,1732.9,10620.1,1940.7,1709.6,12252.7,4396.4,0.0,0.0,0.0,0.0,0.0,0.0,0.0,0.0,,
phoenix/238,Scottsdale Rd / Curry Rd / Tempe,238,4/14/2010,00:00-24:00,1901.9,13724.0,988.6,664.0,2377.7,2481.8,813.4,11411.8,1789.1,2200.6,3007.7,1717.3,0.0,0.0,0.0,0.0,0.0,0.0,0.0,0.0,,
phoenix/239,Rural Rd / University Dr / Tempe,239,4/14/2010,00:00-24:00,1846.7,9853.8,2211.8,2520.7,8240.5,2138.7,2232.0,11977.0,2876.5,1889.1,7533.3,1640.0,0.0,0.0,0.0,0.0,0.0,0.0,0.0,0.0,,
phoenix/24,75th Ave / Bell Rd / Glendale,24,6/14/2007,00:00-24:00,2128.5,5370.5,3241.0,2173.7,18025.1,3314.5,2954.1,5234.4,3077.3,1381.6,18634.3,3182.7,0.0,0.0,0.0,0.0,0.0,0.0,0.0,0.0,,
phoenix/240,Miller Rd / Pinnacle Peak Rd / Scottsdale,240,4/7/2010,00:00-24:00,311.0,344.4,147.9,35.1,4278.7,4991.3,4534.3,397.4,3035.0,3070.1,4813.6,266.6,0.0,0.0,0.0,0.0,0.0,0.0,0.0,0.0,,
phoenix/241,64th St / Cactus Rd / Scottsdale,241,4/7/2010,00:00-24:00,1154.7,2350.5,2158.7,1418.9,13788.3,374.6,262.7,2189.8,780.9,1302.8,14790.3,1047.9,0.0,0.0,0.0,0.0,0.0,0.0,0.0,0.0,,
phoenix/243,Hayden Rd / Cactus Rd / Scottsdale,243,4/7/2010,00:00-24:00,1405.9,4951.2,2255.6,2496.3,12094.5,1134.9,652.8,5606.6,2755.8,3164.6,12690.5,2120.0,0.0,0.0,0.0,0.0,0.0,0.0,0.0,0.0,,
phoenix/244,Hayden Rd / Camelback Rd / Scottsdale,244,4/7/2010,00:00-24:00,4924.8,11971.4,683.5,704.3,1880.4,746.3,1276.3,11790.3,3685.2,3081.4,2294.3,5545.4,0.0,0.0,0.0,0.0,0.0,0.0,0.0,0.0,,
phoenix/245,24th St / Jefferson St / Phoenix,245,4/7/2010,00:00-24:00,0.0,8194.6,603.7,0.0,0.0,0.0,835.9,8978.1,0.0,1446.6,6335.3,1903.9,0.0,0.0,0.0,0.0,0.0,0.0,0.0,0.0,,
phoenix/246,7th ave / McDowell Rd / Phoenix,246,4/8/2010,00:00-24:00,654.2,15817.8,1803.4,1140.2,8357.5,2833.7,3001.1,15798.6,2491.8,1740.2,7377.8,1040.4,0.0,0.0,0.0,0.0,0.0,0.0,0.0,0.0,,
phoenix/247,7th Ave / Van Buren St / Phoenix,247,4/8/2010,00:00-24:00,1428.3,11777.4,0.0,4465.0,4675.9,0.0,665.1,13134.3,4510.8,1294.6,5610.1,0.0,0.0,0.0,0.0,0.0,0.0,0.0,0.0,0.0,,
phoenix/248,Central Ave / Broadway Rd / Phoenix,248,4/8/2010,00:00-24:00,909.7,6721.9,1225.7,1229.3,6017.8,1701.5,1433.6,7774.7,974.8,1052.4,6519.3,1153.0,0.0,0.0,0.0,0.0,0.0,0.0,0.0,0.0,,
phoenix/249,7th St / Northern Ave / Phoenix,249,4/8/2010,00:00-24:00,1919.0,15249.1,130.1,2774.5,19607.3,1592.8,1755.5,13405.7,95.5,1168.9,16360.9,1360.7,0.0,0.0,0.0,0.0,0.0,0.0,0.0,0.0,,
phoenix/25,75th Ave / Glendale Ave / Glendale,25,6/14/2007,00:00-24:00,1072.1,3987.5,1467.6,852.3,6731.2,1238.6,1058.7,4612.9,1309.6,924.5,7749.3,1183.3,0.0,0.0,0.0,0.0,0.0,0.0,0.0,0.0,,
phoenix/250,16th St / Van Buren St / Phoenix,250,4/8/2010,00:00-24:00,1122.4,8157.6,1217.6,799.4,4780.1,1015.0,793.4,6614.0,460.3,825.1,5822.9,1242.9,0.0,0.0,0.0,0.0,0.0,0.0,0.0,0.0,,
phoenix/251,16th St / Washington St / Phoenix,251,4/8/2010,00:00-24:00,903.6,8894.5,0.0,1148.8,9600.9,1786.5,0.0,8603.6,757.8,0.0,0.0,0.0,0.0,0.0,0.0,0.0,0.0,0.0,0.0,0.0,,
phoenix/252,19th Ave / Cactus Rd / Phoenix,252,4/13/2010,00:00-24:00,2307.9,13507.5,0.0,0.0,0.0,0.0,0.0,11624.2,3730.5,4073.4,0.0,3886.6,0.0,0.0,0.0,0.0,0.0,0.0,0.0,0.0,,
phoenix/253,Dysart Rd / Waddell Rd / El Mirage,253,4/13/2010,00:00-24:00,885.1,4341.3,1753.7,1892.7,4589.2,342.7,574.7,4445.8,1570.3,1447.6,4320.1,972.0,0.0,0.0,0.0,0.0,0.0,0.0,0.0,0.0,,
phoenix/254,59th Ave / Cactus Rd / Glendale,254,4/13/2010,00:00-24:00,1831.0,13675.5,1247.7,883.1,9102.9,2064.3,1086.0,11040.7,1499.4,1791.5,10951.8,2503.0,0.0,0.0,0.0,0.0,0.0,0.0,0.0,0.0,,
phoenix/255,51st Ave / Cactus Rd / Phoenix,255,4/13/2010,00:00-24:00,2038.7,10273.4,1827.5,1848.8,11674.1,1887.2,1467.4,10822.0,1250.5,1051.8,11950.9,3010.5,0.0,0.0,0.0,0.0,0.0,0.0,0.0,0.0,,
phoenix/256,43rd Ave / Peoria Ave / Phoenix,256,4/13/2010,00:00-24:00,1713.0,11680.9,1905.9,1707.4,12103.4,2215.3,2528.4,11813.3,2064.4,1751.1,13729.4,2063.4,0.0,0.0,0.0,0.0,0.0,0.0,0.0,0.0,,
phoenix/257,35th Ave / Dunlap Ave / Phoenix,257,4/13/2010,00:00-24:00,2078.8,12216.2,2647.5,1819.4,13364.1,1700.0,1856.3,10779.5,1611.2,1453.1,15622.4,2299.7,0.0,0.0,0.0,0.0,0.0,0.0,0.0,0.0,,
phoenix/258,59th Ave / Lower Buckeye Rd / Phoenix,258,3/25/2010,00:00-24:00,950.2,1510.2,1397.5,1134.9,3869.6,157.2,289.9,1697.0,197.7,189.0,4559.8,732.5,0.0,0.0,0.0,0.0,0.0,0.0,0.0,0.0,,
phoenix/259,75th Ave / McDowell Rd / Phoenix,259,3/25/2010,00:00-24:00,797.2,9091.3,2954.6,2613.2,5914.3,2089.0,1924.7,10407.8,1733.6,1258.9,7353.0,1071.1,0.0,0.0,0.0,0.0,0.0,0.0,0.0,0.0,,
phoenix/26,83rd Ave / Bell Rd / Glendale,26,6/19/2007,00:00-24:00,2529.7,8031.1,3315.1,2555.0,13701.5,2038.1,2215.2,8003.6,4454.0,2195.1,17677.9,2642.7,0.0,0.0,0.0,0.0,0.0,0.0,0.0,0.0,,
phoenix/260,51st Ave / Thomas Rd / Phoenix,260,3/25/2010,00:00-24:00,1186.6,9686.7,1590.7,1604.6,11211.0,1731.1,1550.4,11669.1,1989.3,2152.0,13683.0,1869.2,0.0,0.0,0.0,0.0,0.0,0.0,0.0,0.0,,
phoenix/261,27th Ave / Thomas Rd / Phoenix,261,3/25/2010,00:00-24:00,2043.2,6265.7,6428.5,4248.1,16476.6,6.2,1841.4,6470.3,775.9,2012.6,14874.2,4.1,0.0,0.0,0.0,0.0,0.0,0.0,0.0,0.0,,
phoenix/262,19th Ave / Jefferson St / Phoenix,262,3/25/2010,00:00-24:00,9.9,6679.7,1739.2,3.4,3.4,3.2,1119.8,8915.5,15.9,956.1,9213.2,784.6,0.0,0.0,0.0,0.0,0.0,0.0,0.0,0.0,,
phoenix/263,Gilbert Rd / University Dr / Mesa,263,3/30/2010,00:00-24:00,1259.5,9572.3,1922.1,2003.0,7709.5,1706.8,1552.6,8967.7,2022.3,1975.7,7122.9,1132.7,0.0,0.0,0.0,0.0,0.0,0.0,0.0,0.0,,
phoenix/264,Lindsay Rd / Germann Rd / Gilbert,264,3/30/2010,00:00-24:00,762.0,3906.8,1548.2,1465.6,3029.6,476.6,710.9,4740.4,3249.1,2805.7,2430.7,593.3,0.0,0.0,0.0,0.0,0.0,0.0,0.0,0.0,,
phoenix/265,Lindsay Rd / Riggs Rd / Chandler,265,3/30/2010,00:00-24:00,637.2,1282.2,1402.1,1520.8,8249.5,340.4,455.2,1848.1,1033.1,880.0,6898.6,568.4,0.0,0.0,0.0,0.0,0.0,0.0,0.0,0.0,,
phoenix/266,Higley Rd / Warner Rd / Gilbert,266,3/30/2010,00:00-24:00,1347.6,9109.4,481.6,531.6,2000.7,567.7,450.9,9240.2,1143.9,1683.4,2282.9,1405.4,0.0,0.0,0.0,0.0,0.0,0.0,0.0,0.0,,
phoenix/267,Power Rd / Elliot Rd / Mesa,267,3/30/2010,00:00-24:00,1176.3,10929.7,204.3,345.3,2112.3,1042.2,848.4,10687.1,745.8,666.5,1758.4,1231.3,0.0,0.0,0.0,0.0,0.0,0.0,0.0,0.0,,
phoenix/268,Power Rd / Chandler Heights Rd / Queen Creek,268,3/30/2010,00:00-24:00,901.2,3282.2,379.6,848.7,3221.2,660.4,296.0,3443.3,414.3,471.4,2226.4,1619.5,0.0,0.0,0.0,0.0,0.0,0.0,0.0,0.0,,
phoenix/269,Gilbert Rd / Brown Rd / Mesa,269,3/30/2010,00:00-24:00,463.3,8912.0,1448.3,973.6,6775.9,1309.0,564.7,7261.7,1423.6,836.1,7065.1,1268.8,0.0,0.0,0.0,0.0,0.0,0.0,0.0,0.0,,
phoenix/27,83rd Ave / Glendale Ave / Glendale,27,6/28/2007,00:00-24:00,521.8,3764.8,47.5,468.1,8553.3,25.0,1447.7,3517.0,515.4,1775.0,8516.9,664.5,0.0,0.0,0.0,0.0,0.0,0.0,0.0,0.0,,
phoenix/270,Lindsay Rd / University Dr / Mesa,270,3/30/2010,00:00-24:00,1174.8,8402.5,1098.7,836.5,8201.3,1685.4,733.0,9027.9,2423.8,2084.8,6853.3,1413.3,0.0,0.0,0.0,0.0,0.0,0.0,0.0,0.0,,
phoenix/271,Lindsay Rd / Southern Ave / Mesa,271,3/30/2010,00:00-24:00,2627.3,8427.5,1795.4,1724.7,8936.0,1997.6,1889.9,8793.8,1450.8,1543.5,7168.0,2143.6,0.0,0.0,0.0,0.0,0.0,0.0,0.0,0.0,,
phoenix/272,Val Vista Dr / Main St / Mesa,272,3/30/2010,00:00-24:00,1063.1,10966.4,1075.1,1375.9,7048.3,1982.4,1771.0,10522.6,1845.1,1546.7,6934.2,1447.5,0.0,0.0,0.0,0.0,0.0,0.0,0.0,0.0,,
phoenix/273,Greenfield Rd / Pecos Rd / Gilbert,273,3/30/2010,00:00-24:00,194.8,3455.7,7529.3,10901.1,7366.9,291.1,339.4,4548.0,1054.2,936.3,5205.8,258.7,0.0,0.0,0.0,0.0,0.0,0.0,0.0,0.0,,
phoenix/275,Power Rd / Southern Ave / Mesa,275,3/30/2010,00:00-24:00,2095.0,12253.1,1449.4,1483.6,3922.9,2021.4,1205.0,12033.0,1816.5,1888.1,4856.8,2724.8,0.0,0.0,0.0,0.0,0.0,0.0,0.0,0.0,,
phoenix/276,Power Rd / Williams Field Rd / Mesa,276,3/30/2010,00:00-24:00,849.9,9825.5,3927.3,2598.6,1318.4,473.2,1084.1,11255.3,747.3,603.1,2867.1,594.2,0.0,0.0,0.0,0.0,0.0,0.0,0.0,0.0,,
phoenix/277,Power Rd / Queen Creek Rd / Queen Creek,277,3/30/2010,00:00-24:00,1198.0,5981.6,1679.3,832.1,3197.3,1196.5,502.9,5857.0,2035.3,1542.8,3326.2,1773.2,0.0,0.0,0.0,0.0,0.0,0.0,0.0,0.0,,
phoenix/278,McQueen Rd / Chandler Heights Rd / Chandler,278,4/6/2010,00:00-24:00,659.6,2469.0,609.9,831.1,4525.0,698.2,579.5,2896.2,1010.7,1168.8,3361.0,396.7,0.0,0.0,0.0,0.0,0.0,0.0,0.0,0.0,,
phoenix/279,Dobson Rd / Broadway Rd / Mesa,279,4/6/2010,00:00-24:00,2121.4,9172.6,1430.7,1649.3,9816.0,1336.6,1206.6,8791.5,3489.6,3521.2,8528.4,2231.5,0.0,0.0,0.0,0.0,0.0,0.0,0.0,0.0,,
phoenix/280,Dobson Rd / Elliot Rd / Chandler,280,4/6/2010,00:00-24:00,1304.2,7515.7,1945.9,2020.6,14215.6,1871.5,1797.4,9462.8,2987.0,2068.9,11264.6,1725.9,0.0,0.0,0.0,0.0,0.0,0.0,0.0,0.0,,
phoenix/281,Alma School Rd / University Dr / Mesa,281,4/6/2010,00:00-24:00,1149.6,8756.4,2494.6,1804.3,9337.0,1995.4,1655.1,8681.5,1165.1,1002.9,6823.7,809.4,0.0,0.0,0.0,0.0,0.0,0.0,0.0,0.0,,
phoenix/282,Alma School Rd / Elliot Rd / Chandler,282,4/6/2010,00:00-24:00,2113.3,11306.9,2509.8,2613.5,12652.7,1765.7,1322.6,12088.4,3008.1,2088.5,10966.8,2838.9,0.0,0.0,0.0,0.0,0.0,0.0,0.0,0.0,,
phoenix/283,Alma School Rd / Pecos Rd / Chandler,283,4/6/2010,00:00-24:00,541.0,19165.9,2455.0,1507.3,1544.6,819.5,918.2,11964.5,1202.6,1484.3,7407.8,1140.1,0.0,0.0,0.0,0.0,0.0,0.0,0.0,0.0,,
phoenix/284,Country Club Dr / University Dr / Mesa,284,4/6/2010,00:00-24:00,1320.3,9694.9,2344.8,1897.7,10076.9,1478.0,1555.5,9116.1,1157.7,698.2,8161.4,1378.1,0.0,0.0,0.0,0.0,0.0,0.0,0.0,0.0,,
phoenix/285,Country Club Dr / Baseline Rd / Mesa,285,4/6/2010,00:00-24:00,2229.9,9711.6,4422.5,1518.0,13532.8,1722.5,1079.7,10173.5,2720.7,1774.1,9030.1,2133.0,0.0,0.0,0.0,0.0,0.0,0.0,0.0,0.0,,
phoenix/286,Arizona Ave / Warner Rd / Chandler,286,4/6/2010,00:00-24:00,1116.4,9421.7,2303.2,1959.7,11437.0,1684.0,1140.9,10750.3,3368.8,1777.3,8217.4,1573.6,0.0,0.0,0.0,0.0,0.0,0.0,0.0,0.0,,
phoenix/287,Arizona Ave / Germann Rd / Chandler,287,4/15/2010,00:00-24:00,657.8,11569.4,1010.4,1037.0,3626.5,2140.2,891.0,15694.2,1177.7,1549.1,2696.5,1619.2,0.0,0.0,0.0,0.0,0.0,0.0,0.0,0.0,,
phoenix/288,Mesa Dr / Broadway Rd / Mesa,288,4/6/2010,00:00-24:00,1439.9,10297.7,1316.2,1775.7,9197.1,1545.0,1480.1,9913.2,1444.7,1518.3,7606.4,1451.9,0.0,0.0,0.0,0.0,0.0,0.0,0.0,0.0,,
phoenix/289,32nd St / Washington St / Phoenix,289,4/14/2010,00:00-24:00,896.4,1533.9,2096.3,895.9,5856.4,430.9,244.7,1212.4,245.4,130.2,5769.0,772.3,0.0,0.0,0.0,0.0,0.0,0.0,0.0,0.0,,
phoenix/290,32nd St / Broadway Rd / Phoenix,290,4/14/2010,00:00-24:00,2781.6,7913.3,2391.2,1137.5,6663.0,695.2,724.2,6523.8,1212.3,784.9,10303.4,2915.7,0.0,0.0,0.0,0.0,0.0,0.0,0.0,0.0,,
phoenix/291,32nd St / Southern Ave / Phoenix,291,4/14/2010,00:00-24:00,1307.1,3267.6,1525.4,1418.2,9246.4,573.9,787.3,3650.3,539.5,548.0,10368.4,1100.5,0.0,0.0,0.0,0.0,0.0,0.0,0.0,0.0,,
phoenix/292,40th St / McDowell Rd / Phoenix,292,4/14/2010,00:00-24:00,782.2,4407.2,2520.3,1685.6,10293.7,1198.6,68.6,3579.8,1261.2,1307.9,10599.2,881.6,0.0,0.0,0.0,0.0,0.0,0.0,0.0,0.0,,
phoenix/293,44th St / Thomas Rd / Phoenix,293,4/14/2010,00:00-24:00,1633.6,12980.8,2256.0,2648.8,11363.1,2489.5,1827.0,15905.7,4218.8,2620.3,10082.9,2638.8,0.0,0.0,0.0,0.0,0.0,0.0,0.0,0.0,,
phoenix/294,44th St / McDowell Rd / Phoenix,294,4/14/2010,00:00-24:00,1309.7,11430.6,6837.4,7753.8,10986.4,2052.3,1460.9,11362.7,1813.0,2019.9,9888.8,2481.6,0.0,0.0,0.0,0.0,0.0,0.0,0.0,0.0,,
phoenix/295,44th St / Van Buren St / Phoenix,295,4/14/2010,00:00-24:00,2129.2,5949.0,2157.5,1529.9,5654.9,1150.6,911.1,6818.4,1486.2,1606.8,6403.9,1328.0,0.0,0.0,0.0,0.0,0.0,0.0,0.0,0.0,,
phoenix/296,48th St / Broadway Rd / Phoenix,296,4/14/2010,00:00-24:00,2470.5,13527.2,4699.7,1318.6,7924.2,4106.2,4621.2,13739.7,3253.5,1618.3,10996.3,3671.3,0.0,0.0,0.0,0.0,0.0,0.0,0.0,0.0,,
phoenix/297,48th St / Southern Ave / Tempe,297,4/14/2010,00:00-24:00,1420.3,9252.8,2825.2,3876.0,9188.7,2042.0,2068.4,12991.9,1947.8,1448.1,8982.3,2170.5,0.0,0.0,0.0,0.0,0.0,0.0,0.0,0.0,,
phoenix/298,48th St / Baseline Rd / Phoenix,298,4/14/2010,00:00-24:00,1041.8,5742.2,5653.8,5071.4,18092.9,1568.6,1181.8,7450.0,4961.5,2504.8,21294.7,2468.7,0.0,0.0,0.0,0.0,0.0,0.0,0.0,0.0,,
phoenix/299,48th St / Chandler Blvd / Phoenix,299,4/14/2010,00:00-24:00,4322.1,3291.8,2147.1,2560.0,10677.6,2837.9,2360.7,3081.6,1662.1,957.5,14705.5,5972.6,0.0,0.0,0.0,0.0,0.0,0.0,0.0,0.0,,
phoenix/3,Mill Ave / University Dr / Tempe,3,3/26/2009,00:00-24:00,508.0,3843.2,1015.6,993.5,6135.6,1634.1,1543.1,3801.2,3982.0,3776.6,6554.2,1039.0,489.0,1021.3,1150.7,760.4,0.0,0.0,0.0,0.0,,
phoenix/300,Rural Rd / Rio Salado Pkwy / Tempe,300,4/14/2010,00:00-24:00,3757.8,12477.8,1702.5,2973.1,5940.8,1416.1,1025.6,12464.4,1271.0,1183.8,8998.6,3941.8,0.0,0.0,0.0,0.0,0.0,0.0,0.0,0.0,,
phoenix/301,Priest Dr / Baseline Rd / Tempe,301,4/14/2010,00:00-24:00,3995.8,2927.7,2011.3,730.6,19000.8,1005.4,1152.8,3622.2,3098.9,2006.1,14331.3,3328.5,0.0,0.0,0.0,0.0,0.0,0.0,0.0,0.0,,
phoenix/302,Priest Dr / Elliot Rd / Tempe,302,4/14/2010,00:00-24:00,2846.6,4314.6,1984.3,1437.2,14864.2,3168.2,3141.8,7684.2,5599.2,2755.7,12496.1,3121.1,0.0,0.0,0.0,0.0,0.0,0.0,0.0,0.0,,
phoenix/303,Scottsdale Rd / Pinnacle Peak Rd / Scottsdale,303,4/7/2010,00:00-24:00,2353.3,15987.8,2045.2,1469.8,2423.5,2442.1,1733.9,11537.7,1471.0,1323.7,2970.3,2211.8,0.0,0.0,0.0,0.0,0.0,0.0,0.0,0.0,,
phoenix/304,44th St / Camelback Rd / Phoenix,304,4/7/2010,00:00-24:00,2803.8,9778.7,2322.6,1100.4,13036.8,2636.9,1973.2,9612.9,4028.2,3323.8,13840.8,3681.5,0.0,0.0,0.0,0.0,0.0,0.0,0.0,0.0,,
phoenix/305,Tatum Blvd / Bell Rd / Phoenix,305,4/7/2010,00:00-24:00,2153.0,11736.2,4275.0,3243.4,11213.0,3155.8,1753.7,9684.9,2584.9,2129.4,12993.8,2899.4,0.0,0.0,0.0,0.0,0.0,0.0,0.0,0.0,,
phoenix/306,Scottsdale Rd / Bell Rd / Scottsdale,306,6/23/2010,00:00-24:00,2281.1,12995.4,3706.1,2750.5,6988.7,1960.0,1521.5,10268.4,2408.8,3284.6,9179.1,2925.2,0.0,0.0,0.0,0.0,0.0,0.0,0.0,0.0,,
phoenix/307,Scottsdale Rd / Thunderbird Rd / Phoenix,307,4/7/2010,00:00-24:00,1293.8,16594.7,2304.5,2164.2,4731.5,1423.3,1188.1,15456.3,2351.3,3585.1,4622.3,1779.8,0.0,0.0,0.0,0.0,0.0,0.0,0.0,0.0,,
phoenix/308,Scottsdale Rd / Chaparral Rd / Scottsdale,308,4/7/2010,00:00-24:00,602.6,17395.4,2123.4,2650.0,1937.3,4162.2,2694.2,12667.6,360.3,364.2,1598.1,659.7,0.0,0.0,0.0,0.0,0.0,0.0,0.0,0.0,,
phoenix/309,Scottsdale Rd / Camelback Rd / Scottsdale,309,4/7/2010,00:00-24:00,2352.6,7693.9,2587.6,1944.9,6787.0,753.7,722.1,8385.4,2694.1,2538.0,6802.0,2917.9,0.0,0.0,0.0,0.0,0.0,0.0,0.0,0.0,,
phoenix/310,Hayden Rd / Shea Blvd / Scottsdale,310,4/7/2010,00:00-24:00,831.4,7799.0,1581.5,1416.3,17714.3,2204.2,1289.4,6703.6,2888.6,2455.2,16580.4,1218.7,0.0,0.0,0.0,0.0,0.0,0.0,0.0,0.0,,
phoenix/311,Hayden Rd / Via De Ventura / Scottsdale,311,4/7/2010,00:00-24:00,617.4,11086.7,2158.4,1222.5,6423.3,4178.4,3180.3,10266.0,1914.9,2023.5,5389.8,784.7,0.0,0.0,0.0,0.0,0.0,0.0,0.0,0.0,,
phoenix/312,Hayden Rd / Indian School Rd / Scottsdale,312,4/7/2010,00:00-24:00,1680.9,11763.1,2505.2,2553.1,11194.3,2620.0,1748.3,11901.9,2531.2,2205.9,9653.7,1905.9,0.0,0.0,0.0,0.0,0.0,0.0,0.0,0.0,,
phoenix/313,Pima Rd / Chaparral Rd / Scottsdale,313,4/7/2010,00:00-24:00,897.6,2428.1,1270.5,420.6,9125.7,677.4,913.6,2571.0,1516.8,661.9,10911.9,796.7,0.0,0.0,0.0,0.0,0.0,0.0,0.0,0.0,,
phoenix/314,94th St / Cactus Rd / Scottsdale,314,4/7/2010,00:00-24:00,2760.9,5137.9,632.2,279.8,5816.0,355.3,233.1,4214.8,1410.7,1680.9,5343.5,1652.8,0.0,0.0,0.0,0.0,0.0,0.0,0.0,0.0,,
phoenix/315,Frank Lloyd Wright Blvd / Thunderbird Rd / Scottsdale,315,4/7/2010,00:00-24:00,573.6,11439.7,76.2,68.4,45.6,36.7,54.6,15064.2,1529.3,2155.9,36.2,454.9,0.0,0.0,0.0,0.0,0.0,0.0,0.0,0.0,,
phoenix/316,Thompson Peak Pkwy / Frank Lloyd Wright Blvd / Scottsdale,316,4/7/2010,00:00-24:00,819.1,4428.6,1328.9,705.1,7715.1,2298.8,914.1,8086.6,1459.9,684.9,10467.9,2479.6,0.0,0.0,0.0,0.0,0.0,0.0,0.0,0.0,,
phoenix/317,Central Ave / Baseline Rd / Phoenix,317,4/8/2010,00:00-24:00,1249.2,4387.5,2096.7,1592.7,14177.2,1724.7,1252.3,5403.3,1932.2,1804.4,18133.6,2226.6,0.0,0.0,0.0,0.0,0.0,0.0,0.0,0.0,,
phoenix/318,7th ave / Northern Ave / Phoenix,318,4/8/2010,00:00-24:00,456.6,6767.0,508.9,1089.5,18085.6,1966.1,1467.3,7241.7,1503.7,1222.9,15306.4,487.7,0.0,0.0,0.0,0.0,0.0,0.0,0.0,0.0,,
phoenix/319,7th Ave / Bethany Home Rd / Phoenix,319,4/8/2010,00:00-24:00,957.7,8930.5,89.4,482.6,11717.1,1047.9,1320.3,10027.0,100.3,928.0,12863.8,582.8,0.0,0.0,0.0,0.0,0.0,0.0,0.0,0.0,,
phoenix/320,7th ave / Camelback Rd / Phoenix,320,4/8/2010,00:00-24:00,606.3,13992.7,41.8,714.5,10825.4,1770.3,1972.1,12680.8,91.8,1249.0,12882.3,1313.9,0.0,0.0,0.0,0.0,0.0,0.0,0.0,0.0,,
phoenix/321,7th Ave / Indian School Rd / Phoenix,321,4/8/2010,00:00-24:00,1409.9,14986.2,53.4,1602.1,16642.3,1374.0,2296.8,13552.7,87.0,1237.7,17732.8,1474.9,0.0,0.0,0.0,0.0,0.0,0.0,0.0,0.0,,
phoenix/322,Central Ave / Camelback Rd / Phoenix,322,4/8/2010,00:00-24:00,916.9,7939.7,2297.6,989.3,8881.9,1312.0,1840.4,7129.6,1848.2,1476.2,13030.1,1136.4,0.0,0.0,0.0,0.0,0.0,0.0,0.0,0.0,,
phoenix/323,Central Ave / Indian School Rd / Phoenix,323,4/8/2010,00:00-24:00,1021.6,8932.1,2331.0,1547.0,14309.9,1556.8,966.8,7547.5,1672.0,2212.3,15730.8,850.6,0.0,0.0,0.0,0.0,0.0,0.0,0.0,0.0,,
phoenix/324,Central Ave / Thomas Rd / Phoenix,324,4/8/2010,00:00-24:00,824.5,7266.6,2215.3,1385.5,15120.6,18.8,938.4,6964.7,2286.3,1525.7,14566.8,0.0,0.0,0.0,0.0,0.0,0.0,0.0,0.0,0.0,,
phoenix/325,Central Ave / Van Buren St / Phoenix,325,4/8/2010,00:00-24:00,0.0,0.0,0.0,647.1,8425.8,0.0,849.8,4492.1,1077.9,0.0,7093.2,915.1,0.0,0.0,0.0,0.0,0.0,0.0,0.0,0.0,,
phoenix/326,7th St / Van Buren St / Phoenix,326,4/8/2010,00:00-24:00,3381.0,12264.0,2343.4,1712.6,5743.8,1707.9,1348.3,10665.3,2013.3,1217.6,4721.3,2160.3,0.0,0.0,0.0,0.0,0.0,0.0,0.0,0.0,,
phoenix/327,7th St / Washington St / Phoenix,327,4/8/2010,00:00-24:00,3337.5,9898.8,0.0,2835.0,7775.9,2725.8,0.0,12570.7,2092.0,0.0,0.0,0.0,0.0,0.0,0.0,0.0,0.0,0.0,0.0,0.0,,
phoenix/328,7th St / Buckeye Rd / Phoenix,328,4/8/2010,00:00-24:00,1945.7,9700.6,2088.2,1468.7,6595.6,1460.0,934.5,12683.8,1961.9,1254.7,8025.0,2289.7,0.0,0.0,0.0,0.0,0.0,0.0,0.0,0.0,,
phoenix/329,16th St / Buckeye Rd / Phoenix,329,4/8/2010,00:00-24:00,2221.0,6752.6,1387.7,1114.4,6722.0,2450.2,3232.7,7131.0,1497.5,1371.9,6687.6,2392.1,0.0,0.0,0.0,0.0,0.0,0.0,0.0,0.0,,
phoenix/330,16th St / Southern Ave / Phoenix,330,4/8/2010,00:00-24:00,1628.6,7030.9,2428.4,1669.8,8873.1,1277.3,1162.1,6926.4,1662.9,1022.9,10688.5,2186.7,0.0,0.0,0.0,0.0,0.0,0.0,0.0,0.0,,
phoenix/331,24th St / Camelback Rd / Phoenix,331,4/8/2010,00:00-24:00,1382.3,9713.3,6561.3,3935.5,16635.3,3204.2,3099.1,6504.8,1863.0,2728.2,19126.6,2470.6,0.0,0.0,0.0,0.0,0.0,0.0,0.0,0.0,,
phoenix/332,Loop 303 Fwy / Grand Ave / Surprise,332,3/24/2010,00:00-24:00,0.0,0.0,0.0,0.0,8346.6,1804.5,1953.1,0.0,4692.3,5053.5,9255.5,0.0,0.0,0.0,0.0,0.0,0.0,0.0,0.0,0.0,,
phoenix/333,83rd Ave / Union Hills Dr / Peoria,333,3/24/2010,00:00-24:00,1316.9,8424.9,11294.0,10362.6,12092.9,706.1,1047.9,5988.4,2693.8,2759.2,12657.7,1657.4,0.0,0.0,0.0,0.0,0.0,0.0,0.0,0.0,,
phoenix/335,51st Ave / Union Hills Dr / Phoenix,335,6/22/2010,00:00-24:00,1286.4,7477.6,1803.5,2232.3,8626.2,1358.9,1563.6,6695.4,1718.9,1524.6,8892.3,1147.5,0.0,0.0,0.0,0.0,0.0,0.0,0.0,0.0,,
phoenix/336,43rd Ave / Union Hills Dr / Phoenix,336,3/24/2010,00:00-24:00,373.5,4476.3,1588.4,657.4,11205.4,2201.6,2071.0,3748.7,4153.0,1944.3,13391.2,846.5,0.0,0.0,0.0,0.0,0.0,0.0,0.0,0.0,,
phoenix/337,35th Ave / Greenway Rd / Phoenix,337,3/24/2010,00:00-24:00,1421.1,11860.8,2609.5,1233.7,12122.3,2126.7,1894.7,9869.8,2181.8,1977.4,11805.4,1737.6,0.0,0.0,0.0,0.0,0.0,0.0,0.0,0.0,,
phoenix/338,19th Ave / Greenway Rd / Phoenix,338,3/24/2010,00:00-24:00,2246.5,8886.9,2342.5,1576.0,12110.9,3624.2,2661.9,9464.1,2704.8,1999.9,12267.1,1686.9,0.0,0.0,0.0,0.0,0.0,0.0,0.0,0.0,,
phoenix/339,7th St / Bell Rd / Phoenix,339,3/24/2010,00:00-24:00,2007.4,11728.8,3277.6,1686.9,11096.8,2420.5,1780.1,10405.0,2985.3,3167.7,12278.7,2524.7,0.0,0.0,0.0,0.0,0.0,0.0,0.0,0.0,,
phoenix/340,Cave Creek Rd / Union Hills Dr / Phoenix,340,3/24/2010,00:00-24:00,1392.4,8651.9,3478.6,1567.2,9098.5,1357.7,832.3,9163.6,2205.2,1355.0,13122.9,2192.2,0.0,0.0,0.0,0.0,0.0,0.0,0.0,0.0,,
phoenix/341,Cave Creek Rd / Bell Rd / Phoenix,341,3/24/2010,00:00-24:00,1788.5,10060.6,4086.2,2793.3,12900.5,2057.1,1870.3,9707.7,2169.4,1931.8,15079.3,2615.9,0.0,0.0,0.0,0.0,0.0,0.0,0.0,0.0,,
phoenix/342,Litchfield Rd / Northern Ave / Glendale,342,4/13/2010,00:00-24:00,81.4,5975.9,1600.7,1137.3,4139.0,736.3,887.0,5767.1,2708.8,2771.7,4865.4,83.8,0.0,0.0,0.0,0.0,0.0,0.0,0.0,0.0,,
phoenix/343,107th Ave / Olive Ave / Sun City,343,4/13/2010,00:00-24:00,365.3,812.2,428.8,372.6,14232.1,929.4,965.4,938.5,1630.3,995.3,18507.5,310.2,0.0,0.0,0.0,0.0,0.0,0.0,0.0,0.0,,
phoenix/344,Litchfield Rd / Peoria Ave / Peoria,344,4/13/2010,00:00-24:00,365.3,812.2,428.8,372.6,14232.1,929.4,965.4,938.5,1630.3,995.3,18507.5,310.2,0.0,0.0,0.0,0.0,0.0,0.0,0.0,0.0,,
phoenix/345,99th Ave / Grand Ave / Maricopa,345,4/13/2010,00:00-24:00,1300.7,4077.1,785.2,1689.7,12263.7,291.3,182.7,4406.3,1036.6,1503.3,8972.3,2079.7,0.0,0.0,0.0,0.0,0.0,0.0,0.0,0.0,,
phoenix/346,83rd Ave / Thunderbird Rd / Peoria,346,4/13/2010,00:00-24:00,2404.1,4951.9,1859.7,1537.1,14230.4,1635.4,1570.0,4901.7,3864.0,3522.8,16337.9,2889.1,0.0,0.0,0.0,0.0,0.0,0.0,0.0,0.0,,
phoenix/347,59th Ave / Peoria Ave / Glendale,347,4/13/2010,00:00-24:00,2376.7,14363.1,2915.3,1203.8,11126.2,2868.1,1595.9,10511.4,1954.0,2657.0,13979.8,3398.7,0.0,0.0,0.0,0.0,0.0,0.0,0.0,0.0,,
phoenix/348,59th Ave / Northern Ave / Glendale,348,4/13/2010,00:00-24:00,771.2,10383.2,2603.3,791.8,6727.7,760.8,1152.2,10526.4,1502.5,704.7,6563.3,459.6,0.0,0.0,0.0,0.0,0.0,0.0,0.0,0.0,,
phoenix/349,51st Ave / Olive Ave / Glendale,349,4/13/2010,00:00-24:00,1185.8,8961.8,2254.3,1366.0,13912.7,1355.0,1630.1,10751.0,2661.3,1439.9,13435.5,996.6,0.0,0.0,0.0,0.0,0.0,0.0,0.0,0.0,,
phoenix/350,51st Ave / Northern Ave / Glendale,350,6/23/2010,00:00-24:00,1061.0,8144.9,1447.5,1432.0,6961.4,1651.9,1668.2,8611.0,1057.5,867.8,7868.6,1323.3,0.0,0.0,0.0,0.0,0.0,0.0,0.0,0.0,,
phoenix/351,43rd Ave / Northern Ave / Phoenix,351,4/13/2010,00:00-24:00,1084.5,11623.5,2761.7,2704.5,10269.0,2118.8,1846.8,11626.0,1736.4,1150.9,11419.9,1532.7,0.0,0.0,0.0,0.0,0.0,0.0,0.0,0.0,,
phoenix/352,43rd Ave / Glendale Ave / Phoenix,352,4/13/2010,00:00-24:00,2013.2,10797.9,2659.2,2650.3,10135.9,1531.5,1765.8,10392.2,1532.2,1479.0,11678.7,1907.1,0.0,0.0,0.0,0.0,0.0,0.0,0.0,0.0,,
phoenix/353,35th Ave / Northern Ave / Phoenix,353,4/13/2010,00:00-24:00,1529.9,12134.7,2795.0,2866.2,13293.1,1946.6,2088.2,11159.5,1560.5,1570.3,13140.9,2210.3,0.0,0.0,0.0,0.0,0.0,0.0,0.0,0.0,,
phoenix/354,27th Ave / Northern Ave / Phoenix,354,4/13/2010,00:00-24:00,605.1,3030.7,2461.4,1521.9,16164.3,1472.9,2482.8,2247.2,2266.3,1192.9,15069.5,552.5,0.0,0.0,0.0,0.0,0.0,0.0,0.0,0.0,,
phoenix/355,27th Ave / Glendale Ave / Phoenix,355,4/13/2010,00:00-24:00,517.8,4759.0,1285.5,1222.8,14732.3,1446.6,2361.3,5235.0,1602.0,1404.0,17708.0,854.8,0.0,0.0,0.0,0.0,0.0,0.0,0.0,0.0,,
phoenix/356,19th Ave / Thunderbird Rd / Phoenix,356,4/13/2010,00:00-24:00,1642.6,9917.1,1976.3,1487.1,13352.1,3831.5,3642.7,9957.9,2121.2,2434.9,12821.9,2586.3,0.0,0.0,0.0,0.0,0.0,0.0,0.0,0.0,,
phoenix/357,99th Ave / Lower Buckeye Rd / Phoenix,357,3/25/2010,00:00-24:00,697.3,2983.9,1892.7,1099.4,3292.1,540.7,757.0,3354.9,670.9,608.2,2238.2,1005.6,0.0,0.0,0.0,0.0,0.0,0.0,0.0,0.0,,
phoenix/358,83rd Ave / Lower Buckeye Rd / Phoenix,358,3/25/2010,00:00-24:00,1597.8,2085.3,2794.0,1900.4,4980.1,419.9,501.5,1610.1,559.3,376.0,5468.9,1554.3,0.0,0.0,0.0,0.0,0.0,0.0,0.0,0.0,,
phoenix/359,Dysart Rd / McDowell Rd / Goodyear,359,3/25/2010,00:00-24:00,2176.0,7750.2,3972.2,2894.6,4672.9,1803.2,1605.7,7550.4,2386.4,2272.3,5544.8,2498.4,0.0,0.0,0.0,0.0,0.0,0.0,0.0,0.0,,
phoenix/360,99th Ave / McDowell Rd / Avondale,360,3/25/2010,00:00-24:00,1345.8,4554.6,2072.0,526.4,7772.2,5165.3,5416.3,3751.5,3975.2,2349.7,8534.2,1501.2,0.0,0.0,0.0,0.0,0.0,0.0,0.0,0.0,,
phoenix/361,59th Ave / Camelback Rd / Glendale,361,3/25/2010,00:00-24:00,934.1,7530.1,2111.3,1653.2,9698.8,1483.5,1530.3,8116.3,1320.7,868.9,12453.2,2035.7,0.0,0.0,0.0,0.0,0.0,0.0,0.0,0.0,,
phoenix/362,59th Ave / Indian School Rd / Phoenix,362,3/25/2010,00:00-24:00,1335.0,8800.0,1943.9,1973.0,11435.5,3440.1,2057.0,9078.8,2169.2,1454.1,13863.7,1467.9,0.0,0.0,0.0,0.0,0.0,0.0,0.0,0.0,,
phoenix/363,43rd Ave / Indian School Rd / Phoenix,363,3/25/2010,00:00-24:00,922.6,8820.4,2204.3,1476.6,12886.4,2711.8,2314.9,9317.2,3903.1,2992.3,16442.0,1863.4,0.0,0.0,0.0,0.0,0.0,0.0,0.0,0.0,,
phoenix/364,35th Ave / Camelback Rd / Phoenix,364,3/25/2010,00:00-24:00,1705.9,8634.0,2881.6,2151.5,10663.6,1233.0,1516.0,8792.4,1337.0,1032.7,13629.9,2334.4,0.0,0.0,0.0,0.0,0.0,0.0,0.0,0.0,,
phoenix/365,19th Ave / Camelback Rd / Phoenix,365,3/25/2010,00:00-24:00,2074.9,7658.3,1686.1,1022.6,11070.9,1112.4,1588.4,8684.7,1914.1,1862.4,13157.8,2155.4,0.0,0.0,0.0,0.0,0.0,0.0,0.0,0.0,,
phoenix/366,Power Rd / Brown Rd / Mesa,366,3/30/2010,00:00-24:00,1183.9,7624.4,2774.6,1498.3,5110.1,1530.9,2018.3,8907.9,2258.1,1695.7,5693.6,1482.7,0.0,0.0,0.0,0.0,0.0,0.0,0.0,0.0,,
phoenix/367,Power Rd / Guadalupe Rd / Mesa,367,3/30/2010,00:00-24:00,3175.4,10257.7,1155.2,1426.3,3825.5,1529.9,1477.6,10909.8,1458.7,1327.2,3337.9,3140.3,0.0,0.0,0.0,0.0,0.0,0.0,0.0,0.0,,
phoenix/368,Country Club Dr / Guadalupe Rd / Mesa,368,4/6/2010,00:00-24:00,2302.4,12921.7,2085.2,2797.8,7277.6,2556.2,1796.3,14692.3,2161.9,2077.6,6800.0,2704.4,0.0,0.0,0.0,0.0,0.0,0.0,0.0,0.0,,
phoenix/369,Arizona Ave / Ocotillo Rd / Chandler,369,4/6/2010,00:00-24:00,1814.9,8732.3,2128.5,2229.3,3149.2,457.8,258.9,9712.7,1669.1,742.2,2546.9,1813.3,0.0,0.0,0.0,0.0,0.0,0.0,0.0,0.0,,
phoenix/370,56th St / Chandler Blvd / Chandler,370,4/14/2010,00:00-24:00,2036.0,1522.7,2977.1,2581.5,11354.5,771.0,580.8,1587.2,1379.5,1647.6,12395.1,3243.6,0.0,0.0,0.0,0.0,0.0,0.0,0.0,0.0,,
phoenix/371,48th St / Ray Rd / Phoenix,371,4/14/2010,00:00-24:00,2939.8,7536.5,3629.0,3819.1,10405.2,2386.4,1536.8,9560.4,1943.7,1174.0,13156.4,4538.0,0.0,0.0,0.0,0.0,0.0,0.0,0.0,0.0,,
phoenix/372,64th St / Greenway Rd / Phoenix,372,4/7/2010,00:00-24:00,757.3,3622.2,1818.7,1220.0,12237.1,2195.4,2068.3,3417.8,2282.7,1901.4,14932.1,1278.3,0.0,0.0,0.0,0.0,0.0,0.0,0.0,0.0,,
phoenix/373,16th St / Northern Ave / Phoenix,373,4/8/2010,00:00-24:00,303.1,490.7,686.4,18.8,19546.9,6171.5,3740.4,325.5,6197.6,5385.2,14781.1,159.0,0.0,0.0,0.0,0.0,0.0,0.0,0.0,0.0,,
phoenix/374,16th St / Bethany Home Rd / Phoenix,374,4/8/2010,00:00-24:00,1373.4,12208.7,2494.5,1366.2,8712.8,1693.4,2575.7,10560.5,2923.8,3895.6,11094.0,1281.9,0.0,0.0,0.0,0.0,0.0,0.0,0.0,0.0,,
phoenix/375,32nd St / Union Hills Dr / Phoenix,375,3/24/2010,00:00-24:00,644.9,5847.6,5177.7,5029.3,11963.3,1962.1,1890.6,4277.9,2283.6,3920.1,15490.5,953.4,0.0,0.0,0.0,0.0,0.0,0.0,0.0,0.0,,
phoenix/376,40th St / Union Hills Dr / Phoenix,376,3/24/2010,00:00-24:00,939.3,398.1,379.5,257.3,9005.1,916.4,1147.4,514.6,3922.2,3296.4,10409.0,676.2,0.0,0.0,0.0,0.0,0.0,0.0,0.0,0.0,,
phoenix/377,19th Ave / Peoria Ave / Phoenix,377,4/13/2010,00:00-24:00,2936.2,13157.5,1397.4,1620.6,2702.2,761.1,1019.9,12524.8,3607.4,3827.8,2823.9,2543.9,0.0,0.0,0.0,0.0,0.0,0.0,0.0,0.0,,
phoenix/378,19th Ave / Northern Ave / Phoenix,378,4/13/2010,00:00-24:00,1926.8,11918.0,2794.8,2637.4,16363.8,1337.5,845.5,9260.4,2147.5,2642.2,15393.3,2368.5,0.0,0.0,0.0,0.0,0.0,0.0,0.0,0.0,,
phoenix/379,51st Ave / Lower Buckeye Rd / Phoenix,379,3/25/2010,00:00-24:00,633.3,9842.7,762.1,752.4,3076.9,2784.8,2331.9,12368.4,1732.5,1586.3,4272.7,570.0,0.0,0.0,0.0,0.0,0.0,0.0,0.0,0.0,,
phoenix/380,35th Ave / Lower Buckeye Rd / Phoenix,380,3/25/2010,00:00-24:00,831.1,8290.9,618.4,960.3,4783.1,3517.4,2099.7,11497.8,1421.9,1842.0,5380.8,1555.2,0.0,0.0,0.0,0.0,0.0,0.0,0.0,0.0,,
phoenix/381,16th St / Camelback Rd / Phoenix,381,6/16/2010,00:00-24:00,3007.8,8317.7,2766.8,2303.4,9389.1,1455.9,1640.5,9880.3,3362.8,3017.0,12253.5,2078.9,0.0,0.0,0.0,0.0,0.0,0.0,0.0,0.0,,
phoenix/382,16th St / Thomas Rd / Phoenix,382,6/16/2010,00:00-24:00,1591.6,6032.0,2566.4,1711.9,13964.9,1557.3,1787.0,7252.3,1739.1,1198.7,14412.3,1579.2,0.0,0.0,0.0,0.0,0.0,0.0,0.0,0.0,,
phoenix/383,19th Ave / Bethany Home Rd / Phoenix,383,6/17/2010,00:00-24:00,1612.7,6312.5,2335.9,1377.2,10893.9,819.4,1167.7,6985.1,3143.6,2268.0,13622.9,1538.1,0.0,0.0,0.0,0.0,0.0,0.0,0.0,0.0,,
phoenix/384,19th Ave / Thomas Rd / Phoenix,384,6/16/2010,00:00-24:00,1476.4,4820.8,1296.0,1135.4,12007.6,816.6,1072.6,5159.1,607.7,541.1,14773.2,1491.8,0.0,0.0,0.0,0.0,0.0,0.0,0.0,0.0,,
phoenix/385,24th St / Washington St / Phoenix,385,6/15/2010,00:00-24:00,1048.5,5328.2,0.0,421.9,5661.7,943.0,0.0,6607.0,1481.9,0.0,0.0,0.0,0.0,0.0,0.0,0.0,0.0,0.0,0.0,0.0,,
phoenix/386,24th St / Van Buren St / Phoenix,386,7/8/2010,00:00-24:00,1129.0,5368.1,1051.8,730.4,4482.7,794.4,838.0,5054.5,718.7,711.3,4361.3,1145.1,0.0,0.0,0.0,0.0,0.0,0.0,0.0,0.0,,
phoenix/387,24th St / Buckeye Rd / Phoenix,387,6/16/2010,00:00-24:00,782.9,5115.3,843.7,1012.2,5329.9,1652.1,2198.9,7095.1,1481.1,1152.4,3726.8,1834.4,0.0,0.0,0.0,0.0,0.0,0.0,0.0,0.0,,
phoenix/388,35th Ave / Thunderbird Rd / Phoenix,388,6/17/2010,00:00-24:00,1696.3,9607.7,2199.5,1538.2,14209.0,1766.4,1753.9,8423.8,2321.5,2067.7,14642.4,1744.1,0.0,0.0,0.0,0.0,0.0,0.0,0.0,0.0,,
phoenix/389,35th Ave / Peoria Ave / Phoenix,389,6/17/2010,00:00-24:00,905.3,9464.8,3118.8,1602.3,11351.7,1835.1,1678.5,8536.7,2143.3,1615.1,13886.7,1290.7,0.0,0.0,0.0,0.0,0.0,0.0,0.0,0.0,,
phoenix/390,35th Ave / McDowell Rd / Phoenix,390,6/15/2010,00:00-24:00,1011.0,8866.4,884.7,1005.2,8021.4,1756.1,1438.1,9966.5,2029.8,2336.8,6958.5,1098.0,0.0,0.0,0.0,0.0,0.0,0.0,0.0,0.0,,
phoenix/391,35th Ave / Bell Rd / Phoenix,391,6/17/2010,00:00-24:00,1355.1,7915.2,2179.3,1996.4,12818.8,2045.9,1747.5,6828.6,1861.9,2595.3,13697.9,2122.4,0.0,0.0,0.0,0.0,0.0,0.0,0.0,0.0,,
phoenix/392,51st Ave / Thunderbird Rd / Phoenix,392,6/23/2010,00:00-24:00,2247.1,7904.9,2217.0,1728.1,13619.9,1726.4,1633.4,7602.5,2088.9,1667.2,13649.4,2020.4,0.0,0.0,0.0,0.0,0.0,0.0,0.0,0.0,,
phoenix/393,51st Ave / Bell Rd / Phoenix,393,6/17/2010,00:00-24:00,1336.1,6098.2,1781.7,1030.9,12068.2,1546.3,1746.2,6769.1,2614.1,1799.8,14393.5,1691.1,0.0,0.0,0.0,0.0,0.0,0.0,0.0,0.0,,
phoenix/396,59th Ave / Thunderbird Rd / Glendale,396,6/23/2010,00:00-24:00,1510.1,8999.7,2627.8,2393.8,11580.1,2200.9,2054.2,9808.9,2055.7,1808.6,12217.1,2147.3,0.0,0.0,0.0,0.0,0.0,0.0,0.0,0.0,,
phoenix/397,59th Ave / Bethany Home Rd / Glendale,397,6/23/2010,00:00-24:00,1360.5,6308.6,1393.3,878.2,7060.8,1408.6,1539.2,6878.5,1577.1,1375.4,8231.3,1473.5,0.0,0.0,0.0,0.0,0.0,0.0,0.0,0.0,,
phoenix/398,59th Ave / McDowell Rd / Phoenix,398,6/24/2010,00:00-24:00,1093.4,8582.5,1281.9,1310.3,9043.7,1647.4,936.1,8224.4,1556.1,1437.8,7516.8,1126.7,0.0,0.0,0.0,0.0,0.0,0.0,0.0,0.0,,
phoenix/399,59th Ave / Bell Rd / Glendale,399,6/22/2010,00:00-24:00,1849.5,8307.8,2527.0,1927.3,11879.7,1712.0,1636.1,7883.2,3330.0,2820.4,14972.9,2318.3,0.0,0.0,0.0,0.0,0.0,0.0,0.0,0.0,,
phoenix/4,Rural Rd / University Dr / Tempe,4,3/26/2009,00:00-24:00,2190.6,10102.3,3535.0,2756.9,8282.0,2281.3,1899.1,12383.7,2715.3,1909.5,7198.4,1900.4,1238.9,949.4,1474.2,680.9,0.0,0.0,0.0,0.0,,
phoenix/400,67th Ave / Lower Buckeye Rd / Phoenix,400,6/24/2010,00:00-24:00,1619.0,2877.9,747.7,687.3,3162.3,225.7,181.8,3993.9,517.1,486.5,3387.1,2122.3,0.0,0.0,0.0,0.0,0.0,0.0,0.0,0.0,,
phoenix/401,7th Ave / Jefferson St / Phoenix,401,6/15/2010,00:00-24:00,0.0,8297.5,5616.0,0.0,0.0,0.0,2065.3,10801.7,0.0,1220.8,5759.8,3216.4,0.0,0.0,0.0,0.0,0.0,0.0,0.0,0.0,,
phoenix/402,7th Ave / Broadway Rd / Phoenix,402,6/15/2010,00:00-24:00,814.4,7070.7,1494.1,1399.3,4653.9,1431.4,1140.0,9037.4,579.4,277.2,4516.8,1427.1,0.0,0.0,0.0,0.0,0.0,0.0,0.0,0.0,,
phoenix/403,7th Ave / Union Hills Dr / Phoenix,403,6/22/2010,00:00-24:00,1299.3,4175.9,2095.7,1953.3,8533.5,912.2,907.3,4112.1,786.2,744.8,9398.8,1547.8,0.0,0.0,0.0,0.0,0.0,0.0,0.0,0.0,,
phoenix/404,7th St / Thunderbird Rd / Phoenix,404,6/22/2010,00:00-24:00,1961.7,12915.3,3729.5,2266.4,10264.4,1634.2,967.4,10513.7,3790.5,3191.3,10705.2,1904.1,0.0,0.0,0.0,0.0,0.0,0.0,0.0,0.0,,
phoenix/405,83rd Ave / Bell Rd / Peoria,405,6/17/2010,00:00-24:00,2406.4,5047.7,2416.8,2226.3,13986.8,2492.3,1610.4,4645.3,3940.2,2926.0,20513.6,2870.0,0.0,0.0,0.0,0.0,0.0,0.0,0.0,0.0,,
phoenix/406,83rd Ave / Bethany Home Rd / Glendale,406,6/24/2010,00:00-24:00,0.0,4531.7,1674.9,2123.0,0.0,2633.6,2320.8,4720.2,0.0,0.0,0.0,0.0,0.0,0.0,0.0,0.0,0.0,0.0,0.0,0.0,,
phoenix/407,90th St / Shea Blvd / Scottsdale,407,6/29/2010,00:00-24:00,1381.0,900.2,356.0,551.4,22944.2,2400.1,2307.1,625.3,5493.9,4371.4,20079.3,1168.9,0.0,0.0,0.0,0.0,0.0,0.0,0.0,0.0,,
phoenix/408,94th St / Thunderbird Rd / Scottsdale,408,6/29/2010,00:00-24:00,522.7,4551.9,480.3,724.2,1401.7,849.7,528.5,3855.3,779.1,869.6,1573.3,460.1,0.0,0.0,0.0,0.0,0.0,0.0,0.0,0.0,,
phoenix/409,Arizona Ave / Elliot Rd / Chandler,409,6/29/2010,00:00-24:00,1715.6,11193.1,1697.8,1469.1,7646.0,1147.6,1021.8,11307.2,2354.5,1811.7,5879.9,1799.7,0.0,0.0,0.0,0.0,0.0,0.0,0.0,0.0,,
phoenix/410,Gilbert Rd / Queen Creek Rd / Chandler,410,6/29/2010,00:00-24:00,1310.2,9841.0,1198.0,1296.2,1484.1,1046.9,295.5,9761.0,257.6,279.2,1890.3,3254.3,0.0,0.0,0.0,0.0,0.0,0.0,0.0,0.0,,
phoenix/411,Hayden Rd / Thomas Rd / Scottsdale,411,6/30/2010,00:00-24:00,2693.8,10452.0,2400.5,2750.7,9217.4,1161.0,1108.3,10215.6,2263.2,1716.4,9161.1,2494.7,0.0,0.0,0.0,0.0,0.0,0.0,0.0,0.0,,
phoenix/412,Hayden Rd / McDowell Rd / Scottsdale,412,6/30/2010,00:00-24:00,2797.8,7888.6,2200.9,1863.5,9986.3,1657.6,1123.6,7806.7,2843.6,1794.6,10010.1,2630.2,0.0,0.0,0.0,0.0,0.0,0.0,0.0,0.0,,
phoenix/413,Hayden Rd / McKellips Rd / Scottsdale,413,6/30/2010,00:00-24:00,927.5,9455.6,2134.9,3201.8,4255.0,2065.9,2043.3,8880.2,994.8,1049.9,4315.5,797.5,0.0,0.0,0.0,0.0,0.0,0.0,0.0,0.0,,
phoenix/414,Hayden Rd / Frank Lloyd Wright Blvd / Scottsdale,414,6/29/2010,00:00-24:00,125.3,138.0,279.0,317.2,13619.3,4140.5,4871.0,114.9,5551.9,5002.3,13917.1,146.2,0.0,0.0,0.0,0.0,0.0,0.0,0.0,0.0,,
phoenix/415,Hayden Rd / Indian Bend Rd / Scottsdale,415,6/30/2010,00:00-24:00,1917.9,9514.7,2355.1,1394.9,3898.2,1843.7,1240.5,8927.2,1227.6,572.7,4016.9,1729.4,0.0,0.0,0.0,0.0,0.0,0.0,0.0,0.0,,
phoenix/416,Hayden Rd / McDonald Dr / Scottsdale,416,6/29/2010,00:00-24:00,1904.3,8645.1,1734.9,2087.7,5314.8,1170.6,1446.4,7580.7,1123.2,966.0,4545.7,1582.1,0.0,0.0,0.0,0.0,0.0,0.0,0.0,0.0,,
phoenix/417,McClintock Dr / Broadway Rd / Tempe,417,7/1/2010,00:00-24:00,2566.2,9746.9,1844.3,1868.1,10842.6,1933.3,1441.6,8369.5,2558.4,2268.7,9922.2,2309.1,0.0,0.0,0.0,0.0,0.0,0.0,0.0,0.0,,
phoenix/418,McClintock Dr / Elliot Rd / Tempe,418,7/7/2010,00:00-24:00,2193.2,6829.0,2166.6,1742.8,11479.0,1464.2,906.9,7402.2,1761.8,1316.8,10976.3,2418.3,0.0,0.0,0.0,0.0,0.0,0.0,0.0,0.0,,
phoenix/419,McClintock Dr / Warner Rd / Tempe,419,7/7/2010,00:00-24:00,1633.5,5681.4,1498.9,1474.6,10117.5,1725.7,1952.3,6240.5,1912.3,1462.6,9341.8,1717.4,0.0,0.0,0.0,0.0,0.0,0.0,0.0,0.0,,
phoenix/420,McClintock Dr / Chandler Blvd / Chandler,420,6/24/2010,00:00-24:00,1376.8,1535.3,2218.0,1553.0,12066.3,1191.9,494.6,2013.2,933.8,170.1,11090.2,1943.6,0.0,0.0,0.0,0.0,0.0,0.0,0.0,0.0,,
phoenix/421,Priest Dr / Ray Rd / Chandler,421,6/24/2010,00:00-24:00,2036.3,3740.5,2094.0,2179.0,9419.2,1893.7,1068.8,4245.7,1215.0,675.0,8968.6,3021.8,0.0,0.0,0.0,0.0,0.0,0.0,0.0,0.0,,
phoenix/422,Rural Rd / University Dr / Tempe,422,6/24/2010,00:00-24:00,2113.6,8658.6,1947.9,1594.7,7038.2,1606.3,1670.0,9255.1,2145.7,1703.7,6682.0,1711.0,0.0,0.0,0.0,0.0,0.0,0.0,0.0,0.0,,
phoenix/423,Rural Rd / Apache Blvd / Tempe,423,7/1/2010,00:00-24:00,1582.1,10010.0,887.6,805.3,2696.3,1380.0,1322.5,11879.2,2681.9,2297.3,2556.1,1614.1,0.0,0.0,0.0,0.0,0.0,0.0,0.0,0.0,,
phoenix/424,Rural Rd / Broadway Rd / Tempe,424,7/1/2010,00:00-24:00,1394.0,9366.7,1892.4,2911.9,10652.6,2212.2,2069.6,10613.7,2165.7,1874.8,10323.3,1746.4,0.0,0.0,0.0,0.0,0.0,0.0,0.0,0.0,,
phoenix/425,Rural Rd / Southern Ave / Tempe,425,7/1/2010,00:00-24:00,1314.2,11763.3,1464.2,1111.4,5825.3,2237.2,1827.6,12106.9,2215.2,2763.4,6811.2,1674.7,0.0,0.0,0.0,0.0,0.0,0.0,0.0,0.0,,
phoenix/426,Rural Rd / Baseline Rd / Tempe,426,7/7/2010,00:00-24:00,1541.8,10234.0,1934.5,1659.1,9374.1,2012.8,1731.6,12144.0,2765.8,2384.1,8040.4,2304.1,0.0,0.0,0.0,0.0,0.0,0.0,0.0,0.0,,
phoenix/427,Rural Rd / Elliot Rd / Tempe,427,7/7/2010,00:00-24:00,2314.7,6868.2,2175.3,2059.5,11839.8,1300.1,1104.2,7047.6,1103.0,679.6,11439.0,2357.3,0.0,0.0,0.0,0.0,0.0,0.0,0.0,0.0,,
phoenix/428,Scottsdale Rd / Doubletree Ranch Rd / Scottsdale,428,6/23/2010,00:00-24:00,335.7,13864.3,3104.9,3340.7,1466.9,1842.4,1449.0,14697.5,756.8,691.2,1312.4,569.4,0.0,0.0,0.0,0.0,0.0,0.0,0.0,0.0,,
phoenix/429,Scottsdale Rd / Indian School Rd / Scottsdale,429,6/30/2010,00:00-24:00,1030.3,4581.5,1492.9,1379.6,5976.2,1365.0,670.4,4479.4,527.5,543.6,6454.0,1400.3,0.0,0.0,0.0,0.0,0.0,0.0,0.0,0.0,,
phoenix/430,Stapley Dr / Baseline Rd / Mesa,430,6/29/2010,00:00-24:00,1867.1,10199.8,2084.2,1914.1,9720.4,1856.2,1651.0,12308.8,1929.0,1249.1,8709.2,2252.1,0.0,0.0,0.0,0.0,0.0,0.0,0.0,0.0,,
phoenix/431,Tatum Blvd / Cactus Rd / Phoenix,431,6/23/2010,00:00-24:00,1371.6,9041.8,2039.3,1247.1,9709.7,2338.7,1382.9,8489.8,2327.8,1931.3,11728.8,2706.0,0.0,0.0,0.0,0.0,0.0,0.0,0.0,0.0,,
phoenix/432,Tatum Blvd / Shea Blvd / Phoenix,432,6/23/2010,00:00-24:00,1761.8,8562.5,3286.5,2902.4,14745.9,3932.0,2690.6,8049.0,3929.9,3918.6,15272.1,3146.3,0.0,0.0,0.0,0.0,0.0,0.0,0.0,0.0,,
phoenix/433,Loop 101 / Guadalupe Rd / Tempe,433,4/6/2010,00:00-24:00,4594.2,4804.8,5540.7,6141.2,5801.2,3793.8,2814.3,4741.4,3591.2,3318.0,6523.8,4599.2,0.0,0.0,0.0,0.0,0.0,0.0,0.0,0.0,,
phoenix/434,Loop 101 Fwy / Tatum Blvd / Phoenix,434,4/7/2010,00:00-24:00,13174.4,10571.7,8868.0,3834.1,31.6,2751.1,4189.6,5227.3,2227.9,2681.8,3.2,14277.1,0.0,0.0,0.0,0.0,0.0,0.0,0.0,0.0,,
phoenix/435,Loop 101 Fwy / Frank Lloyd Wright Blvd / Scottsdale,435,4/7/2010,00:00-24:00,2944.7,6560.6,8785.8,8596.2,6410.6,7805.0,1649.8,5779.2,8555.0,8113.5,9578.3,5386.6,0.0,0.0,0.0,0.0,0.0,0.0,0.0,0.0,,
phoenix/436,7th Ave / I-10 Fwy / Phoenix,436,4/8/2010,00:00-24:00,5690.1,9016.6,6543.7,6258.4,126.5,6846.9,5380.0,9314.3,5285.4,6684.7,149.3,6924.7,0.0,0.0,0.0,0.0,0.0,0.0,0.0,0.0,,
phoenix/437,7th St / I-10 Fwy / Phoenix,437,6/16/2010,00:00-24:00,4507.2,14201.1,7662.3,13630.1,0.0,11204.8,6449.6,9441.3,4047.0,4414.0,0.0,6097.6,0.0,0.0,0.0,0.0,0.0,0.0,0.0,0.0,,
phoenix/438,SR 51 Fwy / Bell Rd / Phoenix,438,3/24/2010,00:00-24:00,2225.1,0.0,2908.8,1812.3,19325.9,5817.8,6985.0,0.0,6413.3,6273.9,17627.7,2908.6,0.0,0.0,0.0,0.0,0.0,0.0,0.0,0.0,,
phoenix/439,I-17 Fwy / Northern Ave / Phoenix,439,7/7/2010,00:00-24:00,2210.8,2644.8,7395.9,7749.0,12607.1,5953.3,4214.0,4251.3,6621.0,5082.8,10019.6,5096.9,0.0,0.0,0.0,0.0,0.0,0.0,0.0,0.0,,
phoenix/44,91st Ave / Bell Rd / Peoria,44,3/24/2010,00:00-24:00,1518.7,2878.4,2400.0,1582.4,21852.9,1951.1,1415.6,2887.4,1053.8,1001.3,28854.0,1601.6,36.9,72.4,49.4,8.5,0.0,0.0,0.0,0.0,,
phoenix/440,Loop 101 Fwy / Bell Rd / Peoria,440,6/22/2010,00:00-24:00,9640.7,0.0,2649.7,2141.5,13757.9,6067.9,7870.1,0.0,6784.1,6765.3,15906.6,10631.9,0.0,0.0,0.0,0.0,0.0,0.0,0.0,0.0,,
phoenix/441,I-17 Fwy / Camelback Rd / Phoenix,441,6/22/2010,00:00-24:00,3390.5,2151.6,5788.5,3923.4,8229.5,3653.8,3800.5,3516.1,5025.9,3442.3,10078.6,4422.0,0.0,0.0,0.0,0.0,0.0,0.0,0.0,0.0,,
phoenix/442,I-17 Fwy / Dunlap Ave / Phoenix,442,6/17/2010,00:00-24:00,3344.9,3778.9,7746.9,4317.6,9130.5,6526.4,6966.8,4910.4,8438.9,5763.4,10050.0,4426.8,0.0,0.0,0.0,0.0,0.0,0.0,0.0,0.0,,
phoenix/443,I-17 Fwy / Glendale Ave / Phoenix,443,6/16/2010,00:00-24:00,3352.0,2689.6,5544.7,4614.5,8877.3,3250.6,2766.8,2540.2,5285.1,4474.9,9959.6,4262.2,0.0,0.0,0.0,0.0,0.0,0.0,0.0,0.0,,
phoenix/444,SR 51 Fwy / Glendale Ave / Phoenix,444,6/30/2010,00:00-24:00,3230.7,0.0,7827.4,7119.6,10201.8,2498.0,3020.3,0.0,6227.8,6701.4,10332.9,4292.0,0.0,0.0,0.0,0.0,0.0,0.0,0.0,0.0,,
phoenix/445,Loop 101 / Cactus Rd / Scottsdale,445,6/23/2010,00:00-24:00,1528.3,0.0,1720.1,2443.8,5338.2,4917.4,2435.3,0.0,8408.1,7563.6,4906.6,2003.3,0.0,0.0,0.0,0.0,0.0,0.0,0.0,0.0,,
phoenix/446,Loop 101 / Shea Blvd / Scottsdale,446,6/23/2010,00:00-24:00,4432.4,0.0,11322.5,10185.9,12486.0,9006.8,5658.3,0.0,4954.6,4857.5,11926.0,3489.6,0.0,0.0,0.0,0.0,0.0,0.0,0.0,0.0,,
phoenix/447,Loop 101 Fwy / Cave Creek Rd / Phoenix,447,6/22/2010,00:00-24:00,7347.6,6601.2,5832.6,4393.7,1023.9,2859.8,3096.2,7283.0,6602.2,6639.5,1824.8,6129.6,0.0,0.0,0.0,0.0,0.0,0.0,0.0,0.0,,
phoenix/448,Loop 101 / Raintree Dr / Scottsdale,448,4/7/2010,00:00-24:00,5962.2,2976.0,5738.1,4314.8,6256.8,8122.6,9428.0,596.3,11731.2,5099.6,3888.6,4809.8,0.0,0.0,0.0,0.0,0.0,0.0,0.0,0.0,,
phoenix/449,SR 51 Fwy / Indian School Rd / Phoenix,449,4/8/2010,00:00-24:00,7127.4,0.0,7230.9,4189.2,11156.7,4017.2,4031.5,0.0,5954.9,5754.7,6825.3,5747.4,0.0,0.0,0.0,0.0,0.0,0.0,0.0,0.0,,
phoenix/450,SR 51 Fwy / Thomas Rd / Phoenix,450,4/8/2010,00:00-24:00,4121.1,3370.2,3953.5,4209.5,10260.2,3233.8,4010.5,2964.5,6148.9,5015.9,10195.9,4515.1,0.0,0.0,0.0,0.0,0.0,0.0,0.0,0.0,,
phoenix/451,SR 51 Fwy / McDowell Rd / Phoenix,451,4/8/2010,00:00-24:00,2955.0,0.0,2719.9,3235.8,11627.1,1021.5,1125.0,0.0,1680.2,2660.0,10301.3,2964.8,0.0,0.0,0.0,0.0,0.0,0.0,0.0,0.0,,
phoenix/452,I-17 Fwy / Bethany Home Rd / Phoenix,452,4/13/2010,00:00-24:00,3122.2,2824.9,6742.2,4714.1,13651.2,3861.3,3637.2,4514.2,7311.2,4451.8,14937.7,5410.6,0.0,0.0,0.0,0.0,0.0,0.0,0.0,0.0,,
phoenix/453,Loop 101 / Camelback Rd / Glendale,453,3/25/2010,00:00-24:00,5771.4,0.0,3895.3,4113.2,7589.0,3262.3,3789.5,0.0,4194.9,5760.0,8045.6,7776.9,0.0,0.0,0.0,0.0,0.0,0.0,0.0,0.0,,
phoenix/454,US 60 Fwy / Gilbert Rd / Mesa,454,3/30/2010,00:00-24:00,0.0,10980.4,5127.2,0.0,0.0,0.0,4384.8,14733.0,0.0,11147.2,0.0,7976.5,0.0,0.0,0.0,0.0,0.0,0.0,0.0,0.0,,
phoenix/455,US 60 Fwy / Gilbert Rd / Mesa,455,3/30/2010,00:00-24:00,8000.8,11918.6,0.0,4422.9,54.4,4189.0,0.0,12746.1,9963.4,0.0,0.0,0.0,0.0,0.0,0.0,0.0,0.0,0.0,0.0,0.0,,
phoenix/456,Val Vista Dr / US 60 Fwy / Mesa,456,3/30/2010,00:00-24:00,0.0,12321.7,4185.0,0.0,0.0,0.0,4438.8,17413.3,0.0,11019.1,6.5,6787.9,0.0,0.0,0.0,0.0,0.0,0.0,0.0,0.0,,
phoenix/457,Val Vista Dr / US 60 Fwy / Mesa,457,3/30/2010,00:00-24:00,6149.6,11726.7,0.0,4125.0,16.1,4779.9,0.0,13176.3,11025.0,0.0,0.0,0.0,0.0,0.0,0.0,0.0,0.0,0.0,0.0,0.0,,
phoenix/458,Power Rd / US 60 Fwy / Mesa,458,3/30/2010,00:00-24:00,0.0,11705.4,4455.1,0.0,0.0,0.0,3160.1,13726.9,0.0,3665.9,97.4,6825.2,0.0,0.0,0.0,0.0,0.0,0.0,0.0,0.0,,
phoenix/459,Power Rd / US 60 Fwy / Mesa,459,3/30/2010,00:00-24:00,5637.1,11569.3,0.0,5284.6,890.8,4591.2,0.0,14742.2,5809.9,0.0,0.0,0.0,0.0,0.0,0.0,0.0,0.0,0.0,0.0,0.0,,
phoenix/460,Chandler Blvd / Loop 101 / Chandler,460,4/6/2010,00:00-24:00,6782.0,6690.4,14074.4,0.0,11404.5,4093.8,0.0,0.0,0.0,2492.3,21572.6,0.0,0.0,0.0,0.0,0.0,0.0,0.0,0.0,0.0,,
phoenix/461,Chandler Blvd / Loop 101 / Chandler,461,4/6/2010,00:00-24:00,0.0,0.0,0.0,8811.5,13355.0,0.0,1726.7,6321.0,2143.3,0.0,25805.9,9841.1,0.0,0.0,0.0,0.0,0.0,0.0,0.0,0.0,,
phoenix/462,Broadway Rd / Loop 101 / Tempe,462,4/6/2010,00:00-24:00,5813.2,8983.8,7294.7,0.0,8086.5,4519.0,0.0,0.0,0.0,6814.0,12150.5,0.0,0.0,0.0,0.0,0.0,0.0,0.0,0.0,0.0,,
phoenix/463,Broadway Rd / Loop 101 / Tempe,463,4/6/2010,00:00-24:00,0.0,0.0,0.0,6437.3,12605.5,0.0,4031.0,8608.9,5940.8,0.0,6214.0,5936.5,0.0,0.0,0.0,0.0,0.0,0.0,0.0,0.0,,
phoenix/464,Warner Rd / Loop 101 / Tempe,464,4/6/2010,00:00-24:00,4828.6,2423.7,6009.8,0.0,12102.3,3429.0,0.0,0.0,0.0,2510.9,13869.7,0.0,0.0,0.0,0.0,0.0,0.0,0.0,0.0,0.0,,
phoenix/465,Warner Rd / Loop 101 / Tempe,465,4/6/2010,00:00-24:00,0.0,0.0,0.0,8836.4,10749.3,0.0,2321.8,6909.4,4782.0,0.0,13487.0,6392.4,0.0,0.0,0.0,0.0,0.0,0.0,0.0,0.0,,
phoenix/466,Country Club Dr / Loop 202 Fwy / Mesa,466,4/6/2010,00:00-24:00,0.0,9706.6,4236.7,0.0,0.0,0.0,1753.6,10941.1,0.0,1412.4,0.0,3639.6,0.0,0.0,0.0,0.0,0.0,0.0,0.0,0.0,,
phoenix/467,Country Club Dr / Loop 202 Fwy / Mesa,467,4/6/2010,00:00-24:00,3830.9,11637.3,0.0,6916.9,37.7,2306.1,0.0,11608.4,2972.2,0.0,0.0,0.0,0.0,0.0,0.0,0.0,0.0,0.0,0.0,0.0,,
phoenix/468,Alma School Rd / Loop 202 Fwy / Mesa,468,4/6/2010,00:00-24:00,0.0,13299.9,3854.4,0.0,0.0,0.0,4242.7,11141.3,0.0,8789.7,163.2,4209.1,0.0,0.0,0.0,0.0,0.0,0.0,0.0,0.0,,
phoenix/469,Alma School Rd / Loop 202 Fwy / Mesa,469,4/6/2010,00:00-24:00,4968.7,13741.7,0.0,3539.6,58.0,3412.6,0.0,4418.6,11482.7,0.0,0.0,0.0,0.0,0.0,0.0,0.0,0.0,0.0,0.0,0.0,,
phoenix/470,Alma School Rd / US 60 Fwy / Mesa,470,4/6/2010,00:00-24:00,0.0,12915.4,5662.0,0.0,0.0,0.0,6436.8,20513.6,61.3,7135.9,7.4,7445.4,0.0,0.0,0.0,0.0,0.0,0.0,0.0,0.0,,
phoenix/471,Alma School Rd / US 60 Fwy / Mesa,471,4/6/2010,00:00-24:00,4131.6,14132.5,7.4,6110.8,55.0,4445.0,0.0,21768.3,6190.7,0.0,0.0,0.0,0.0,0.0,0.0,0.0,0.0,0.0,0.0,0.0,,
phoenix/472,Apache Blvd / Loop 101 / Tempe,472,4/6/2010,00:00-24:00,680.5,5469.4,970.4,0.0,6322.4,3058.8,0.0,0.0,0.0,1784.5,4199.6,0.0,0.0,0.0,0.0,0.0,0.0,0.0,0.0,0.0,,
phoenix/473,Apache Blvd / Loop 101 / Tempe,473,4/6/2010,00:00-24:00,0.0,0.0,0.0,1022.8,5875.8,0.0,2148.0,4398.0,3773.2,0.0,4520.5,804.2,0.0,0.0,0.0,0.0,0.0,0.0,0.0,0.0,,
phoenix/474,University Dr / I-10 Fwy / Phoenix,474,4/14/2010,00:00-24:00,0.0,10694.8,1707.6,0.0,0.0,0.0,4387.0,12182.3,3.2,9372.7,12.4,6126.0,0.0,0.0,0.0,0.0,0.0,0.0,0.0,0.0,,
phoenix/475,University Dr / I-10 Fwy / Phoenix,475,4/14/2010,00:00-24:00,6658.5,7108.5,0.0,2805.7,37.2,5294.0,0.0,9600.7,8707.6,0.0,0.0,0.0,0.0,0.0,0.0,0.0,0.0,0.0,0.0,0.0,,
phoenix/476,40th St / I-10 Fwy / Phoenix,476,4/15/2010,00:00-24:00,0.0,13365.0,0.0,0.0,0.0,0.0,4088.8,15336.7,0.0,6717.6,0.0,3723.7,0.0,0.0,0.0,0.0,0.0,0.0,0.0,0.0,,
phoenix/477,40th St / I-10 Fwy / Phoenix,477,4/15/2010,00:00-24:00,4038.3,9194.6,0.0,4692.7,0.0,4170.4,0.0,8285.8,10774.5,0.0,0.0,0.0,0.0,0.0,0.0,0.0,0.0,0.0,0.0,0.0,,
phoenix/478,Baseline Rd / I-10 Fwy / Tempe,478,4/14/2010,00:00-24:00,7494.6,41.8,5685.5,0.0,19186.4,3969.4,0.0,10.8,0.0,13209.4,23527.3,0.0,0.0,0.0,0.0,0.0,0.0,0.0,0.0,0.0,,
phoenix/479,Baseline Rd / I-10 Fwy / Tempe,479,4/14/2010,00:00-24:00,0.0,0.0,0.0,9551.2,23155.8,0.0,5978.3,39.6,17307.8,0.0,9249.1,14278.1,0.0,0.0,0.0,0.0,0.0,0.0,0.0,0.0,,
phoenix/480,Elliot Rd / I-10 Fwy / Tempe,480,4/14/2010,00:00-24:00,7999.3,8.4,18511.2,0.0,7977.9,4009.6,0.0,0.0,0.0,3094.5,14774.1,0.0,0.0,0.0,0.0,0.0,0.0,0.0,0.0,0.0,,
phoenix/481,Elliot Rd / I-10 Fwy / Tempe,481,4/14/2010,00:00-24:00,0.0,0.0,0.0,12540.7,10094.7,0.0,2933.8,6.7,1892.8,0.0,25903.4,7382.0,0.0,0.0,0.0,0.0,0.0,0.0,0.0,0.0,,
phoenix/482,16th St / I-17 Fwy / Phoenix,482,4/8/2010,00:00-24:00,0.0,11573.1,110.6,0.0,0.0,0.0,88.9,14842.9,0.0,7392.0,155.5,2819.9,0.0,0.0,0.0,0.0,0.0,0.0,0.0,0.0,,
phoenix/483,16th St / I-17 Fwy / Phoenix,483,4/8/2010,00:00-24:00,1629.8,11683.6,0.0,0.0,0.0,0.0,0.0,11277.1,6385.7,0.0,0.0,0.0,0.0,0.0,0.0,0.0,0.0,0.0,0.0,0.0,,
phoenix/484,7th Ave / I-17 Fwy / Phoenix,484,6/15/2010,00:00-24:00,0.0,7053.1,3028.8,0.0,0.0,0.0,1765.2,9776.9,0.0,4040.2,2967.1,1194.0,0.0,0.0,0.0,0.0,0.0,0.0,0.0,0.0,,
phoenix/485,7th Ave / I-17 Fwy / Phoenix,485,6/15/2010,00:00-24:00,559.2,7479.4,0.0,4266.6,2444.7,2602.4,0.0,6671.0,4299.9,0.0,0.0,0.0,0.0,0.0,0.0,0.0,0.0,0.0,0.0,0.0,,
phoenix/486,19th Ave / Loop 101 Fwy / Phoenix,486,3/24/2010,00:00-24:00,0.0,9914.4,5687.0,0.0,0.0,0.0,2979.1,9969.7,13.8,2425.7,4942.6,2818.9,0.0,0.0,0.0,0.0,0.0,0.0,0.0,0.0,,
phoenix/487,19th Ave / Loop 101 Fwy / Phoenix,487,3/24/2010,00:00-24:00,2338.9,13053.4,0.0,5098.8,3197.7,2547.9,0.0,9515.7,3272.9,0.0,0.0,0.0,0.0,0.0,0.0,0.0,0.0,0.0,0.0,0.0,,
phoenix/488,Union Hills Dr / Loop 101 Fwy / Glendale,488,3/24/2010,00:00-24:00,10198.5,24.5,1573.4,0.0,15876.6,2507.2,0.0,0.0,0.0,9298.8,16915.3,0.0,0.0,0.0,0.0,0.0,0.0,0.0,0.0,0.0,,
phoenix/489,Union Hills Dr / Loop 101 / Glendale,489,3/24/2010,00:00-24:00,0.0,0.0,0.0,1319.7,8952.1,0.0,3338.1,18.4,9431.7,0.0,10272.9,8215.9,0.0,0.0,0.0,0.0,0.0,0.0,0.0,0.0,,
phoenix/490,67th Ave / Loop 101 / Glendale,490,3/24/2010,00:00-24:00,0.0,12652.8,12550.7,0.0,0.0,0.0,4336.4,9243.1,0.0,2085.0,4820.2,5942.7,0.0,0.0,0.0,0.0,0.0,0.0,0.0,0.0,,
phoenix/491,67th Ave / Loop 101 / Glendale,491,3/24/2010,00:00-24:00,4872.8,18416.8,0.0,6256.1,3083.5,6786.7,0.0,12801.0,2384.7,0.0,0.0,0.0,0.0,0.0,0.0,0.0,0.0,0.0,0.0,0.0,,
phoenix/492,51st Ave / Loop 101 Fwy / Phoenix,492,3/24/2010,00:00-24:00,0.0,8880.6,2191.2,0.0,0.0,0.0,6223.9,5239.6,0.0,3737.6,5184.0,703.5,0.0,0.0,0.0,0.0,0.0,0.0,0.0,0.0,,
phoenix/493,51st Ave / Loop 101 Fwy / Phoenix,493,3/24/2010,00:00-24:00,760.6,2271.5,0.0,730.9,4696.1,8800.3,0.0,364.8,6519.1,0.0,0.0,0.0,0.0,0.0,0.0,0.0,0.0,0.0,0.0,0.0,,
phoenix/494,27th Ave / Loop 101 Fwy / Phoenix,494,3/24/2010,00:00-24:00,0.0,15251.7,2781.8,0.0,0.0,0.0,2385.0,6668.2,0.0,4213.0,10322.3,4253.4,0.0,0.0,0.0,0.0,0.0,0.0,0.0,0.0,,
phoenix/495,27th Ave / I-17 Fwy / Phoenix,495,3/24/2010,00:00-24:00,3011.3,14332.1,18.0,3187.3,8736.5,3701.4,0.0,7066.4,3855.2,0.0,0.0,0.0,0.0,0.0,0.0,0.0,0.0,0.0,0.0,0.0,,
phoenix/496,7th St / Loop 101 Fwy / Phoenix,496,3/24/2010,00:00-24:00,0.0,8873.0,5072.6,0.0,0.0,0.0,4689.6,11472.9,0.0,6983.9,7192.7,2122.1,0.0,0.0,0.0,0.0,0.0,0.0,0.0,0.0,,
phoenix/497,7th St / Loop 101 Fwy / Phoenix,497,3/24/2010,00:00-24:00,2144.8,10017.5,0.0,3607.3,3748.9,3928.1,0.0,6963.7,6631.4,0.0,0.0,0.0,0.0,0.0,0.0,0.0,0.0,0.0,0.0,0.0,,
phoenix/498,Deer Valley Rd / I-17 Fwy / Phoenix,498,3/24/2010,00:00-24:00,2255.8,1447.5,3719.1,0.0,12212.5,893.6,0.0,0.0,0.0,1732.7,7931.8,2.8,0.0,0.0,0.0,0.0,0.0,0.0,0.0,0.0,,
phoenix/499,Deer Valley Rd / I-17 Fwy / Phoenix,499,3/24/2010,00:00-24:00,0.0,0.0,0.0,3351.7,11657.0,0.0,4323.8,1461.8,1449.2,0.0,9574.2,2076.8,0.0,0.0,0.0,0.0,0.0,0.0,0.0,0.0,,
phoenix/5,Broadway Rd / 48th St / Tempe,5,4/21/2009,00:00-24:00,1925.6,12723.4,4501.6,1445.0,7474.4,3732.2,4088.7,12938.1,2861.9,1719.9,11957.0,3688.9,99.2,51.6,112.7,166.6,0.0,0.0,0.0,0.0,,
phoenix/500,Greenway Rd / I-17 Fwy / Phoenix,500,3/24/2010,00:00-24:00,2514.8,3574.4,3261.9,0.0,16429.7,5422.1,0.0,0.0,0.0,4789.7,10314.9,0.0,0.0,0.0,0.0,0.0,0.0,0.0,0.0,0.0,,
phoenix/501,Greenway Rd / I-17 Fwy / Phoenix,501,3/24/2010,00:00-24:00,0.0,0.0,0.0,2432.4,14351.4,0.0,4950.1,1794.5,7500.4,0.0,10199.3,3377.5,0.0,0.0,0.0,0.0,0.0,0.0,0.0,0.0,,
phoenix/502,Northern Ave / Loop 101 / Peoria,502,4/13/2010,00:00-24:00,2057.4,9.5,2998.1,0.0,10058.1,3126.9,0.0,0.0,0.0,4107.3,10516.3,0.0,0.0,0.0,0.0,0.0,0.0,0.0,0.0,0.0,,
phoenix/503,Northern Ave / Loop 101 Fwy / Peoria,503,4/13/2010,00:00-24:00,0.0,0.0,0.0,2704.1,9750.6,0.0,3571.1,0.0,3434.4,0.0,10732.9,2781.5,0.0,0.0,0.0,0.0,0.0,0.0,0.0,0.0,,
phoenix/504,Thunderbird Rd / I-17 Fwy / Phoenix,504,4/16/2010,00:00-24:00,5332.5,4540.7,5127.4,0.0,17950.3,6202.3,0.0,0.0,0.0,8378.0,14836.0,0.0,0.0,0.0,0.0,0.0,0.0,0.0,0.0,0.0,,
phoenix/505,Thunderbird Rd / I-17 Fwy / Phoenix,505,4/16/2010,00:00-24:00,0.0,0.0,0.0,4267.7,16111.7,0.0,4987.0,1758.1,8040.9,0.0,10177.7,4658.4,0.0,0.0,0.0,0.0,0.0,0.0,0.0,0.0,,
phoenix/506,19th Ave / I-10 Fwy / Phoenix,506,4/22/2010,00:00-24:00,0.0,9668.9,6236.8,0.0,0.0,0.0,3376.2,6959.4,0.0,0.0,0.0,0.0,0.0,0.0,0.0,0.0,0.0,0.0,0.0,0.0,,
phoenix/507,19th Ave / I-10 Fwy / Phoenix,507,4/22/2010,00:00-24:00,0.0,9668.9,6236.8,0.0,0.0,0.0,3376.2,6959.4,0.0,0.0,0.0,0.0,0.0,0.0,0.0,0.0,0.0,0.0,0.0,0.0,,
phoenix/508,107th Ave / I-10 / Avondale,508,3/25/2010,00:00-24:00,0.0,5459.0,998.0,0.0,0.0,0.0,1984.9,5542.2,0.0,1355.7,58.1,1596.0,0.0,0.0,0.0,0.0,0.0,0.0,0.0,0.0,,
phoenix/509,107th Ave / I-10 / Avondale,509,3/25/2010,00:00-24:00,1355.9,5312.2,3.4,998.8,31.9,1144.8,0.0,6074.8,1063.4,0.0,0.0,0.0,0.0,0.0,0.0,0.0,0.0,0.0,0.0,0.0,,
phoenix/510,99th Ave / I-10 / Avondale,510,3/25/2010,00:00-24:00,0.0,11738.5,2439.6,0.0,0.0,0.0,3722.1,9505.1,0.0,1681.4,2296.9,1902.8,0.0,0.0,0.0,0.0,0.0,0.0,0.0,0.0,,
phoenix/511,99th Ave / I-10 / Avondale,511,3/25/2010,00:00-24:00,1574.8,10184.9,0.0,3296.9,2975.6,3993.1,0.0,9711.8,1696.0,0.0,0.0,0.0,0.0,0.0,0.0,0.0,0.0,0.0,0.0,0.0,,
phoenix/512,91st Ave / I-10 Fwy / Tolleson,512,4/25/2010,00:00-24:00,0.0,8896.4,3282.5,0.0,0.0,0.0,2470.7,7508.4,0.0,824.5,98.7,1180.3,0.0,0.0,0.0,0.0,0.0,0.0,0.0,0.0,,
phoenix/513,91st Ave / I-10 Fwy / Tolleson,513,4/25/2010,00:00-24:00,865.3,9563.0,0.0,3064.4,75.6,2615.8,0.0,7923.9,764.8,0.0,0.0,0.0,0.0,0.0,0.0,0.0,0.0,0.0,0.0,0.0,,
phoenix/514,67th Ave / I-10 Fwy / Phoenix,514,3/25/2010,00:00-24:00,0.0,9775.4,5580.6,0.0,0.0,0.0,3112.7,10754.5,0.0,2786.3,133.8,2234.9,0.0,0.0,0.0,0.0,0.0,0.0,0.0,0.0,,
phoenix/515,67th Ave / I-10 Fwy / Phoenix,515,3/25/2010,00:00-24:00,2467.7,12509.1,0.0,4629.2,0.0,2846.8,0.0,9488.9,3500.5,0.0,0.0,0.0,0.0,0.0,0.0,0.0,0.0,0.0,0.0,0.0,,
phoenix/516,59th Ave / I-10 Fwy / Phoenix,516,3/25/2010,00:00-24:00,0.0,7869.5,5755.0,0.0,0.0,0.0,3376.5,9944.0,0.0,3244.4,100.4,1922.9,0.0,0.0,0.0,0.0,0.0,0.0,0.0,0.0,,
phoenix/517,59th Ave / I-10 Fwy / Phoenix,517,3/25/2010,00:00-24:00,2062.6,11344.7,0.0,3201.4,11.1,2279.9,0.0,7924.4,3942.6,0.0,0.0,0.0,0.0,0.0,0.0,0.0,0.0,0.0,0.0,0.0,,
phoenix/518,51st Ave / I-10 Fwy / Phoenix,518,3/25/2010,00:00-24:00,0.0,11541.6,6337.1,0.0,0.0,0.0,7392.1,15300.3,0.0,4562.2,30.8,2784.3,0.0,0.0,0.0,0.0,0.0,0.0,0.0,0.0,,
phoenix/519,51st Ave / I-10 Fwy / Phoenix,519,3/25/2010,00:00-24:00,3778.6,12399.9,0.0,4379.0,13.5,5478.8,0.0,13598.3,4486.3,0.0,0.0,0.0,0.0,0.0,0.0,0.0,0.0,0.0,0.0,0.0,,
phoenix/520,27th Ave / I-10 Fwy / Phoenix,520,3/25/2010,00:00-24:00,0.0,6315.6,0.0,0.0,0.0,0.0,0.0,8785.6,0.0,1690.0,0.0,2409.0,0.0,0.0,0.0,0.0,0.0,0.0,0.0,0.0,,
phoenix/521,27th Ave / I-10 Fwy / Phoenix,521,3/25/2010,00:00-24:00,2755.4,6315.6,0.0,0.0,0.0,0.0,0.0,9025.6,2168.9,0.0,0.0,0.0,0.0,0.0,0.0,0.0,0.0,0.0,0.0,0.0,,
phoenix/522,75th Ave / Loop 101 / Glendale,522,6/22/2010,00:00-24:00,0.0,0.0,11348.4,0.0,0.0,0.0,4234.4,3884.1,0.0,479.7,337.7,2619.3,0.0,0.0,0.0,0.0,0.0,0.0,0.0,0.0,,
phoenix/524,59th Ave / Loop 101 Fwy / Phoenix,524,6/22/2010,00:00-24:00,0.0,13133.1,3829.2,0.0,0.0,0.0,5439.6,9721.9,0.0,4387.8,3337.1,4674.9,0.0,0.0,0.0,0.0,0.0,0.0,0.0,0.0,,
phoenix/525,59th Ave / Loop 101 Fwy / Phoenix,525,6/22/2010,00:00-24:00,4202.1,9849.8,0.0,2782.6,3013.9,7112.5,0.0,9692.3,4704.6,0.0,0.0,0.0,0.0,0.0,0.0,0.0,0.0,0.0,0.0,0.0,,
phoenix/526,35th Ave / Loop 101 Fwy / Phoenix,526,6/22/2010,00:00-24:00,0.0,7308.0,2140.3,0.0,0.0,0.0,1968.3,8078.2,0.0,2863.2,6566.8,4452.4,0.0,0.0,0.0,0.0,0.0,0.0,0.0,0.0,,
phoenix/527,35th Ave / Loop 101 Fwy / Phoenix,527,6/22/2010,00:00-24:00,2607.6,7701.6,0.0,1707.2,4712.2,1746.7,0.0,8526.4,4004.2,0.0,0.0,0.0,0.0,0.0,0.0,0.0,0.0,0.0,0.0,0.0,,
phoenix/528,Indian School Rd / I-17 Fwy / Phoenix,528,6/16/2010,00:00-24:00,4730.3,1741.2,7859.3,0.0,19521.4,4338.2,0.0,0.0,0.0,4542.3,18022.5,0.0,0.0,0.0,0.0,0.0,0.0,0.0,0.0,0.0,,
phoenix/529,Indian School Rd / I-17 Fwy / Phoenix,529,6/16/2010,00:00-24:00,0.0,0.0,0.0,5898.5,15357.3,0.0,3088.9,4844.6,8502.3,0.0,17230.7,8651.1,0.0,0.0,0.0,0.0,0.0,0.0,0.0,0.0,,
phoenix/530,Thomas Rd / I-17 Fwy / Phoenix,530,6/16/2010,00:00-24:00,3975.6,1587.3,6431.7,0.0,13468.0,3943.6,0.0,0.0,0.0,4764.7,13331.7,0.0,0.0,0.0,0.0,0.0,0.0,0.0,0.0,0.0,,
phoenix/531,Thomas Rd / I-17 Fwy / Phoenix,531,6/16/2010,00:00-24:00,0.0,0.0,0.0,4012.1,11683.1,0.0,3313.5,2212.9,5728.5,0.0,15083.2,4680.2,0.0,0.0,0.0,0.0,0.0,0.0,0.0,0.0,,
phoenix/532,McDowell Rd / I-17 Fwy / Phoenix,532,6/15/2010,00:00-24:00,2968.5,2731.4,2061.5,0.0,8596.2,1039.9,0.0,0.0,0.0,2205.3,7431.2,0.0,0.0,0.0,0.0,0.0,0.0,0.0,0.0,0.0,,
phoenix/533,McDowell Rd / I-17 Fwy / Phoenix,533,6/15/2010,00:00-24:00,0.0,0.0,0.0,1248.3,7154.1,0.0,593.6,2631.8,2482.0,0.0,6244.0,3248.6,0.0,0.0,0.0,0.0,0.0,0.0,0.0,0.0,,
phoenix/534,Buckeye Rd / I-17 Fwy / Phoenix,534,6/15/2010,00:00-24:00,2413.9,463.8,1032.5,0.0,9661.8,386.2,0.0,0.0,0.0,1944.8,10143.9,0.0,0.0,0.0,0.0,0.0,0.0,0.0,0.0,0.0,,
phoenix/535,Buckeye Rd / I-17 Fwy / Phoenix,535,6/15/2010,00:00-24:00,0.0,0.0,0.0,900.5,6215.8,0.0,201.1,3442.1,3832.2,0.0,7169.3,4007.1,0.0,0.0,0.0,0.0,0.0,0.0,0.0,0.0,,
phoenix/536,19th Ave / I-17 Fwy / Phoenix,536,6/15/2010,00:00-24:00,0.0,11355.4,1546.8,0.0,0.0,0.0,4732.5,8297.9,0.0,3862.8,5883.4,1966.2,0.0,0.0,0.0,0.0,0.0,0.0,0.0,0.0,,
phoenix/537,19th Ave / I-17 Fwy / Phoenix,537,6/15/2010,00:00-24:00,182.7,6148.3,0.0,2254.1,636.9,6753.8,0.0,7221.3,3042.8,0.0,0.0,0.0,0.0,0.0,0.0,0.0,0.0,0.0,0.0,0.0,,
phoenix/538,7th St / I-17 Fwy / Phoenix,538,7/1/2010,00:00-24:00,0.0,8716.7,4233.5,0.0,0.0,0.0,3435.1,8557.9,0.0,3060.5,2288.9,1772.2,0.0,0.0,0.0,0.0,0.0,0.0,0.0,0.0,,
phoenix/539,7th St / I-17 Fwy / Phoenix,539,7/1/2010,00:00-24:00,2115.2,9166.6,0.0,8149.1,1864.6,3783.6,0.0,6666.3,3663.9,0.0,0.0,0.0,0.0,0.0,0.0,0.0,0.0,0.0,0.0,0.0,,
phoenix/540,Bell Rd / I-17 Fwy / Phoenix,540,6/17/2010,00:00-24:00,3992.4,2254.0,4178.0,0.0,15147.8,5761.7,0.0,0.0,0.0,6706.3,13441.0,0.0,0.0,0.0,0.0,0.0,0.0,0.0,0.0,0.0,,
phoenix/541,Bell Rd / I-17 Fwy / Phoenix,541,6/17/2010,00:00-24:00,0.0,0.0,0.0,3424.1,13023.2,0.0,5251.2,1754.9,7886.3,0.0,12670.1,4948.9,0.0,0.0,0.0,0.0,0.0,0.0,0.0,0.0,,
phoenix/542,Peoria Ave / I-17 Fwy / Phoenix,542,6/17/2010,00:00-24:00,5742.9,2213.8,6972.1,0.0,15068.9,4764.9,0.0,0.0,0.0,7189.4,13060.6,0.0,0.0,0.0,0.0,0.0,0.0,0.0,0.0,0.0,,
phoenix/543,Peoria Ave / I-17 Fwy / Phoenix,543,6/17/2010,00:00-24:00,0.0,0.0,0.0,4670.6,11002.6,0.0,6519.3,3369.9,8831.2,0.0,12582.8,7449.9,0.0,0.0,0.0,0.0,0.0,0.0,0.0,0.0,,
phoenix/544,Warner Rd / I-10 Fwy / Tempe,544,6/30/2010,00:00-24:00,3546.0,11.7,7393.9,0.0,7300.0,3308.3,0.0,0.0,0.0,2119.0,9909.4,0.0,0.0,0.0,0.0,0.0,0.0,0.0,0.0,0.0,,
phoenix/545,Warner Rd / I-10 Fwy / Tempe,545,6/30/2010,00:00-24:00,0.0,0.0,0.0,7527.6,8742.7,0.0,3992.5,28.8,1865.6,0.0,12429.9,4873.4,0.0,0.0,0.0,0.0,0.0,0.0,0.0,0.0,,
phoenix/546,Chandler Blvd / I-10 Fwy / Chandler,546,6/30/2010,00:00-24:00,8195.5,12.1,5860.2,0.0,10623.6,1734.6,0.0,0.0,0.0,1953.5,16900.6,0.0,0.0,0.0,0.0,0.0,0.0,0.0,0.0,0.0,,
phoenix/547,Chandler Blvd / I-10 Fwy / Chandler,547,6/30/2010,00:00-24:00,0.0,0.0,0.0,5564.9,10408.1,0.0,1988.9,6.2,1950.1,0.0,14578.4,8182.4,0.0,0.0,0.0,0.0,0.0,0.0,0.0,0.0,,
phoenix/548,7th Ave / Loop 101 Fwy / Phoenix,548,6/22/2010,00:00-24:00,0.0,3842.8,3335.1,0.0,0.0,0.0,1799.6,5158.8,0.0,3121.3,4095.5,3312.6,0.0,0.0,0.0,0.0,0.0,0.0,0.0,0.0,,
phoenix/549,7th Ave / Loop 101 Fwy / Phoenix,549,6/22/2010,00:00-24:00,2612.6,5326.7,0.0,1927.5,2117.6,1851.2,0.0,4983.2,3488.1,0.0,0.0,0.0,0.0,0.0,0.0,0.0,0.0,0.0,0.0,0.0,,
phoenix/550,University Dr / Loop 101 / Tempe,550,6/24/2010,00:00-24:00,1287.5,5861.9,1019.3,0.0,13049.0,3594.4,0.0,0.0,0.0,5024.8,6640.9,0.0,0.0,0.0,0.0,0.0,0.0,0.0,0.0,0.0,,
phoenix/551,University Dr / Loop 101 / Tempe,551,6/24/2010,00:00-24:00,0.0,0.0,0.0,996.6,9196.9,0.0,3396.3,4821.6,7446.5,0.0,6129.1,1531.1,0.0,0.0,0.0,0.0,0.0,0.0,0.0,0.0,,
phoenix/552,Elliot Rd / Loop 101 / Tempe,552,6/24/2010,00:00-24:00,6559.6,3702.5,5628.4,0.0,10646.7,3136.6,0.0,0.0,0.0,3303.7,12983.5,0.0,0.0,0.0,0.0,0.0,0.0,0.0,0.0,0.0,,
phoenix/553,Elliot Rd / Loop 101 / Tempe,553,6/24/2010,00:00-24:00,0.0,0.0,0.0,6951.2,10403.8,0.0,2768.7,4002.8,3379.4,0.0,12349.2,6262.6,0.0,0.0,0.0,0.0,0.0,0.0,0.0,0.0,,
phoenix/554,Southern Ave / Loop 101 / Tempe,554,6/24/2010,00:00-24:00,0.0,0.0,0.0,3660.3,7733.9,0.0,2784.1,6200.8,2623.3,0.0,9438.4,2525.8,0.0,0.0,0.0,0.0,0.0,0.0,0.0,0.0,,
phoenix/555,Arizona Ave / Loop 202 / Chandler,555,6/30/2010,00:00-24:00,0.0,7548.3,2120.2,0.0,0.0,0.0,3556.3,14398.8,0.0,3500.1,25.4,3386.8,0.0,0.0,0.0,0.0,0.0,0.0,0.0,0.0,,
phoenix/556,Arizona Ave / Loop 202 / Chandler,556,6/30/2010,00:00-24:00,3134.0,6463.8,0.0,1602.6,44.5,3204.7,0.0,11631.3,6154.3,0.0,0.0,0.0,0.0,0.0,0.0,0.0,0.0,0.0,0.0,0.0,,
phoenix/557,Country Club Dr / US 60 Fwy / Mesa,557,6/29/2010,00:00-24:00,0.0,15731.6,5997.9,0.0,0.0,0.0,5509.6,15970.3,0.0,8380.4,20.2,5187.4,0.0,0.0,0.0,0.0,0.0,0.0,0.0,0.0,,
phoenix/558,Country Club Dr / US 60 Fwy / Mesa,558,6/29/2010,00:00-24:00,4117.6,15599.9,0.0,6624.9,17.6,6129.6,0.0,14195.7,6962.1,0.0,0.0,0.0,0.0,0.0,0.0,0.0,0.0,0.0,0.0,0.0,,
phoenix/559,Stapley Dr / US 60 Fwy / Mesa,559,6/29/2010,00:00-24:00,0.0,11002.9,3490.0,0.0,0.0,0.0,4824.6,14560.7,0.0,8408.4,24.3,4395.3,0.0,0.0,0.0,0.0,0.0,0.0,0.0,0.0,,
phoenix/560,Stapley Dr / US 60 Fwy / Mesa,560,6/29/2010,00:00-24:00,4833.9,9905.8,0.0,3605.6,17.4,4587.1,0.0,10677.3,8278.7,0.0,0.0,0.0,0.0,0.0,0.0,0.0,0.0,0.0,0.0,0.0,,
phoenix/561,Mill Ave / US 60 Fwy / Tempe,561,6/24/2010,00:00-24:00,0.0,8673.6,6223.4,0.0,0.0,0.0,3508.9,7577.4,0.0,1448.8,34.8,2572.1,0.0,0.0,0.0,0.0,0.0,0.0,0.0,0.0,,
phoenix/562,Mill Ave / US 60 Fwy / Tempe,562,6/24/2010,00:00-24:00,3004.2,11903.3,0.0,5097.7,143.4,2993.7,0.0,8007.5,2142.0,0.0,0.0,0.0,0.0,0.0,0.0,0.0,0.0,0.0,0.0,0.0,,
phoenix/563,Baseline Rd / Loop 101 / Tempe,563,4/6/2010,00:00-24:00,2833.9,7183.1,2575.1,0.0,14002.8,3125.4,0.0,0.0,0.0,3739.8,11223.1,0.0,0.0,0.0,0.0,0.0,0.0,0.0,0.0,0.0,,
phoenix/564,Baseline Rd / Loop 101 / Tempe,564,4/6/2010,00:00-24:00,0.0,0.0,0.0,3386.8,13164.6,0.0,2839.8,7587.2,3963.6,0.0,10935.4,2862.8,0.0,0.0,0.0,0.0,0.0,0.0,0.0,0.0,,
phoenix/565,Ray Rd / Loop 101 / Chandler,565,4/6/2010,00:00-24:00,8152.0,3126.8,9530.8,0.0,17792.4,3767.9,0.0,0.0,0.0,3769.3,18538.1,0.0,0.0,0.0,0.0,0.0,0.0,0.0,0.0,0.0,,
phoenix/566,Ray Rd / loop 101 / Chandler,566,4/6/2010,00:00-24:00,0.0,0.0,0.0,8801.7,14731.3,0.0,3528.2,5700.7,6829.0,0.0,19251.7,8817.1,0.0,0.0,0.0,0.0,0.0,0.0,0.0,0.0,,
phoenix/567,Dobson Rd / US 60 Fwy / Mesa,567,4/6/2010,00:00-24:00,0.0,13152.7,6632.1,0.0,0.0,0.0,3970.6,16034.7,0.0,2041.1,0.0,4853.2,0.0,0.0,0.0,0.0,0.0,0.0,0.0,0.0,,
phoenix/568,Dobson Rd / US 60 Fwy / Mesa,568,4/6/2010,00:00-24:00,5888.6,16118.4,0.0,8623.3,0.0,3666.3,0.0,17232.3,3655.6,0.0,0.0,0.0,0.0,0.0,0.0,0.0,0.0,0.0,0.0,0.0,,
phoenix/569,Mesa Dr / US 60 Fwy / Mesa,569,4/6/2010,00:00-24:00,0.0,9354.2,5673.8,0.0,0.0,0.0,7241.7,16999.8,0.0,9796.7,0.0,5513.2,0.0,0.0,0.0,0.0,0.0,0.0,0.0,0.0,,
phoenix/570,Mesa Dr / US 60 Fwy / Mesa,570,4/6/2010,00:00-24:00,3984.9,11484.2,0.0,3559.3,0.0,3543.8,0.0,13570.9,8942.2,0.0,0.0,0.0,0.0,0.0,0.0,0.0,0.0,0.0,0.0,0.0,,
phoenix/571,Ray Rd / I-10 Fwy / Chandler,571,4/14/2010,00:00-24:00,8308.6,33.5,6085.8,0.0,13636.4,3018.4,0.0,0.0,0.0,5054.7,16467.1,0.0,0.0,0.0,0.0,0.0,0.0,0.0,0.0,0.0,,
phoenix/572,Ray Rd / I-10 Fwy / Chandler,572,4/14/2010,00:00-24:00,0.0,0.0,0.0,6627.9,10037.8,0.0,7469.6,537.5,6617.0,0.0,12551.0,10001.9,0.0,0.0,0.0,0.0,0.0,0.0,0.0,0.0,,
phoenix/573,Rural Rd / US 60 Fwy / Tempe,573,4/14/2010,00:00-24:00,0.0,17388.4,4632.2,0.0,0.0,0.0,5719.5,20671.8,0.0,2908.7,15.8,2606.9,0.0,0.0,0.0,0.0,0.0,0.0,0.0,0.0,,
phoenix/574,Rural Rd / US 60 Fwy / Tempe,574,4/14/2010,00:00-24:00,2791.9,17490.3,0.0,5872.5,0.0,4530.4,0.0,18508.9,4769.8,0.0,0.0,0.0,0.0,0.0,0.0,0.0,0.0,0.0,0.0,0.0,,
phoenix/575,McClintock Dr / US 60 Fwy / Tempe,575,4/14/2010,00:00-24:00,0.0,16212.5,6630.4,0.0,0.0,0.0,5542.5,21815.6,0.0,3933.7,0.0,3168.1,0.0,0.0,0.0,0.0,0.0,0.0,0.0,0.0,,
phoenix/576,McClintock Dr / US 60 Fwy / Tempe,576,4/14/2010,00:00-24:00,2994.5,18963.7,0.0,3802.1,0.0,3879.2,0.0,20757.8,4225.8,0.0,0.0,0.0,0.0,0.0,0.0,0.0,0.0,0.0,0.0,0.0,,
phoenix/577,Scottsdale Rd / Loop 101 / Scottsdale,577,4/7/2010,00:00-24:00,0.0,15451.4,7586.4,0.0,0.0,0.0,4174.6,14933.7,0.0,8898.5,70.9,7803.2,0.0,0.0,0.0,0.0,0.0,0.0,0.0,0.0,,
phoenix/578,Scottsdale Rd / Loop 101 / Scottsdale,578,4/7/2010,00:00-24:00,12221.4,18092.9,0.0,6749.3,94.4,4944.8,0.0,14696.0,8041.0,0.0,0.0,0.0,0.0,0.0,0.0,0.0,0.0,0.0,0.0,0.0,,
phoenix/579,Cactus Rd / I-17 Fwy / Phoenix,579,4/13/2010,00:00-24:00,4643.5,4987.9,4662.8,0.0,14524.6,2923.3,0.0,0.0,0.0,7041.8,11146.7,0.0,0.0,0.0,0.0,0.0,0.0,0.0,0.0,0.0,,
phoenix/580,Cactus Rd / I-17 Fwy / Phoenix,580,4/13/2010,00:00-24:00,0.0,0.0,0.0,3544.7,8399.4,0.0,2267.1,2738.7,9048.5,0.0,8555.9,7253.6,0.0,0.0,0.0,0.0,0.0,0.0,0.0,0.0,,
phoenix/581,McDowell Rd / Loop 101 Fwy / Phoenix,581,3/25/2010,00:00-24:00,7734.9,10.3,4266.9,0.0,6258.2,0.0,0.0,0.0,0.0,0.0,14317.7,0.0,0.0,0.0,0.0,0.0,0.0,0.0,0.0,0.0,,
phoenix/582,McDowell Rd / Loop 101 Fwy / Phoenix,582,3/25/2010,00:00-24:00,0.0,0.0,0.0,3113.0,6258.2,0.0,0.0,0.0,0.0,0.0,10943.0,7641.6,0.0,0.0,0.0,0.0,0.0,0.0,0.0,0.0,,
phoenix/583,Thomas Rd / Loop 101 Fwy / Phoenix,583,3/25/2010,00:00-24:00,2367.0,23.1,6375.3,0.0,8517.4,1598.5,0.0,0.0,0.0,1042.3,8684.2,0.0,0.0,0.0,0.0,0.0,0.0,0.0,0.0,0.0,,
phoenix/584,Thomas Rd / Loop 101 Fwy / Phoenix,584,3/25/2010,00:00-24:00,0.0,0.0,0.0,7104.0,8291.6,0.0,2906.8,64.7,1824.2,0.0,11921.7,3137.8,0.0,0.0,0.0,0.0,0.0,0.0,0.0,0.0,,
phoenix/6,Broadway Rd / 48th St / Tempe,6,4/22/2009,00:00-24:00,1820.7,8588.8,3851.5,2693.0,13153.4,1255.1,1565.2,9337.9,3755.3,3067.3,12952.2,2034.8,300.8,282.6,227.4,174.1,0.0,0.0,0.0,0.0,,
phoenix/7,Broadway Rd / Priest Dr / Tempe,7,4/16/2009,00:00-24:00,2603.9,12292.4,2072.2,2091.5,11556.9,1997.1,1548.0,11499.1,3263.0,2243.6,10974.6,2433.2,339.0,385.4,388.7,289.5,0.0,0.0,0.0,0.0,,
phoenix/71,Alma School Rd / Chandler Heights Rd / Chandler,71,10/21/2008,00:00-24:00,75.1,8626.1,2883.6,3393.8,451.7,1510.3,1232.0,8205.7,747.7,672.4,285.2,211.0,0.0,0.0,0.0,0.0,0.0,0.0,0.0,0.0,,
phoenix/72,Alma School Rd / Ocotillo Rd / Chandler,72,10/23/2008,00:00-24:00,1481.9,9362.3,1720.3,1394.0,2710.4,1181.7,809.9,9152.6,3370.3,2733.8,2529.5,1368.3,0.0,0.0,0.0,0.0,0.0,0.0,0.0,0.0,,
phoenix/73,Alma School Rd / Queen Creek Rd / Chandler,73,11/18/2008,00:00-24:00,1718.9,12280.3,2495.7,1311.0,3357.3,1981.1,839.7,13953.8,3183.3,1361.6,3468.1,2191.0,0.0,0.0,0.0,0.0,0.0,0.0,0.0,0.0,,
phoenix/74,Chandler Blvd / Dobson Rd / Chandler,74,10/23/2008,00:00-24:00,3134.0,7776.7,3652.6,2208.1,12119.9,2626.4,1909.7,10604.0,4232.3,2838.6,12673.2,3225.8,0.0,0.0,0.0,0.0,0.0,0.0,0.0,0.0,,
phoenix/75,Chandler Heights Rd / Arizona Ave / Chandler,75,10/28/2008,00:00-24:00,1788.2,7866.3,2074.1,2260.7,3285.4,412.2,220.5,9886.8,1375.4,1021.4,2801.6,2004.1,0.0,0.0,0.0,0.0,0.0,0.0,0.0,0.0,,
phoenix/76,Chandler Heights Rd / Lindsay Rd / Chandler,76,11/5/2008,00:00-24:00,376.3,2000.2,610.3,575.8,4089.1,225.0,256.1,2308.4,731.0,716.7,3151.1,328.6,0.0,0.0,0.0,0.0,0.0,0.0,0.0,0.0,,
phoenix/77,Dobson Rd / Ocotillo Rd / Chandler,77,11/13/2008,00:00-24:00,424.0,2785.6,4200.0,4462.6,1440.9,624.9,643.8,3331.9,92.7,100.7,1176.5,617.3,0.0,0.0,0.0,0.0,0.0,0.0,0.0,0.0,,
phoenix/78,Chandler Heights Rd / Cooper Rd / Chandler,78,10/29/2008,00:00-24:00,285.8,2503.6,818.6,707.5,3652.4,390.9,328.1,1829.7,559.8,520.1,2458.6,347.4,0.0,0.0,0.0,0.0,0.0,0.0,0.0,0.0,,
phoenix/79,Dobson Rd / Queen Creek Rd / Chandler,79,11/5/2008,00:00-24:00,1311.5,3735.4,1544.0,1297.4,4378.4,869.4,919.9,4407.3,596.7,324.0,4646.6,1454.4,0.0,0.0,0.0,0.0,0.0,0.0,0.0,0.0,,
phoenix/8,Price Rd / Broadway Rd / Tempe,8,4/16/2009,00:00-24:00,0.0,0.0,0.0,5931.0,10074.7,0.0,4018.4,8787.8,6465.4,0.0,13585.8,5464.0,80.5,139.4,66.1,29.1,0.0,0.0,0.0,0.0,,
phoenix/80,Germann Rd / Arizona Ave / Chandler,80,10/14/2008,00:00-24:00,943.4,11900.6,1372.3,1595.4,1977.6,1612.1,953.2,13851.4,779.4,920.9,1827.1,1132.0,0.0,0.0,0.0,0.0,0.0,0.0,0.0,0.0,,
phoenix/81,McQueen Rd / Germann Rd / Chandler,81,10/14/2008,00:00-24:00,1100.0,35.2,2192.6,1779.1,2965.6,38.6,23.1,8.0,76.5,65.2,2579.9,808.0,0.0,0.0,0.0,0.0,0.0,0.0,0.0,0.0,,
phoenix/82,McQueen Rd / Germann Rd / Chandler,82,10/21/2008,00:00-24:00,1053.0,9222.6,972.6,986.8,2280.4,761.0,430.7,11737.5,840.1,476.3,1835.7,660.8,0.0,0.0,0.0,0.0,0.0,0.0,0.0,0.0,,
phoenix/83,Ocotillo Rd / Arizona Ave / Chandler,83,10/21/2008,00:00-24:00,1395.1,10153.5,1822.1,1389.5,2760.1,448.3,302.8,11753.3,1387.9,947.2,2533.1,1325.4,0.0,0.0,0.0,0.0,0.0,0.0,0.0,0.0,,
phoenix/84,Ocotillo Rd / Cooper Rd / Chandler,84,10/22/2008,00:00-24:00,384.5,1541.9,191.9,311.4,1826.9,250.8,239.2,3056.0,830.6,906.0,1829.3,341.1,0.0,0.0,0.0,0.0,0.0,0.0,0.0,0.0,,
phoenix/85,Ocotillo Rd / McQueen Rd / Chandler,85,10/23/2008,00:00-24:00,286.1,2474.3,121.7,181.4,727.3,62.1,70.5,2895.8,207.9,254.3,802.2,340.4,0.0,0.0,0.0,0.0,0.0,0.0,0.0,0.0,,
phoenix/86,Pecos Rd / Cooper Rd / Chandler,86,10/23/2006,00:00-24:00,1007.8,5327.2,1381.2,1277.0,4020.9,1281.5,1500.8,4829.5,714.8,568.3,3690.1,838.0,0.0,0.0,0.0,0.0,0.0,0.0,0.0,0.0,,
phoenix/87,Ocotillo Rd / McQueen Rd / Chandler,87,10/23/2006,00:00-24:00,893.6,4222.8,1157.5,2080.4,2164.6,374.6,264.4,5664.9,850.3,815.2,2529.0,815.6,0.0,0.0,0.0,0.0,0.0,0.0,0.0,0.0,,
phoenix/88,Price Rd / Queen Creek Rd / Chandler,88,10/23/2008,00:00-24:00,1967.1,5750.8,2367.2,1972.4,2500.4,844.0,517.1,5285.8,1821.5,1525.2,3229.5,2968.2,0.0,0.0,0.0,0.0,0.0,0.0,0.0,0.0,,
phoenix/89,Queen Creek Rd / Arizona Ave / Chandler,89,11/19/2008,00:00-24:00,1530.9,13034.0,456.0,258.2,1479.9,989.9,389.0,15104.9,1597.3,2111.9,1257.0,1441.2,0.0,0.0,0.0,0.0,0.0,0.0,0.0,0.0,,
phoenix/9,48th St / Southern Ave / Tempe,9,3/25/2009,00:00-24:00,1446.3,9709.2,3360.8,3808.6,9796.8,1869.6,1930.3,12380.7,1593.1,1941.5,10724.6,2382.8,206.5,170.2,145.3,115.9,0.0,0.0,0.0,0.0,,
phoenix/90,Queen Creek Rd / Cooper Rd / Chandler,90,11/18/2008,00:00-24:00,37.8,7.2,18.9,18.3,2409.9,963.7,1936.1,39.1,7168.1,5651.5,2160.0,11.3,0.0,0.0,0.0,0.0,0.0,0.0,0.0,0.0,,
phoenix/91,ray rd / Dobson Rd / Chandler,91,10/23/2008,00:00-24:00,2382.9,8550.0,2614.6,1991.9,15759.1,2668.1,1856.0,11392.4,4520.8,3182.8,13832.7,2612.9,0.0,0.0,0.0,0.0,0.0,0.0,0.0,0.0,,
phoenix/92,Ray Rd / McQueen Rd / Chandler,92,10/21/2008,00:00-24:00,851.2,7465.6,1887.8,2005.8,8019.0,1513.1,616.3,8969.7,1792.5,1123.9,6282.7,1707.5,0.0,0.0,0.0,0.0,0.0,0.0,0.0,0.0,,
phoenix/93,Riggs Rd / Cooper Rd / Chandler,93,10/15/2008,00:00-24:00,637.6,694.0,778.6,714.3,8024.4,80.5,215.2,1168.1,1551.6,969.4,6034.9,560.1,0.0,0.0,0.0,0.0,0.0,0.0,0.0,0.0,,
phoenix/94,Riggs Rd / Val Vista Dr / Gilbert,94,10/15/2008,00:00-24:00,1146.2,767.9,1433.0,1424.2,5556.1,906.5,878.2,839.3,266.6,78.2,4238.4,1406.1,0.0,0.0,0.0,0.0,0.0,0.0,0.0,0.0,,
phoenix/95,Warner Rd / McQueen Rd / Chandler,95,10/14/2008,00:00-24:00,1214.6,7295.4,1689.3,1616.1,9043.6,1343.8,1178.4,8953.3,2597.8,2115.9,6591.6,1284.7,0.0,0.0,0.0,0.0,0.0,0.0,0.0,0.0,,
phoenix/96,Chandler Heights Rd / Gilbert Rd / Chandler,96,9/16/2008,00:00-24:00,1023.1,6581.5,1613.7,1334.9,4333.4,455.5,422.9,6568.7,965.5,570.5,2919.5,992.5,0.0,0.0,0.0,0.0,0.0,0.0,0.0,0.0,,
phoenix/97,Chandler Heights Rd / McQueen Rd / Chandler,97,9/16/2008,00:00-24:00,736.5,3689.4,867.8,1568.3,4420.2,652.9,622.3,4407.9,846.7,1243.8,3349.5,452.7,0.0,0.0,0.0,0.0,0.0,0.0,0.0,0.0,,
phoenix/98,Ocotillo Rd / Gilbert Rd / Chandler,98,9/16/2008,00:00-24:00,991.5,8380.0,715.1,1144.2,1783.5,216.5,291.2,8181.6,490.1,694.6,1806.7,1014.5,0.0,0.0,0.0,0.0,0.0,0.0,0.0,0.0,,
