rtc/100/0100T-200511AM.txt,NE Chkalov Dr & SE Mill Plain Blvd,x,11/8/2005,00:00-24:00,7920.1,2038.6,1579.3,389.7,15869.8,1278.1,708.2,1985.3,5709.8,3456.8,16386.3,4572.4,0.0,0.0,66.7,36.2,41.5,9.0,18.5,12.5,45.6209984,-122.5548172
rtc/100/0100T-200511PM.txt,NE Chkalov Dr & SE Mill Plain Blvd,x,11/8/2005,00:00-24:00,4250.1,2235.4,2286.3,618.9,16411.1,1566.8,2118.7,3082.9,4660.9,7556.8,20149.1,7803.2,58.8,78.2,66.0,19.5,19.1,13.5,13.4,6.1,45.6209984,-122.5548172
rtc/100/0100T-200712PM.txt,Chklalov Dr -- SE Mill Plain Blvd / Vancouver  WA,x,12/5/2007,00:00-24:00,4446.7,2079.7,1746.5,666.4,15752.9,1608.6,1620.1,3573.4,4469.6,5825.5,17821.1,6365.5,13.0,143.0,104.0,39.0,0.0,0.0,0.0,0.0,45.6209984,-122.5548172
rtc/100/0100T-200811PM.txt,Chkalov Dr -- SE Mill Plain Blvd / Vancouver  WA,x,11/20/2008,00:00-24:00,4251.3,1803.9,1631.6,838.8,15810.4,1597.1,1803.9,3297.7,4573.1,5894.4,18418.6,7273.2,26.0,52.0,13.0,13.0,0.0,0.0,0.0,0.0,45.6209984,-122.5548172
rtc/101/0101T-200712PM.txt,136th Ave -- SE Mill Plain Blvd / Vancouver  WA,x,12/5/2007,00:00-24:00,2464.2,3570.1,3137.4,3125.4,10650.3,2969.1,1815.1,3149.4,1959.4,1791.1,16251.9,4615.9,0.0,0.0,51.1,38.3,0.0,0.0,0.0,0.0,45.6186180,-122.5326691
rtc/101/0101T-200811PM.txt,136th Ave -- SE Mill Plain Blvd / Vancouver  WA,x,11/20/2008,00:00-24:00,2752.7,3534.1,3570.1,3461.9,10361.8,2776.8,1743.0,3474.0,1851.2,1911.3,16540.4,4255.3,25.5,51.1,12.8,12.8,0.0,0.0,0.0,0.0,45.6186180,-122.5326691
rtc/102/0102T-200712PM.txt,Olympia Dr -- SE Mill Plain Blvd / Vancouver  WA,x,12/5/2007,00:00-24:00,0.0,0.0,0.0,0.0,16920.6,662.3,774.8,0.0,824.8,687.3,20894.6,0.0,0.0,13.0,51.9,0.0,0.0,0.0,0.0,0.0,45.6179695,-122.5265274
rtc/102/0102T-200811PM.txt,Olympia Dr -- SE Mill Plain Blvd / Vancouver  WA,x,11/20/2008,00:00-24:00,0.0,0.0,0.0,0.0,15963.4,973.7,781.3,0.0,937.6,721.2,20964.0,48.1,0.0,38.3,51.1,0.0,0.0,0.0,0.0,0.0,45.6179695,-122.5265274
rtc/103/0103T-200712PM.txt,SE Hearthwood Blvd/Parkcrest Ave -- SE Mill Plain Blvd / Vancouver  WA,x,12/5/2007,00:00-24:00,4123.1,889.5,1526.6,1214.1,10962.8,1743.0,1105.9,997.7,1622.8,1550.7,15326.3,4075.0,25.5,76.6,51.1,63.8,0.0,0.0,0.0,0.0,45.6175423,-122.5225525
rtc/106/0106T-200712PM.txt,SE 164th Ave -- Mill Plain Blvd / Vancouver   WA,x,12/4/2007,00:00-24:00,2199.8,8029.8,1947.3,1574.7,5601.6,2368.1,1743.0,12152.9,5745.9,4195.2,6046.4,3221.5,63.8,0.0,0.0,0.0,0.0,0.0,0.0,0.0,45.6154747,-122.5042877
rtc/106/0106T-200812PM.txt,SE 164th Ave -- SE Mill Plain Blvd / Vancouver  WA,x,12/2/2008,00:00-24:00,1875.2,8005.8,2139.7,1550.7,5180.9,2656.6,1815.1,12297.1,5649.7,4255.3,6599.3,2957.1,51.1,12.8,38.3,63.8,0.0,0.0,0.0,0.0,45.6154747,-122.5042877
rtc/120/0120T-201105PM.txt,Union -- SR-14 / Camas   OR,x,5/26/2011,00:00-24:00,999.6,91.9,976.7,838.8,8640.6,68.9,46.0,46.0,57.5,206.8,11880.8,942.2,0.0,0.0,0.0,0.0,0.0,0.0,0.0,0.0,45.5801620,-122.3856888
rtc/121/0121T-201006PM.txt,2nd St -- SR 14 / Washougal  WA,x,6/4/2010,00:00-24:00,793.4,132.2,589.0,841.4,9953.1,192.3,204.4,216.4,240.4,216.4,13054.4,1550.7,0.0,0.0,0.0,12.8,0.0,0.0,0.0,0.0,45.5805130,-122.3782501
rtc/158/0158T-200712PM.txt,SE 164th Ave -- SE McGillivary Blvd / Vancouver   WA,x,12/4/2007,00:00-24:00,394.2,11929.3,1936.1,1715.8,1959.2,2504.1,2724.4,13366.9,2307.0,1147.7,1994.0,962.2,0.0,51.0,0.0,0.0,0.0,0.0,0.0,0.0,45.6043510,-122.5038605
rtc/158/0158T-200812PM.txt,SE 164th Ave -- SE McGillivary Blvd / Vancouver  WA,x,12/2/2008,00:00-24:00,589.0,11672.0,1863.2,2211.8,1923.3,2007.4,3137.4,13330.9,1947.3,1190.0,2115.6,901.5,63.8,25.5,63.8,0.0,0.0,0.0,0.0,0.0,45.6043510,-122.5038605
rtc/161/0161T-201105PM.txt,Sierra St -- Lake Rd / Camas  OR,x,5/19/2011,00:00-24:00,0.0,0.0,0.0,0.0,2562.3,850.3,1126.0,0.0,804.3,1206.5,3975.6,0.0,0.0,0.0,13.0,0.0,104.0,0.0,52.0,0.0,45.6133575,-122.4289474
rtc/17/0017T-200603PM.txt,Hwy 99 & NE 134th St,x,Wednesday  March 01  2006,00:00-24:00,1781.2,1419.3,869.9,3133.6,13253.3,0.0,491.5,0.0,0.0,3982.2,12531.9,2360.0,45.7,0.0,13.2,12.8,0.0,0.0,0.0,0.0,45.7182541,-122.6526642
rtc/180/0180T-200712PM.txt,NE Stapleton Rd -- NE Fourth Plain Blvd / Vancouver  WA,x,12/6/2007,00:00-24:00,787.3,2324.4,2062.0,1662.1,7060.7,512.4,737.3,3024.2,1087.2,949.8,8097.9,1112.2,233.4,13.0,64.8,38.9,0.0,0.0,0.0,0.0,45.6412392,-122.6166000
rtc/180/0180T-200812PM.txt,NE Stapleton Rd -- NE Fourth Plain Blvd / Vancouver  WA,x,12/3/2008,00:00-24:00,724.8,2249.4,1999.5,1737.0,6998.2,537.4,624.8,2874.3,1087.2,987.2,8535.3,1387.1,181.5,103.7,25.9,0.0,0.0,0.0,0.0,0.0,45.6412392,-122.6166000
rtc/181/0181T-200712PM.txt,NE Andresen Rd -- NE Fourth Plain Blvd / Vancouver  WA,x,12/6/2007,00:00-24:00,4098.9,7023.2,4673.8,5711.0,4561.3,1887.0,999.7,9322.6,2249.4,2574.3,6873.2,5398.6,0.0,38.9,0.0,0.0,0.0,0.0,0.0,0.0,45.6447868,-122.6007004
rtc/181/0181T-200812PM.txt,NE Andresen Rd -- NE Fourth Plain Blvd / Vancouver  WA,x,12/3/2008,00:00-24:00,4436.3,8422.8,4136.4,4861.2,4298.9,1687.1,1012.2,10584.8,3049.2,2999.2,5936.0,6010.9,38.9,233.4,207.4,142.6,0.0,0.0,0.0,0.0,45.6447868,-122.6007004
rtc/182/0182T-200712PM.txt,NE BurtonRd/NE Auto Mall Dr -- NE Fourth Plain Blvd / Vancouver  WA,x,12/6/2007,00:00-24:00,2024.5,1062.2,887.3,749.8,7435.6,1074.7,1687.1,812.3,1274.7,1099.7,9810.0,3049.2,155.6,142.6,90.8,38.9,0.0,0.0,0.0,0.0,45.6451721,-122.5981750
rtc/182/0182T-200812PM.txt,NE BurtonRd/NE Auto Mall Dr -- NE Fourth Plain Blvd / Vancouver  WA,x,12/3/2008,00:00-24:00,1937.0,862.3,699.8,612.3,6548.3,1224.7,1699.6,874.8,1262.2,1224.7,7773.0,2574.3,77.8,90.8,90.8,220.4,0.0,0.0,0.0,0.0,45.6451721,-122.5981750
rtc/183/0183T-200712PM.txt,NE 86th St -- NE Fourth Plain Blvd / Vancouver  WA,x,12/6/2007,00:00-24:00,0.0,0.0,0.0,0.0,4637.3,2851.9,4602.5,0.0,1426.0,2063.6,7118.2,0.0,0.0,12.8,25.5,12.8,0.0,0.0,0.0,0.0,45.6498260,-122.5859985
rtc/183/0183T-200812PM.txt,NE 86th St -- NE Fourth Plain Blvd / Vancouver  WA,x,12/3/2008,00:00-24:00,0.0,0.0,0.0,0.0,4898.7,3099.2,4723.8,0.0,1249.7,1512.1,7023.2,12.5,0.0,13.0,51.9,0.0,0.0,0.0,0.0,0.0,45.6498260,-122.5859985
rtc/184/0184T-200712PM.txt,NE Thurston Way/NE Royal Oaks Dr -- NE Fourth Plain Blvd / Vancouver  WA,x,12/6/2007,00:00-24:00,2665.7,103.4,1172.0,815.8,5101.6,80.4,183.8,46.0,46.0,0.0,8272.9,2941.5,26.0,0.0,0.0,13.0,0.0,0.0,0.0,0.0,45.6509323,-122.5836334
rtc/184/0184T-200812PM.txt,NE Thurston Way/NE Royal Oaks Dr -- NE Fourth Plain Blvd / Vancouver  WA,x,12/3/2008,00:00-24:00,2424.4,112.5,1024.7,874.8,5373.6,37.5,549.9,237.4,150.0,0.0,9447.5,2724.3,25.9,13.0,0.0,51.9,0.0,0.0,0.0,0.0,45.6509323,-122.5836334
rtc/185/0185T-200712PM.txt,NE Vancouver Mall Dr -- NE Fourth Plain Blvd / Vancouver  WA,x,12/6/2007,00:00-24:00,2712.8,0.0,6793.6,4451.8,5135.8,0.0,405.8,1843.3,718.8,0.0,7813.8,1124.5,12.8,0.0,0.0,0.0,0.0,0.0,0.0,0.0,45.6575279,-122.5754547
rtc/185/0185T-200812PM.txt,NE Vancouver Mall Dr -- NE Fourth Plain Blvd / Vancouver  WA,x,12/3/2008,00:00-24:00,2620.5,0.0,6443.1,3930.8,5204.9,0.0,757.3,1610.8,841.4,0.0,8282.2,1262.2,25.5,25.5,12.8,0.0,0.0,0.0,0.0,0.0,45.6575279,-122.5754547
rtc/186/0186T-200603PM.txt,NE 102nd Ave & NE 4th Plain Blvd,x,Tuesday  March 07  2006,00:00-24:00,1361.6,97.0,766.6,1338.3,7418.6,229.9,215.7,141.0,380.1,272.6,9466.5,2295.6,13.3,65.1,0.0,0.0,0.0,0.0,0.0,0.0,45.6618385,-122.5684814
rtc/186/0186T-200712PM.txt,NE 102nd Ave -- NE Fourth Plain Blvd / Vancouver   WA,x,12/4/2007,00:00-24:00,1682.9,108.2,757.3,1274.2,8859.2,108.2,252.4,228.4,360.6,312.5,10626.3,2392.1,140.4,0.0,89.4,0.0,0.0,0.0,0.0,0.0,45.6618385,-122.5684814
rtc/206/0206T-200812PM.txt,NE Andresen Rd -- SR 500 Ramps / Vancouver  WA,x,12/3/2008,00:00-24:00,2761.8,8460.3,3861.5,3336.6,0.0,4973.7,6873.2,10509.8,4086.4,3549.1,0.0,2936.7,0.0,77.8,0.0,51.9,0.0,0.0,0.0,0.0,45.6486015,-122.6015015
rtc/209/0209T-200511AM.txt,NE 112th Ave & SR 500,x,11/9/2005,00:00-24:00,4562.1,4455.7,229.2,263.6,41.6,2142.8,1237.0,5085.9,11649.6,6439.5,71.7,3149.7,0.0,25.0,86.6,80.5,58.2,0.0,61.0,0.0,45.6616592,-122.5589752
rtc/209/0209T-200511PM.txt,NE 112th Ave & SR 500,x,11/9/2005,00:00-24:00,4036.9,6562.7,296.2,253.1,41.8,2692.0,1738.4,6632.3,8581.9,6707.4,49.5,6139.0,0.0,0.0,64.4,25.4,19.2,0.0,31.4,0.0,45.6616592,-122.5589752
rtc/209/0209T-200603PM.txt,NE 112th Ave & SR-500,x,Tuesday  March 07  2006,00:00-24:00,3997.4,6062.0,433.9,192.8,5.6,2908.2,1949.8,8091.0,9007.9,7030.4,36.0,6936.8,45.3,0.0,12.4,38.7,25.7,0.0,25.6,0.0,45.6616592,-122.5589752
rtc/211/0211T-200603PM.txt,NE 121st Ave & NE 4th Plain Rd,x,Thursday  March 09  2006,00:00-24:00,1021.2,1796.9,2064.7,1555.8,10310.0,699.1,674.5,1626.1,2124.7,3580.9,18358.9,1464.3,0.0,6.2,19.9,6.5,12.7,12.7,6.5,13.3,45.6682320,-122.5488281
rtc/211/0211T-200712PM.txt,NE 121st Ave -- NE Fourth Plain Blvd / Vancouver   WA,x,12/4/2007,00:00-24:00,1610.8,1755.0,2211.8,2163.7,12573.6,721.2,1045.8,1923.3,2295.9,2740.7,18716.1,1959.4,0.0,0.0,0.0,0.0,0.0,0.0,0.0,0.0,45.6682320,-122.5488281
rtc/211/0211T-200811PM.txt,NE 121st Ave -- NE Fourth Plain Blvd / Vancouver  WA,x,11/19/2008,00:00-24:00,1147.7,1657.8,1901.3,1541.9,11199.0,452.1,776.7,1576.7,2005.6,3188.1,19012.7,1205.7,12.8,25.5,0.0,0.0,0.0,0.0,0.0,0.0,45.6682320,-122.5488281
rtc/212/0212T-200603PM.txt,NE 124th Ave & NE 4th Plain Rd,x,Tuesday  March 07  2006,00:00-24:00,845.9,0.0,0.0,246.8,12573.7,0.0,0.0,0.0,0.0,0.0,22427.8,0.0,25.3,0.0,0.0,0.0,0.0,19.1,0.0,12.8,45.6690598,-122.5455933
rtc/214/0214T-200712PM.txt,NE 137th Ave -- NE Fourth Plain Blvd / Vancouver   WA,x,12/4/2007,00:00-24:00,1490.6,3125.4,1274.2,853.5,8450.5,769.3,841.4,2824.9,1706.9,1743.0,14100.2,2091.6,0.0,0.0,12.8,0.0,0.0,0.0,0.0,0.0,45.6724815,-122.5316315
rtc/214/0214T-200811PM.txt,NE 137th Ave -- NE Fourth Plain Blvd / Vancouver  WA,x,11/19/2008,00:00-24:00,1402.8,2828.7,869.5,614.4,8161.6,753.6,1263.7,3025.8,1449.1,1623.0,14190.0,1588.3,216.8,12.8,12.8,0.0,0.0,0.0,0.0,0.0,45.6724815,-122.5316315
rtc/216/0216T-200603PM.txt,NE Ward Rd & NE 4th Plain Rd,x,Tuesday  March 07  2006,00:00-24:00,1768.9,75.0,1710.3,674.9,6020.3,122.3,58.3,81.5,121.7,95.7,8654.1,4925.4,12.3,13.2,0.0,25.8,6.1,6.1,19.6,0.0,45.6722946,-122.5212708
rtc/216/0216T-200712PM.txt,NE 147th Ave/NE Ward Rd -- NE Fourth Plain Blvd / Vancouver  WA,x,12/4/2007,00:00-24:00,1466.5,72.1,1346.3,1093.9,6911.9,72.1,48.1,48.1,108.2,60.1,10313.7,4784.2,0.0,0.0,0.0,0.0,0.0,0.0,0.0,0.0,45.6722946,-122.5212708
rtc/217/0217T-200603PM.txt,NE 162nd Ave & NE 4th Plain Rd,x,Tuesday  March 07  2006,00:00-24:00,383.7,5150.7,890.3,884.0,2154.2,1398.6,868.3,7393.0,3788.4,3714.8,3881.4,1821.4,0.0,0.0,6.2,19.8,13.3,0.0,0.0,12.3,45.6721725,-122.5059280
rtc/217/0217T-200712PM.txt,NE 162nd Ave -- NE Fourth Plain Blvd / Vancouver   WA,x,12/4/2007,00:00-24:00,468.8,6407.0,1057.8,1274.2,2668.6,1334.3,1358.3,8618.8,3858.6,5060.7,4315.4,2211.8,0.0,25.5,0.0,63.8,0.0,0.0,0.0,0.0,45.6721725,-122.5059280
rtc/217/0217T-200811PM.txt,NE 162nd Ave -- NE Fourth Plain Blvd / Vancouver  WA,x,11/19/2008,00:00-24:00,776.7,5321.2,834.7,1055.0,2330.2,1205.7,1437.5,7825.4,3188.1,3709.8,3883.7,2666.4,0.0,25.5,25.5,51.0,0.0,0.0,0.0,0.0,45.6721725,-122.5059280
rtc/220/0220T-201105PM.txt,Dallas St -- 3rd Ave / Camas   OR,x,5/26/2011,00:00-24:00,356.2,953.7,712.4,896.2,2022.3,333.2,413.6,1505.2,769.8,953.7,4159.4,218.3,13.0,130.0,169.0,182.0,0.0,0.0,0.0,0.0,45.5856781,-122.4026489
rtc/226/0226T-200712PM.txt,NE Andresen Rd -- NE 18th St / Vancouver  WA,x,12/11/2007,00:00-24:00,1851.2,6262.8,252.4,108.2,456.8,504.9,793.4,8630.8,1238.1,1983.4,1502.6,2380.1,0.0,0.0,0.0,0.0,0.0,0.0,0.0,0.0,45.6366997,-122.6001129
rtc/226/0226T-200812PM.txt,NE Andresen Rd -- NE 18th St / Vancouver  WA,x,12/3/2008,00:00-24:00,1406.4,6262.8,420.7,168.3,1634.8,997.7,2139.7,7897.6,1286.2,1887.2,2488.3,1694.9,25.5,25.5,63.8,38.3,0.0,0.0,0.0,0.0,45.6366997,-122.6001129
rtc/227/0227T-200511AM.txt,NE 112th Ave & NE 18th St,x,11/9/2005,00:00-24:00,639.5,6784.6,2368.8,2364.2,1406.7,3504.8,1094.1,3814.1,75.4,306.2,704.3,672.6,18.1,0.0,0.0,24.6,20.6,0.0,43.0,0.0,45.6355209,-122.5579300
rtc/227/0227T-200511PM.txt,NE 112th Ave & NE 18th St,x,11/9/2005,00:00-24:00,858.2,5720.3,2737.1,2347.5,1087.3,1933.4,2503.5,7780.0,235.2,219.9,1229.8,874.9,6.6,59.0,0.0,6.6,6.2,25.6,6.7,0.0,45.6355209,-122.5579300
rtc/227/0227T-200712PM.txt,NE 112th Ave -- NE 18th St / Vancouver  WA,x,12/11/2007,00:00-24:00,892.7,5877.7,3431.6,2411.4,718.8,1495.5,2840.3,8045.6,162.3,162.3,1194.1,950.6,0.0,12.8,0.0,38.3,0.0,0.0,0.0,0.0,45.6355209,-122.5579300
rtc/227/0227T-200812PM.txt,NE 112th Ave -- NE 18th St / Vancouver  WA,x,12/4/2008,00:00-24:00,765.1,5622.7,3431.6,2504.1,939.0,1796.9,2933.1,7547.1,127.5,150.7,1228.9,742.0,0.0,0.0,0.0,12.8,0.0,0.0,0.0,0.0,45.6355209,-122.5579300
rtc/228/0228T-200712PM.txt,NE 138th Ave -- NE 18th St / Vancouver  WA,x,12/11/2007,00:00-24:00,428.9,4219.9,1715.8,1553.5,3107.0,2063.6,3304.0,6306.7,1495.5,1182.5,4127.2,672.4,0.0,12.8,12.8,0.0,0.0,0.0,0.0,0.0,45.6356621,-122.5306702
rtc/228/0228T-200812PM.txt,NE 138th Ave -- NE 18th St / Vancouver  WA,x,12/4/2008,00:00-24:00,660.8,5054.6,1936.1,1773.7,3663.4,1866.5,3825.7,7199.3,1831.7,985.4,4405.4,857.9,38.3,25.5,38.3,38.3,0.0,0.0,0.0,0.0,45.6356621,-122.5306702
rtc/229/0229T-200712PM.txt,NE 162nd Ave -- NE 18th St / Vancouver  WA,x,12/11/2007,00:00-24:00,769.3,9039.5,1995.4,2548.4,2548.4,1190.0,1226.1,12681.8,1971.4,1694.9,2680.6,2151.7,140.4,38.3,0.0,63.8,0.0,0.0,0.0,0.0,45.6357040,-122.5061111
rtc/229/0229T-200812PM.txt,NE 162nd Ave -- NE 18th St / Vancouver  WA,x,12/4/2008,00:00-24:00,829.4,9219.8,1935.3,2668.6,3077.3,1045.8,1202.1,12128.8,2079.6,1959.4,2788.8,1923.3,89.4,76.6,63.8,0.0,0.0,0.0,0.0,0.0,45.6357040,-122.5061111
rtc/233/0233T-200611AM.txt,NE 98th Ave & NE Burton Rd,x,Thursday  May 04  2006,00:00-24:00,505.8,507.7,308.4,154.3,5908.8,890.0,958.1,123.7,710.4,534.0,3249.8,174.7,25.7,37.5,19.7,32.2,0.0,21.4,9.8,0.0,45.6401749,-122.5719376
rtc/233/0233T-200611PM.txt,NE 98th Ave & NE Burton Rd,x,Thursday  May 04  2006,00:00-24:00,371.0,184.3,204.9,299.5,5088.4,937.6,1237.0,462.4,1081.0,831.2,6430.0,378.8,26.2,72.4,26.4,52.4,12.2,12.7,6.7,6.1,45.6401749,-122.5719376
rtc/234/0234T-200511AM.txt,NE 109th Ave & NE Burton Rd,x,11/9/2005,00:00-24:00,983.3,0.0,729.7,333.3,5642.5,0.0,0.0,0.0,0.0,41.2,4123.5,625.5,31.3,12.5,66.3,32.4,41.1,70.9,0.0,68.0,45.6424217,-122.5614014
rtc/234/0234T-200511PM.txt,NE 109th Ave & NE Burton Rd,x,11/9/2005,00:00-24:00,1103.3,0.0,690.8,743.1,5236.9,0.0,0.0,0.0,0.0,48.6,6272.6,1050.1,52.6,0.0,31.8,45.0,25.5,6.7,12.9,6.8,45.6424217,-122.5614014
rtc/235/0235T-200511AM.txt,NE 112th Ave & NE Burton Rd,x,11/9/2005,00:00-24:00,657.1,4781.4,2160.9,2841.4,3995.0,3221.0,889.8,4469.9,1528.8,1755.7,2314.2,950.4,10.7,10.7,67.1,33.5,39.3,53.5,34.2,18.1,45.6427650,-122.5579605
rtc/235/0235T-200511PM.txt,NE 112th Ave & NE Burton Rd,x,11/9/2005,00:00-24:00,832.3,5727.7,3302.8,2257.1,2733.5,2017.2,2200.8,5017.9,2484.1,1640.2,4096.3,1144.8,19.1,26.0,46.0,6.6,12.8,6.6,12.4,19.5,45.6427650,-122.5579605
rtc/235/0235T-200712PM.txt,NE 112th Ave -- NE 28th St / Vancouver  WA,x,12/11/2007,00:00-24:00,962.2,6237.1,4138.7,2898.3,3280.9,2086.8,3072.2,5263.3,3083.8,2399.8,5043.0,1263.7,0.0,0.0,38.3,51.0,0.0,0.0,0.0,0.0,45.6427650,-122.5579605
rtc/235/0235T-200812PM.txt,NE 112th Ave -- NE 28th St / Vancouver  WA,x,12/4/2008,00:00-24:00,1043.4,5877.7,3617.1,2712.8,3547.5,1912.9,2654.8,5390.8,2840.3,2701.2,5263.3,1356.4,12.8,25.5,51.0,76.5,0.0,0.0,0.0,0.0,45.6427650,-122.5579605
rtc/240/0240T-200712PM.txt,NE 138th Ave -- NE 28th St / Vancouver  WA,x,12/11/2007,00:00-24:00,737.3,3786.5,799.8,799.8,3599.1,1287.2,2299.4,4436.3,2674.3,2511.8,4661.3,1362.1,129.6,13.0,0.0,51.9,0.0,0.0,0.0,0.0,45.6429443,-122.5306931
rtc/240/0240T-200812PM.txt,NE 138th Ave -- NE 28th St / Vancouver  WA,x,12/4/2008,00:00-24:00,718.8,4637.3,1066.6,753.6,2898.3,1495.5,2469.3,5216.9,1982.4,2330.2,3837.3,1588.3,63.8,0.0,51.0,63.8,0.0,0.0,0.0,0.0,45.6429443,-122.5306931
rtc/241/0241T-200712PM.txt,NE 162nd Ave -- NE 28th St / Vancouver  WA,x,12/11/2007,00:00-24:00,695.6,9552.7,162.3,115.9,208.7,289.8,498.5,13934.9,2133.1,2515.7,579.7,1356.4,51.0,63.8,12.8,38.3,0.0,0.0,0.0,0.0,45.6429176,-122.5060654
rtc/241/0241T-200812PM.txt,NE 162nd Ave -- NE 28th St / Vancouver  WA,x,12/4/2008,00:00-24:00,486.9,9854.2,197.1,220.3,266.6,266.6,637.6,13007.5,2225.9,2469.3,602.8,1101.3,0.0,51.0,0.0,12.8,0.0,0.0,0.0,0.0,45.6429176,-122.5060654
rtc/248/0248T-200712PM.txt,NE Andresen Rd -- NE 63rd St / Vancouver  WA,x,12/6/2007,00:00-24:00,753.6,7210.9,289.8,405.8,1147.7,985.4,614.4,8521.0,4289.5,2620.0,2423.0,1623.0,0.0,12.8,0.0,0.0,0.0,0.0,0.0,0.0,45.6679497,-122.6021805
rtc/248/0248T-200812PM.txt,NE Andresen Rd -- NE 63rd St / Vancouver  WA,x,12/3/2008,00:00-24:00,601.0,6839.7,324.6,408.7,1574.7,853.5,817.4,8210.1,3882.7,2476.3,3089.3,1418.4,12.8,51.1,0.0,12.8,0.0,0.0,0.0,0.0,45.6679497,-122.6021805
rtc/264/0264T-200712PM.txt,NE Andresen Rd -- NE 78th St / Vancouver  WA,x,12/6/2007,00:00-24:00,950.6,4811.2,1947.6,1773.7,2156.3,765.1,1055.0,7095.0,2237.5,2353.4,3234.5,568.1,12.8,0.0,25.5,0.0,0.0,0.0,0.0,0.0,45.6788177,-122.6022415
rtc/264/0264T-200812PM.txt,NE Andresen Rd -- NE 78th St / Vancouver  WA,x,12/3/2008,00:00-24:00,769.3,7392.7,1815.1,1815.1,3209.5,577.0,985.7,5096.8,2259.9,1478.5,2139.7,637.1,12.8,12.8,0.0,0.0,0.0,0.0,0.0,0.0,45.6788177,-122.6022415
rtc/265/0265T-200603PM.txt,NE 72nd Ave & NE 78th St,x,Wednesday  March 08  2006,00:00-24:00,0.0,0.0,0.0,0.0,2302.5,589.1,645.6,0.0,1261.4,1558.8,3956.0,0.0,0.0,0.0,6.2,0.0,0.0,6.5,0.0,0.0,45.6788330,-122.5993958
rtc/268/0268T-200603PM.txt,NE 107th Ave & NE 76th St,x,Wednesday  March 08  2006,00:00-24:00,692.9,1288.1,541.7,824.3,2859.3,789.9,1428.0,2333.3,170.2,242.0,2902.2,1018.8,13.4,0.0,32.3,0.0,0.0,6.8,0.0,6.6,45.6777763,-122.5632782
rtc/271/0271T-200603PM.txt,NE 124th Ave & NE 76th St,x,Wednesday  March 08  2006,00:00-24:00,109.2,29.7,48.7,90.1,4143.1,351.2,255.1,23.1,376.8,576.2,6443.8,211.6,6.2,13.2,13.5,6.7,0.0,6.8,0.0,6.6,45.6775932,-122.5453186
rtc/273/0273T-200605PM.txt,NE 137th Ave & NE 76th St,x,Wednesday  May 03  2006,00:00-24:00,1150.2,4778.4,385.5,318.7,1682.6,307.6,475.2,5170.8,1294.4,1528.4,3941.5,1742.0,12.2,13.3,26.3,0.0,0.0,13.2,0.0,20.3,45.6775169,-122.5315628
rtc/274/0274T-200603PM.txt,NE 142nd Ave & NE 76th St,x,Wednesday  March 08  2006,00:00-24:00,321.0,0.0,47.6,80.1,2015.7,0.0,0.0,0.0,0.0,0.0,3473.9,389.5,13.3,0.0,0.0,0.0,0.0,0.0,0.0,0.0,45.6775055,-122.5266647
rtc/275/0275T-200603PM.txt,NE Ward Rd & NE 76th St,x,Wednesday  March 08  2006,00:00-24:00,331.8,2335.6,29.8,34.6,321.5,353.9,744.9,4112.5,670.9,1007.8,472.3,904.1,6.1,6.8,6.8,6.7,0.0,0.0,0.0,0.0,45.6773148,-122.5184326
rtc/276/0276T-201107AM.txt,NW Lakeshore -- NW 99th St / Vancouver  WA,x,7/14/2011,00:00-24:00,28.6,5412.9,1360.4,673.0,28.6,801.9,329.4,1045.3,28.6,28.6,14.3,0.0,20.9,0.0,20.9,0.0,0.0,41.7,0.0,0.0,45.6931343,-122.7021408
rtc/276/0276T-201107PM.txt,NW Lakeshore -- NW 99th St / Vancouver  WA,x,7/14/2011,00:00-24:00,23.0,2206.1,1275.4,1781.0,23.0,333.2,746.9,4596.0,46.0,68.9,34.5,23.0,0.0,13.0,0.0,13.0,0.0,26.0,0.0,26.0,45.6931343,-122.7021408
rtc/278/0278T-200603AM.txt,NW 11th Ave & NW 99th St,x,Wednesday  March 08  2006,00:00-24:00,159.6,0.0,1167.9,464.1,4800.6,0.0,0.0,0.0,0.0,0.0,9575.5,56.7,108.7,25.0,0.0,0.0,21.4,9.8,0.0,17.0,45.6928635,-122.6823883
rtc/278/0278T-200603PM.txt,NW 11th Ave & NW 99th St,x,Wednesday  March 08  2006,00:00-24:00,49.6,0.0,749.9,1210.3,8459.4,0.0,0.0,0.0,0.0,0.0,5521.4,84.2,32.7,6.2,0.0,6.7,0.0,12.6,0.0,13.3,45.6928635,-122.6823883
rtc/291/0291T-201301AM.txt,NE 94th Ave -- NE 99th St / Five Corners  WA,x,Wed  Jan 23 2013,00:00-24:00,0.0,2878.3,0.0,0.0,0.0,0.0,0.0,1217.2,157.5,773.3,0.0,14.3,0.0,0.0,0.0,0.0,0.0,0.0,0.0,0.0,45.6934586,-122.5757599
rtc/291/0291T-201301PM.txt,NE 94th Ave -- NE 99th St / Five Corners  WA,x,Wed  Jan 23 2013,00:00-24:00,0.0,1750.6,0.0,0.0,0.0,0.0,0.0,2759.2,742.0,382.6,0.0,11.6,0.0,0.0,0.0,0.0,0.0,0.0,0.0,0.0,45.6934586,-122.5757599
rtc/293/0293T-200706AM.txt,NE 117th Ave & NE 99th St,x,Thursday  June 07  2007,00:00-24:00,465.6,16519.2,1871.8,1469.1,928.8,2025.4,1300.8,7402.0,704.4,1190.0,975.3,764.9,0.0,19.1,0.0,0.0,0.0,0.0,0.0,0.0,45.6934242,-122.5527802
rtc/293/0293T-200706PM.txt,NE 117th Ave & NE 99th St,x,Thursday  June 07  2007,00:00-24:00,168.9,9353.1,1279.5,1615.9,856.7,1667.3,1596.2,14393.6,1556.1,783.9,785.7,977.7,0.0,0.0,40.0,0.0,0.0,0.0,0.0,0.0,45.6934242,-122.5527802
rtc/293/0293T-200805AM.txt,NE 117th Ave & NE 99th St,x,Thursday  May 08  2008,00:00-24:00,1743.5,21651.3,1774.5,1274.2,691.9,2224.2,1190.6,8590.1,762.1,1379.1,1088.1,1140.0,13.9,0.0,0.0,0.0,0.0,0.0,0.0,0.0,45.6934242,-122.5527802
rtc/293/0293T-200805PM.txt,NE 117th Ave & NE 99th St,x,Thursday  May 08  2008,00:00-24:00,431.5,11499.4,1391.7,1535.7,942.3,1435.3,1814.6,15722.5,2041.6,1091.1,751.6,1022.2,10.4,0.0,16.0,10.0,0.0,10.4,5.4,0.0,45.6934242,-122.5527802
rtc/294/0294T-200805AM.txt,NE 130th Ave & NE 99th St,x,Thursday  May 08  2008,00:00-24:00,247.5,152.7,37.6,114.5,3089.9,611.4,223.4,85.7,848.9,1023.2,1313.2,84.0,29.4,0.0,101.4,74.7,12.5,0.0,0.0,0.0,45.6935768,-122.5398026
rtc/294/0294T-200805PM.txt,NE 130th Ave & NE 99th St,x,Thursday  May 08  2008,00:00-24:00,167.3,103.2,84.2,149.5,1943.4,239.9,388.3,223.0,559.8,598.5,2641.1,175.9,10.5,5.2,26.3,22.1,0.0,4.9,5.2,0.0,45.6935768,-122.5398026
rtc/298/0298T-200603PM.txt,NW 36th Ave & NW 119th St,x,Thursday  March 02  2006,00:00-24:00,249.0,3176.8,1352.1,1797.6,74.6,254.2,347.6,4708.3,147.1,158.4,47.9,150.3,19.2,26.7,19.9,51.5,13.2,6.7,25.6,6.7,45.7072144,-122.7081757
rtc/304/0304T-201106AM.txt,NE 50th Ave -- NE 119th St / Barberton  WA,x,6/28/2011,00:00-24:00,413.8,764.0,573.0,334.2,1925.8,222.8,286.5,270.6,573.0,382.0,1989.5,111.4,0.0,0.0,0.0,0.0,0.0,0.0,0.0,0.0,45.7076721,-122.6204834
rtc/304/0304T-201106PM.txt,NE 50th Ave -- NE 119th St / Barberton  WA,x,6/28/2011,00:00-24:00,350.5,607.6,525.8,572.5,2991.2,350.5,280.4,701.1,876.3,595.9,2395.3,444.0,0.0,0.0,0.0,0.0,0.0,13.1,0.0,13.1,45.7076721,-122.6204834
rtc/305/0305T-200706AM.txt,NE 72nd Ave & NE 119th St,x,Thursday  June 07  2007,00:00-24:00,549.7,10280.0,968.0,501.7,1982.1,3647.3,3094.4,3704.8,575.6,1455.8,2469.4,352.3,0.0,13.9,7.9,0.0,0.0,0.0,0.0,0.0,45.7077179,-122.5993805
rtc/305/0305T-200706PM.txt,NE 72nd Ave & NE 119th St,x,Thursday  June 07  2007,00:00-24:00,470.7,5021.3,887.1,845.1,2081.0,2014.4,4460.6,8401.9,1121.0,711.2,2176.1,485.2,6.7,0.0,66.6,0.0,0.0,0.0,0.0,0.0,45.7077179,-122.5993805
rtc/307/0307T-200706AM.txt,NE 117th Ave & NE 119th St,x,Thursday  June 07  2007,00:00-24:00,2262.9,18245.0,388.6,814.8,1663.0,1756.6,461.1,7270.1,1017.6,1901.0,1065.5,1984.4,0.0,0.0,0.0,0.0,0.0,0.0,0.0,0.0,45.7079620,-122.5526962
rtc/307/0307T-200706PM.txt,NE 117th Ave & NE 119th St,x,Tuesday  June 12  2007,00:00-24:00,1483.7,8569.4,439.3,590.3,1179.4,546.1,664.8,15318.6,1408.2,1191.2,1603.7,2933.3,6.8,0.0,0.0,0.0,0.0,0.0,0.0,0.0,45.7079620,-122.5526962
rtc/307/0307T-200811AM.txt,SR-503 & NE 119th St,x,Thursday  November 06  2008,00:00-24:00,1951.9,18709.2,476.2,809.9,1493.0,1654.0,723.6,7311.0,1365.8,2190.0,1186.6,1880.6,19.7,0.0,55.5,0.0,0.0,0.0,0.0,0.0,45.7079620,-122.5526962
rtc/310/0310T-201210PM.txt,NE Delfel Rd -- NE 179th St / Vancouver  WA,x,Tue  Oct 23 2012,00:00-24:00,112.5,0.0,1187.2,1949.5,2486.9,0.0,0.0,0.0,0.0,0.0,6523.3,162.5,0.0,0.0,0.0,0.0,0.0,0.0,0.0,0.0,45.7504539,-122.6641617
rtc/312/0312T-200603PM.txt,I-5 NB Ramp & NE 179th St,x,Thursday  March 02  2006,00:00-24:00,5469.5,0.0,617.0,870.4,3420.7,0.0,2808.9,11606.2,3044.6,0.0,1902.6,582.6,0.0,0.0,0.0,0.0,0.0,0.0,0.0,0.0,45.7508774,-122.6614151
rtc/314/0314T-200603PM.txt,NE 29th Ave & NE 179th St,x,Thursday  March 02  2006,00:00-24:00,501.7,468.9,48.7,78.7,1373.4,237.4,264.8,751.9,402.1,587.6,2122.7,512.9,0.0,0.0,0.0,0.0,0.0,0.0,0.0,0.0,45.7507629,-122.6409760
rtc/32/0032T-201210AM.txt,NE 10th Ave -- NE 139th St / Vancouver  WA,x,Wed  Oct 24 2012,00:00-24:00,1073.6,7193.3,0.0,0.0,0.0,199.4,245.4,2331.3,122.7,414.1,30.7,521.5,0.0,46.0,69.0,46.0,0.0,0.0,0.0,0.0,45.7218323,-122.6616211
rtc/32/0032T-201210PM.txt,NE 10th Ave -- NE 139th St / Vancouver  WA,x,Tue  Oct 23 2012,00:00-24:00,834.7,3640.2,0.0,0.0,11.6,127.5,92.7,4950.3,463.7,799.9,23.2,1217.3,0.0,38.3,63.8,114.8,0.0,12.8,0.0,0.0,45.7218323,-122.6616211
rtc/341/0341T-201210PM.txt,NW 11th St -- NW 179th St / Vancouver  WA,x,Wed  Oct 24 2012,00:00-24:00,11.6,115.9,46.4,208.7,1089.8,417.4,266.6,185.5,92.7,34.8,788.3,58.0,0.0,0.0,0.0,0.0,0.0,0.0,0.0,0.0,45.7506218,-122.6822128
rtc/347/0347T-200712PM.txt,SE 164th Ave -- SE 29th St/Village Lp / Vacouver  WA,x,12/4/2007,00:00-24:00,382.6,14363.9,730.4,649.2,197.1,486.9,486.9,16473.8,556.5,602.8,220.3,927.5,0.0,0.0,25.5,38.3,0.0,0.0,0.0,0.0,45.6002388,-122.5038681
rtc/347/0347T-200812PM.txt,SE 164th Ave -- SE 29th St/Village Lp / Vancouver  WA,x,12/2/2008,00:00-24:00,463.7,13842.2,289.8,359.4,255.0,463.7,475.3,16659.3,765.1,405.8,452.1,962.2,0.0,0.0,12.8,25.5,0.0,0.0,0.0,0.0,45.6002388,-122.5038681
rtc/35/0035T-200603PM.txt,NE 50th Ave & NE Salmon Creek St,x,Wednesday  March 01  2006,00:00-24:00,543.9,0.0,392.0,486.1,800.0,0.0,0.0,0.0,0.0,0.0,1123.0,1309.9,0.0,6.6,0.0,0.0,0.0,0.0,0.0,0.0,45.7293701,-122.6205063
rtc/350/0350T-200712PM.txt,SE 164th Ave -- SE 1st St / Vancouver  WA,x,12/11/2007,00:00-24:00,551.5,7123.9,2033.7,1735.0,1447.8,1367.3,1826.9,13167.7,1689.0,930.7,1195.0,1574.1,0.0,0.0,0.0,0.0,0.0,0.0,0.0,0.0,45.6211815,-122.5042419
rtc/350/0350T-200812PM.txt,SE 164th Ave -- SE 1st St / Vancouver  WA,x,12/4/2008,00:00-24:00,684.0,9019.5,2040.4,1947.6,1599.9,2005.6,1785.3,13030.7,1901.3,1147.7,1147.7,1460.7,12.8,0.0,12.8,38.3,0.0,0.0,0.0,0.0,45.6211815,-122.5042419
rtc/364/0364T-200712PM.txt,NE 65th Ave -- NE Fourth Plain Blvd / Vancouver  WA,x,12/6/2007,00:00-24:00,0.0,0.0,0.0,0.0,9597.5,1012.2,2936.7,0.0,1187.2,537.4,11409.5,0.0,77.8,0.0,64.8,0.0,0.0,0.0,0.0,0.0,45.6440926,-122.6049728
rtc/364/0364T-200812PM.txt,NE 65th St -- NE Fourth Plain Blvd / Vancouver  WA,x,12/3/2008,00:00-24:00,374.9,187.5,1237.2,837.3,8885.2,1412.1,3199.2,150.0,1087.2,749.8,9685.0,187.5,90.8,51.9,25.9,116.7,0.0,0.0,0.0,0.0,45.6440926,-122.6049728
rtc/365/0365T-201107AM.txt,NE 94th Ave -- NE Padden Pkwy / Vancouver  WA,x,7/12/2011,00:00-24:00,3589.0,2162.6,736.2,475.5,14724.0,766.9,506.1,858.9,2116.6,1058.3,6503.1,690.2,0.0,0.0,46.0,0.0,0.0,0.0,0.0,0.0,45.6823082,-122.5759964
rtc/365/0365T-201107PM.txt,NE 94th Ave -- NE Padden Pkwy / Vancouver  WA,x,7/12/2011,00:00-24:00,1562.7,1872.9,1022.6,1321.4,8514.2,884.7,1080.1,2975.9,1620.1,2091.2,11122.4,2723.2,0.0,13.0,156.0,91.0,13.0,13.0,0.0,26.0,45.6823082,-122.5759964
rtc/366/0366T-201210PM.txt,NE 10th Ave -- NE 134th St / Vancouver  WA,x,Tue  Oct 23 2012,00:00-24:00,255.0,0.0,7466.0,5344.4,12822.0,11.6,0.0,0.0,0.0,0.0,8347.1,208.7,38.3,12.8,0.0,63.8,0.0,0.0,0.0,0.0,45.7186737,-122.6605911
rtc/368/0368T-200603PM.txt,NE Salmon Creek Ave & NE 134th St,x,Wednesday  March 01  2006,00:00-24:00,0.0,0.0,0.0,0.0,3924.5,306.5,272.5,0.0,1486.8,2078.2,4561.1,0.0,0.0,0.0,12.7,20.0,0.0,0.0,0.0,0.0,45.7191582,-122.6386337
rtc/37/0037T-200712PM.txt,NE Andersen Rd -- NE 40th St / Vancouver  WA,x,12/6/2007,00:00-24:00,396.7,7404.7,360.6,601.0,913.6,3534.1,3269.6,10205.5,2788.8,2764.7,685.2,577.0,63.8,63.8,12.8,51.1,0.0,0.0,0.0,0.0,45.6507988,-122.6019440
rtc/37/0037T-200812PM.txt,NE Andresen Rd -- NE 40th St / Vancouver  WA,x,12/3/2008,00:00-24:00,649.1,7717.3,360.6,444.8,673.2,4255.3,3558.1,9917.0,2692.6,2656.6,504.9,528.9,25.5,38.3,89.4,38.3,0.0,0.0,0.0,0.0,45.6507988,-122.6019440
rtc/370/0370T-200603PM.txt,NE 20th Ave & NE 134th St,x,Wednesday  March 01  2006,00:00-24:00,4584.1,3291.2,2849.3,1656.2,6194.0,5282.7,3700.0,3225.4,5278.0,1707.3,8358.9,4094.9,33.4,26.3,37.9,6.6,0.0,13.3,6.5,13.2,45.7182159,-122.6513443
rtc/370/0370T-201210PM.txt,NE 20th Ave -- NE 134th St / Vancouver  WA,x,Tue  Oct 23 2012,00:00-24:00,3975.6,2780.6,2229.1,1551.2,9858.5,4722.4,3791.7,2608.3,5296.9,1723.5,8353.3,3573.4,0.0,13.0,0.0,13.0,0.0,0.0,0.0,13.0,45.7182159,-122.6513443
rtc/373/0373T-200603PM.txt,NE Covington Rd & NE 107th Ave,x,Tuesday  March 07  2006,00:00-24:00,65.7,3861.3,237.5,208.7,963.8,1735.5,3957.2,5276.4,610.4,807.7,1449.9,107.9,26.0,19.3,25.8,0.0,0.0,0.0,0.0,0.0,45.6686401,-122.5638351
rtc/374/0374T-200712PM.txt,NE 137th Ave -- NE 49th St / Vancouver  WA,x,12/11/2007,00:00-24:00,220.3,3211.3,1112.9,707.2,718.8,231.9,255.0,3651.8,614.4,881.1,1194.1,173.9,0.0,0.0,0.0,0.0,0.0,0.0,0.0,0.0,45.6573143,-122.5319443
rtc/374/0374T-200812PM.txt,NE 137th Ave -- NE 49th St / Vancouver  WA,x,12/4/2008,00:00-24:00,637.6,4706.8,684.0,753.6,1124.5,220.3,776.7,4915.5,1078.2,2492.5,1854.9,347.8,0.0,0.0,0.0,0.0,0.0,0.0,0.0,0.0,45.6573143,-122.5319443
rtc/377/0377T-200712PM.txt,NE 112th Ave -- NE 39th St / Vancouver  WA,x,12/11/2007,00:00-24:00,1785.3,9622.3,823.1,1310.0,115.9,950.6,533.3,8915.1,231.9,428.9,46.4,1739.0,12.8,12.8,0.0,38.3,0.0,0.0,0.0,0.0,45.6505394,-122.5582352
rtc/377/0377T-200901PM.txt,NE 112th Ave -- NE 39th St / Vancouver  WA,x,1/6/2009,00:00-24:00,1646.2,8949.9,649.2,1159.3,69.6,753.6,324.6,8834.0,208.7,243.5,23.2,1739.0,12.8,0.0,0.0,0.0,0.0,0.0,0.0,0.0,45.6505394,-122.5582352
rtc/378/0378T-200712PM.txt,NE 138th Ave -- NE 39th St / Vancouver  WA,x,12/11/2007,00:00-24:00,262.4,3461.6,562.4,749.8,974.7,587.3,1174.7,4648.8,524.9,862.3,1649.6,299.9,51.9,0.0,0.0,0.0,0.0,0.0,0.0,0.0,45.6501808,-122.5319672
rtc/378/0378T-200812PM.txt,NE 138th Ave -- NE 39th St / Vancouver  WA,x,12/4/2008,00:00-24:00,255.0,5135.8,1449.1,1066.6,1275.2,591.2,1205.7,5808.2,486.9,614.4,1681.0,255.0,0.0,0.0,12.8,12.8,0.0,0.0,0.0,0.0,45.6501808,-122.5319672
rtc/38/0038T-200712PM.txt,NE Andresen Rd -- NE Vancouver Mall Dr / Vancouver  WA,x,12/6/2007,00:00-24:00,0.0,6457.4,4173.5,4845.9,0.0,1588.3,2631.6,8405.0,0.0,0.0,0.0,0.0,0.0,12.8,0.0,0.0,0.0,0.0,0.0,0.0,45.6576805,-122.6020813
rtc/38/0038T-200812PM.txt,NE Andresen Rd -- NE Vancouver Mall Dr / Vancouver  WA,x,12/3/2008,00:00-24:00,0.0,6503.2,3161.4,4375.5,0.0,1983.4,2464.2,8101.9,0.0,0.0,0.0,0.0,0.0,0.0,63.8,0.0,0.0,0.0,0.0,0.0,45.6576805,-122.6020813
rtc/389/0389T-200712PM.txt,NE 78th Ave -- NE Fourth Plain Blvd / Vancouver  WA,x,12/6/2007,00:00-24:00,3702.4,228.4,2055.5,1815.1,4579.9,372.6,288.5,276.5,408.7,288.5,7092.2,4207.2,102.1,191.5,217.1,63.8,0.0,0.0,0.0,0.0,45.6467628,-122.5934296
rtc/389/0389T-200812PM.txt,NE 78th Ave -- NE Fourth Plain Blvd / Vancouver  WA,x,12/3/2008,00:00-24:00,2424.4,237.4,1124.7,799.8,5061.2,387.4,237.4,100.0,324.9,337.4,7048.2,2486.9,51.9,90.8,116.7,0.0,0.0,0.0,0.0,0.0,45.6467628,-122.5934296
rtc/39/0039T-200712PM.txt,NE Andresen Rd -- NE 58th St / Vancouver  WA,x,12/6/2007,00:00-24:00,1495.5,9599.1,927.5,765.1,649.2,243.5,463.7,11627.9,1159.3,788.3,556.5,1089.8,51.0,38.3,0.0,0.0,0.0,0.0,0.0,0.0,45.6643028,-122.6021729
rtc/39/0039T-200812PM.txt,NE Andresen Rd -- NE 58th St / Vancouver  WA,x,12/3/2008,00:00-24:00,1622.8,8270.2,685.2,444.8,685.2,288.5,372.6,11155.2,985.7,805.4,601.0,1129.9,0.0,25.5,0.0,25.5,0.0,0.0,0.0,0.0,45.6643028,-122.6021729
rtc/40/0040T-200603PM.txt,NE Andresen Rd & NE 88th St,x,Wednesday  March 08  2006,00:00-24:00,727.7,3943.0,628.8,1154.4,706.1,2893.7,311.8,7025.2,4050.6,5017.8,741.3,2492.7,0.0,0.0,13.5,18.9,0.0,0.0,0.0,0.0,45.6861954,-122.6020813
rtc/412/0412T-200511AM.txt,SE 117th St & SE Mill Plain Blvd,x,11/8/2005,00:00-24:00,728.2,372.0,626.9,227.1,15176.4,496.0,354.5,193.2,545.0,596.0,17786.2,441.2,21.5,24.6,45.8,23.2,21.4,9.0,36.5,10.7,45.6207275,-122.5520172
rtc/412/0412T-200511PM.txt,SE 117th Ave & SE Mill Plain Blvd,x,11/8/2005,00:00-24:00,616.6,1041.1,1049.4,790.2,18433.9,1031.3,1311.7,606.1,637.3,544.3,24641.4,718.6,13.3,6.7,97.6,0.0,13.4,6.2,19.7,6.7,45.6207275,-122.5520172
rtc/412/0412T-200712PM.txt,117th Ave -- SE Mill Plain Blvd / Vancouver  WA,x,12/5/2007,00:00-24:00,736.1,782.8,911.4,817.9,16533.3,736.1,1226.8,724.4,514.1,490.7,19910.0,817.9,13.1,26.2,91.8,39.3,0.0,0.0,0.0,0.0,45.6207275,-122.5520172
rtc/412/0412T-200811PM.txt,117th Ave -- SE Mill Plain Blvd / Vancouver  WA,x,11/20/2008,00:00-24:00,591.2,579.7,776.7,788.3,17447.7,997.0,1228.9,649.2,649.2,626.0,20241.6,892.7,51.0,12.8,12.8,25.5,0.0,0.0,0.0,0.0,45.6207275,-122.5520172
rtc/413/0413T-200511AM.txt,SE 120th Ave & SE Mill Plain Blvd,x,11/8/2005,00:00-24:00,32.9,95.6,193.6,231.3,15599.7,781.6,298.8,135.2,335.7,779.8,16394.7,348.2,0.0,0.0,0.0,0.0,0.0,39.6,0.0,23.4,45.6204529,-122.5494537
rtc/413/0413T-200511PM.txt,SE 120th Ave & SE Mill Plain Blvd,x,11/8/2005,00:00-24:00,168.4,132.1,448.5,366.3,18923.4,677.5,481.6,95.7,452.3,566.0,26473.2,375.1,12.8,19.8,6.1,85.2,13.4,6.8,32.8,12.8,45.6204529,-122.5494537
rtc/413/0413T-200712PM.txt,120th Ave -- SE Mill Plain Blvd / Vancouver  WA,x,12/5/2007,00:00-24:00,257.1,116.8,327.2,338.8,17678.3,607.6,502.4,210.3,444.0,560.8,21545.8,315.5,0.0,0.0,0.0,65.6,0.0,0.0,0.0,0.0,45.6204529,-122.5494537
rtc/413/0413T-200811PM.txt,120th Ave -- SE Mill Plain Blvd / Vancouver  WA,x,11/20/2008,00:00-24:00,349.9,50.0,474.9,412.4,18807.6,549.9,549.9,125.0,587.3,637.3,23106.5,449.9,0.0,13.0,13.0,25.9,0.0,0.0,0.0,0.0,45.6204529,-122.5494537
rtc/414/0414T-200712PM.txt,123rd/124th Ave -- SE Mill Plain Blvd / Vancouver  WA,x,12/5/2007,00:00-24:00,385.6,81.8,432.3,338.8,17129.2,455.7,455.7,245.4,747.8,584.2,21277.1,677.7,13.1,26.2,0.0,52.5,0.0,0.0,0.0,0.0,45.6199646,-122.5449753
rtc/415/0415T-200712PM.txt,131st Ave -- SE Mill Plain Blvd / Vancouver  WA,x,12/5/2007,00:00-24:00,1262.2,228.4,1322.3,889.5,13895.9,913.6,889.5,240.4,1682.9,1202.1,20170.6,625.1,51.1,0.0,0.0,0.0,0.0,0.0,0.0,0.0,45.6192169,-122.5379868
rtc/415/0415T-200811PM.txt,131st Ave -- SE Mill Plain Blvd / Vancouver  WA,x,11/20/2008,00:00-24:00,1093.9,324.6,1442.5,625.1,14268.5,865.5,745.3,276.5,1706.9,1105.9,20254.8,793.4,0.0,38.3,25.5,63.8,0.0,0.0,0.0,0.0,45.6192169,-122.5379868
rtc/418/0418T-200712PM.txt,SE 164th Ave -- SE 20th St/Village Lp / Vancouver   WA,x,12/4/2007,00:00-24:00,614.4,12961.1,2828.7,2225.9,1078.2,1321.6,1460.7,14700.1,231.9,0.0,208.7,1414.4,0.0,0.0,12.8,854.3,0.0,0.0,0.0,0.0,45.6066704,-122.5039597
rtc/418/0418T-200812PM.txt,SE 164th Ave -- SE 20th St/Village Lp / Vancouver  WA,x,12/2/2008,00:00-24:00,661.1,13078.5,2776.8,2283.9,1154.0,1021.8,1033.8,15518.7,180.3,180.3,1117.9,1069.8,38.3,12.8,114.9,0.0,0.0,0.0,0.0,0.0,45.6066704,-122.5039597
rtc/419/0419T-200712PM.txt,NE Andresen Rd -- NE 25th St / Vancouver  WA,x,12/6/2007,00:00-24:00,12.5,8247.9,2861.8,2811.8,112.5,2536.8,2524.3,10672.2,25.0,75.0,75.0,150.0,0.0,13.0,0.0,0.0,0.0,0.0,0.0,0.0,45.6406708,-122.6005096
rtc/419/0419T-200812PM.txt,NE Andresen Rd -- NE 25th St / Vancouver  WA,x,12/3/2008,00:00-24:00,60.1,8967.4,2271.9,2560.4,12.0,1166.0,396.7,11299.4,48.1,48.1,12.0,168.3,191.5,12.8,0.0,63.8,0.0,0.0,0.0,0.0,45.6406708,-122.6005096
rtc/420/0420T-200603PM.txt,I-5 & NE 99th St,x,Thursday  March 02  2006,00:00-24:00,3067.1,0.0,2774.3,2917.0,13468.0,6125.6,9428.0,0.0,9984.0,5409.6,8117.4,3133.3,202.9,13.2,13.4,0.0,0.0,19.5,0.0,26.8,45.6930084,-122.6613235
rtc/424/0424T-200603PM.txt,Hwy 99 & NE 129th Ave,x,Thursday  March 02  2006,00:00-24:00,1958.2,5348.0,702.0,1226.6,795.2,1897.0,1702.5,5457.2,1306.9,1105.8,380.8,1383.6,64.8,58.4,18.4,58.6,6.7,26.3,0.0,18.9,45.7146339,-122.6513367
rtc/425/0425T-200603PM.txt,NW 11th Ave & NW 139th St,x,Thursday  March 02  2006,00:00-24:00,144.4,17.1,235.0,167.8,6669.2,997.9,661.3,11.1,66.7,109.4,5499.3,108.9,26.4,188.5,12.8,253.6,38.9,26.0,0.0,13.1,45.7217178,-122.6822815
rtc/425/0425T-201210PM.txt,NW 11th Ave -- NW 139th St / Vancouver  WA,x,Tue  Oct 23 2012,00:00-24:00,127.5,0.0,382.6,313.0,6863.1,927.5,417.4,0.0,81.2,69.6,5170.5,162.3,38.3,0.0,12.8,0.0,0.0,0.0,0.0,0.0,45.7217178,-122.6822815
rtc/426/0426T-200603PM.txt,NW 2nd Ave & NW 139th St,x,Thursday  March 02  2006,00:00-24:00,0.0,0.0,0.0,0.0,8093.3,1589.8,1216.3,0.0,790.7,663.0,6876.3,0.0,0.0,26.3,39.6,52.9,0.0,6.7,0.0,19.8,45.7217712,-122.6719894
rtc/435/0435T-200603PM.txt,NE Covington Rd & NE Rosewood Ave,x,Tuesday  March 07  2006,00:00-24:00,83.7,4833.9,1568.2,1850.5,448.1,905.2,690.0,7731.8,149.4,181.1,330.4,137.8,13.2,0.0,13.1,13.2,0.0,0.0,0.0,0.0,45.6663322,-122.5622864
rtc/444/0444T-201106PM.txt,192nd Ave -- 13th St / Camas  WA,x,6/1/2011,00:00-24:00,0.0,3607.9,1493.7,1413.3,0.0,1735.0,2677.2,5848.5,0.0,0.0,0.0,0.0,0.0,13.0,0.0,0.0,0.0,0.0,0.0,0.0,45.6322403,-122.4758987
rtc/446/0446T-200603PM.txt,NE 162nd Ave & NE Poplar St,x,Tuesday  March 07  2006,00:00-24:00,991.4,9106.3,319.9,175.9,96.6,62.2,112.1,11444.8,877.1,651.4,143.4,467.4,0.0,13.2,6.6,0.0,6.8,0.0,13.3,0.0,45.6551285,-122.5060272
rtc/446/0446T-200712PM.txt,NE 162nd Ave -- NE Poplar St/ NE 49th St / Vancouver  WA,x,12/11/2007,00:00-24:00,1322.3,10097.3,228.4,180.3,60.1,84.1,192.3,14533.0,1033.8,757.3,36.1,673.2,0.0,25.5,0.0,12.8,0.0,0.0,0.0,0.0,45.6551285,-122.5060272
rtc/45/0045T-200511AM.txt,NE 112th Ave & NE 9th St,x,11/9/2005,00:00-24:00,674.5,9482.3,546.7,607.9,657.2,755.1,362.1,4300.5,608.4,668.0,398.6,286.3,0.0,0.0,0.0,0.0,19.8,52.5,9.6,52.6,45.6282654,-122.5577240
rtc/45/0045T-200511PM.txt,NE 112th Ave & NE 9th St,x,11/9/2005,00:00-24:00,462.7,6331.0,495.4,602.8,293.6,395.5,631.7,8430.5,637.3,708.3,547.6,542.5,0.0,6.2,0.0,6.7,0.0,0.0,0.0,0.0,45.6282654,-122.5577240
rtc/45/0045T-200712PM.txt,NE 112th Ave -- NE 9th St / Vancouver  WA,x,12/11/2007,00:00-24:00,468.8,7140.3,577.0,781.3,697.2,613.1,565.0,9772.8,577.0,613.1,997.7,637.1,0.0,0.0,0.0,12.8,0.0,0.0,0.0,0.0,45.6282654,-122.5577240
rtc/45/0045T-200812PM.txt,NE 112th Ave -- NE 9th St / Vancouver  WA,x,12/4/2008,00:00-24:00,463.7,6724.0,672.4,544.9,591.2,869.5,579.7,9436.8,591.2,695.6,788.3,660.8,12.8,0.0,0.0,12.8,0.0,0.0,0.0,0.0,45.6282654,-122.5577240
rtc/454/0454T-201105PM.txt,192nd Ave -- Brady Rd / Camas   OR,x,5/26/2011,00:00-24:00,0.0,8778.4,563.0,402.2,11.5,3228.7,4814.4,9904.5,68.9,126.4,23.0,91.9,0.0,0.0,0.0,0.0,0.0,0.0,0.0,0.0,45.5868683,-122.4732513
rtc/457/0457T-201105PM.txt,Payne Rd -- Pacific Rim Blvd / Camas  OR,x,5/19/2011,00:00-24:00,68.9,23.0,0.0,0.0,3676.8,172.4,172.4,0.0,1528.2,2424.4,3309.1,114.9,65.0,0.0,52.0,0.0,52.0,0.0,65.0,0.0,45.5967255,-122.4702072
rtc/458/0458T-201105PM.txt,Brady Rd -- McIntosh Rd / Camas  OR,x,5/19/2011,00:00-24:00,0.0,2435.9,46.0,80.4,0.0,873.2,1344.3,3826.2,0.0,0.0,0.0,0.0,0.0,0.0,0.0,0.0,0.0,0.0,0.0,0.0,45.5863037,-122.4584427
rtc/459/0459T-201105PM.txt,Brady Rd -- 16th Ave / Camas  OR,x,5/19/2011,00:00-24:00,206.8,1240.9,1240.9,919.2,861.8,1045.6,1803.9,1769.5,241.3,183.8,1172.0,206.8,0.0,39.0,182.0,0.0,13.0,0.0,0.0,0.0,45.5906715,-122.4526901
rtc/46/0046T-200712PM.txt,NE 112th Ave -- NE 49th St / Vancouver  WA,x,12/11/2007,00:00-24:00,0.0,12323.5,4138.7,2689.6,0.0,649.2,718.8,11349.7,0.0,0.0,0.0,0.0,114.8,0.0,0.0,0.0,0.0,0.0,0.0,0.0,45.6572037,-122.5579758
rtc/46/0046T-200812PM.txt,NE 112th Ave -- NE 49th St / Vancouver  WA,x,12/4/2008,00:00-24:00,0.0,11503.8,7416.7,4784.2,0.0,1033.8,1430.5,11816.3,0.0,0.0,0.0,0.0,25.5,25.5,114.9,0.0,0.0,0.0,0.0,0.0,45.6572037,-122.5579758
rtc/460/0460T-201105PM.txt,Parker St -- Pacific Rim Blvd / Camas  OR,x,5/19/2011,00:00-24:00,1401.8,1964.8,160.9,80.4,333.2,218.3,298.7,2229.1,310.2,632.0,712.4,2194.6,39.0,0.0,0.0,0.0,39.0,0.0,0.0,0.0,45.5999565,-122.4505081
rtc/461/0461T-201105PM.txt,Parker St -- Lake Rd / Camas  OR,x,5/19/2011,00:00-24:00,344.7,160.9,57.5,68.9,3251.7,436.6,643.4,160.9,1803.9,2263.5,4768.4,321.7,13.0,0.0,0.0,0.0,130.0,0.0,65.0,13.0,45.6214104,-122.4473495
rtc/463/0463T-200712PM.txt,126th Ave -- SE Mill Plain Blvd / Vancouver  WA,x,12/5/2007,00:00-24:00,1846.1,81.8,490.7,829.6,15131.1,631.0,607.6,116.8,794.5,689.4,19571.2,1822.7,39.3,26.2,39.3,26.2,0.0,0.0,0.0,0.0,45.6197395,-122.5428619
rtc/463/0463T-200811PM.txt,126th Ave -- SE Mill Plain Blvd / Vancouver  WA,x,11/20/2008,00:00-24:00,2121.5,150.7,428.9,591.2,15755.1,382.6,556.5,115.9,823.1,614.4,19963.4,1669.4,12.8,12.8,12.8,0.0,0.0,0.0,0.0,0.0,45.6197395,-122.5428619
rtc/473/0473T-201105PM.txt,Lechner -- 3rd Ave / Camas  WA,x,5/26/2011,00:00-24:00,448.1,333.2,241.3,229.8,2746.1,677.9,896.2,540.0,815.8,827.3,3699.8,609.0,65.0,52.0,0.0,78.0,0.0,0.0,0.0,0.0,45.5836563,-122.3681564
rtc/475/0475T-200603PM.txt,NE 20th Ave & NE 139th St,x,Thursday  March 02  2006,00:00-24:00,42.5,7193.1,738.6,1191.9,151.3,1244.1,969.6,6749.5,389.4,549.9,82.5,67.5,39.1,33.0,20.2,19.5,0.0,0.0,0.0,0.0,45.7218628,-122.6513443
rtc/475/0475T-201210PM.txt,NE 20th Ave -- NE 139th St / Vancouver  WA,x,Tue  Oct 23 2012,00:00-24:00,11.6,6816.8,637.6,1692.6,81.2,1796.9,962.2,6782.0,197.1,579.7,34.8,0.0,51.0,25.5,0.0,12.8,0.0,0.0,0.0,12.8,45.7218628,-122.6513443
rtc/478/0478T-200603PM.txt,I-5 NB Ramp & NE 134th St,x,Wednesday  March 01  2006,00:00-24:00,921.9,0.0,1443.7,320.9,14938.0,0.0,6627.7,288.7,6133.2,0.0,11068.0,99.0,44.3,0.0,0.0,0.0,0.0,0.0,0.0,0.0,45.7182655,-122.6539612
rtc/479/0479T-200603PM.txt,I-205 SB Ramp & NE 134th St,x,Wednesday  March 01  2006,00:00-24:00,0.0,0.0,0.0,0.0,12954.3,3038.7,0.0,0.0,0.0,8758.6,6269.3,0.0,0.0,0.0,0.0,0.0,0.0,0.0,0.0,0.0,45.7180824,-122.6504135
rtc/480/0480T-200603PM.txt,I-205 NB Ramp & NE 134th St,x,Wednesday  March 01  2006,00:00-24:00,1526.1,0.0,168.0,72.8,5995.3,0.0,2826.9,1126.6,8168.2,0.0,5218.9,925.8,13.3,0.0,0.0,0.0,0.0,0.0,0.0,0.0,45.7180672,-122.6474380
rtc/481/0481T-200603PM.txt,NE 27th Ave & NE 134th St,x,Wednesday  March 01  2006,00:00-24:00,17.5,0.0,12.1,5.6,5342.7,339.7,506.0,0.0,585.5,149.0,7221.8,5.9,0.0,19.6,0.0,13.4,0.0,0.0,0.0,0.0,45.7173691,-122.6442108
rtc/487/0487T-200712PM.txt,SE 164th Ave -- SE 12th St / Vancouver   WA,x,12/4/2007,00:00-24:00,1117.9,13066.4,1021.8,625.1,1250.1,2211.8,745.3,17466.0,1093.9,1045.8,540.9,985.7,0.0,0.0,0.0,25.5,0.0,0.0,0.0,0.0,45.6121407,-122.5041656
rtc/487/0487T-200812PM.txt,SE 164th Ave -- SE 12th St / Vancouver  WA,x,12/2/2008,00:00-24:00,1178.0,12068.7,1021.8,1178.0,1045.8,1947.3,817.4,16600.5,1190.0,1202.1,589.0,1394.4,63.8,38.3,38.3,38.3,0.0,0.0,0.0,0.0,45.6121407,-122.5041656
rtc/488/0488T-200712PM.txt,NE Spokane Way -- NE Fourth Plain Blvd / Vancouver  WA,x,12/6/2007,00:00-24:00,46.4,0.0,278.2,324.6,5982.1,46.4,23.2,34.8,11.6,34.8,8903.5,997.0,38.3,0.0,0.0,0.0,0.0,0.0,0.0,0.0,45.6542854,-122.5789719
rtc/488/0488T-200812PM.txt,NE Spokane Way -- NE Fourth Plain Blvd / Vancouver  WA,x,12/3/2008,00:00-24:00,60.1,0.0,168.3,2404.1,6322.9,24.0,60.1,36.1,36.1,84.1,9304.0,817.4,12.8,25.5,0.0,0.0,0.0,0.0,0.0,0.0,45.6542854,-122.5789719
rtc/489/0489T-200712PM.txt,NE 112th Ave -- NE 51st St / Vancouver  WA,x,12/11/2007,00:00-24:00,556.5,15384.1,1704.2,69.6,23.2,347.8,521.7,14236.4,127.5,324.6,46.4,2214.3,0.0,51.0,12.8,0.0,0.0,0.0,0.0,0.0,45.6589966,-122.5579758
rtc/489/0489T-200812PM.txt,NE 112th Ave -- NE 51st St / Vancouver  WA,x,12/4/2008,00:00-24:00,939.0,17076.7,1843.3,11.6,11.6,313.0,417.4,15337.7,139.1,533.3,58.0,1565.1,12.8,114.8,0.0,12.8,0.0,0.0,0.0,0.0,45.6589966,-122.5579758
rtc/490/0490T-200712PM.txt,SE 160th Ave -- SE Mill Plain Blvd / Vancouver   WA,x,12/4/2007,00:00-24:00,1657.8,788.3,463.7,614.4,9888.9,962.2,1194.1,811.5,2411.4,3130.1,11604.7,1495.5,63.8,12.8,0.0,127.5,0.0,0.0,0.0,0.0,45.6158447,-122.5075912
rtc/490/0490T-200812PM.txt,SE 160th Ave -- SE Mill Plain Blvd / Vancouver  WA,x,12/2/2008,00:00-24:00,1238.1,589.0,516.9,420.7,9628.5,901.5,1238.1,745.3,2764.7,3065.3,11972.6,1418.4,76.6,0.0,12.8,25.5,0.0,0.0,0.0,0.0,45.6158447,-122.5075912
rtc/495/0495T-200603PM.txt,NE Vancouver Place & NE 4th Plain Rd,x,Tuesday  March 07  2006,00:00-24:00,527.4,151.9,454.8,514.4,6059.2,280.2,717.2,304.6,917.3,792.8,8594.9,567.3,55.3,0.0,26.4,26.9,0.0,0.0,0.0,0.0,45.6663475,-122.5562897
rtc/506/0506T-201301AM.txt,NE 94th Ave -- NE 88th St / Five Corners  WA,x,Wed  Jan 23 2013,00:00-24:00,171.8,4840.1,0.0,0.0,0.0,0.0,0.0,2004.8,472.6,1174.2,0.0,143.2,0.0,0.0,0.0,20.9,0.0,0.0,0.0,0.0,45.6859627,-122.5759125
rtc/506/0506T-201301PM.txt,NE 94th Ave -- NE 88th St / Five Corners  WA,x,Wed  Jan 23 2013,00:00-24:00,139.1,3188.1,0.0,0.0,0.0,0.0,0.0,4440.2,1124.5,672.4,0.0,324.6,0.0,0.0,0.0,51.0,0.0,12.8,0.0,0.0,45.6859627,-122.5759125
rtc/508/0508T-201107AM.txt,NE 20th Ave -- NE 144th St / Vancouver  WA,x,7/12/2011,00:00-24:00,556.4,3723.5,142.7,114.1,142.7,713.3,328.1,1569.3,1326.8,328.1,14.3,128.4,0.0,19.5,0.0,39.1,0.0,0.0,0.0,0.0,45.7254639,-122.6513519
rtc/508/0508T-201107PM.txt,NE 20th Ave -- NE 144th St / Vancouver  WA,x,7/12/2011,00:00-24:00,243.5,3338.8,46.4,69.6,81.2,428.9,521.7,4788.0,857.9,1275.2,104.3,359.4,12.8,0.0,0.0,89.3,0.0,0.0,0.0,0.0,45.7254639,-122.6513519
rtc/510/0510T-200805PM.txt,NE 124th Ave & NE 99th St,x,Thursday  May 08  2008,00:00-24:00,576.9,0.0,257.9,239.6,2768.2,0.0,0.0,0.0,4.8,0.0,2850.4,803.4,0.0,0.0,0.0,31.6,0.0,0.0,0.0,0.0,45.6935349,-122.5449905
rtc/512/0512T-200812PM.txt,NE 137th Ave -- NE 59th St / Vancouver  WA,x,12/4/2008,00:00-24:00,87.5,6498.3,0.0,0.0,0.0,0.0,0.0,5985.9,362.4,349.9,0.0,137.5,0.0,0.0,0.0,38.9,0.0,0.0,0.0,0.0,45.6655350,-122.5317612
rtc/521/0521T-200712PM.txt,NE 137th Ave -- NE 59th St / Vancouver  WA,x,12/11/2007,00:00-24:00,220.3,4637.3,0.0,0.0,0.0,0.0,0.0,4764.8,208.7,220.3,0.0,173.9,0.0,0.0,0.0,0.0,0.0,0.0,0.0,0.0,45.6843719,-122.5759048
rtc/521/0521T-201301AM.txt,NE 94th Ave -- NE 86th St / Five Corners  WA,x,Wed  Jan 23 2013,00:00-24:00,61.3,6503.1,0.0,138.0,15.3,1135.0,337.4,2346.6,383.4,874.2,15.3,30.7,0.0,0.0,23.0,0.0,0.0,0.0,0.0,0.0,45.6843719,-122.5759048
rtc/521/0521T-201301PMT.txt,NE 94th Ave -- NE 86th St / Five Corners  WA,x,Wed  Jan 23 2013,00:00-24:00,46.4,3721.4,81.2,23.2,11.6,521.7,776.7,5541.5,707.2,475.3,11.6,69.6,0.0,0.0,0.0,0.0,0.0,12.8,0.0,0.0,45.6843719,-122.5759048
rtc/525/0525T-200603PM.txt,NE 50th Ave & NE Salmon Creek St,x,Wednesday  March 01  2006,00:00-24:00,0.0,0.0,0.0,0.0,173.3,54.2,137.6,0.0,1135.7,1197.2,299.3,0.0,0.0,13.3,6.7,0.0,0.0,0.0,0.0,0.0,45.7293129,-122.6191788
rtc/526/0526T-200603PM.txt,NE 162nd Ave SB & NE Ward Rd,x,Thursday  March 09  2006,00:00-24:00,529.4,12.9,54.3,60.7,3475.4,54.2,173.8,35.4,73.8,210.7,7143.2,902.5,6.7,0.0,0.0,0.0,0.0,0.0,0.0,0.0,45.6857338,-122.5048294
rtc/527/0527T-200603PM.txt,NE Andresen Market Place & NE 63rd St,x,Thursday  March 09  2006,00:00-24:00,5.9,11.1,6.1,5.6,3993.7,1914.7,498.8,75.1,1028.4,1285.8,5052.0,17.1,0.0,39.4,13.2,19.3,0.0,0.0,0.0,0.0,45.6679268,-122.6045837
rtc/528/0528T-200603PM.txt,Skyview High & NW 139th St,x,Thursday  March 02  2006,00:00-24:00,357.1,0.0,636.6,673.2,6141.3,0.0,0.0,0.0,0.0,0.0,4924.2,392.1,39.8,76.4,0.0,163.4,39.3,13.3,0.0,12.6,45.7217255,-122.6846848
rtc/529/0529T-201105PM.txt,Division St -- 6th Ave / Camas  OR,x,5/19/2011,00:00-24:00,758.3,0.0,287.3,379.2,5791.0,0.0,0.0,0.0,0.0,0.0,8181.0,1390.3,0.0,0.0,0.0,0.0,0.0,0.0,26.0,0.0,45.5857048,-122.4078979
rtc/531/0531T-201106PM.txt,2nd Ave/4th St -- Evergreen Hwy/3rd Ave/E St / Camas  WA,x,6/1/2011,00:00-24:00,172.4,80.4,137.9,149.4,4170.9,505.6,758.3,80.4,677.9,700.9,6273.6,252.8,91.0,13.0,39.0,13.0,0.0,0.0,0.0,0.0,45.5862617,-122.3708954
rtc/532/0532T-201105PM.txt,Ivy St -- 6th Ave / Camas  OR,x,5/19/2011,00:00-24:00,310.2,34.5,91.9,172.4,5825.5,0.0,11.5,0.0,68.9,126.4,9272.5,517.1,78.0,0.0,26.0,91.0,0.0,0.0,0.0,0.0,45.5835915,-122.4202576
rtc/535/0535T-201105PM.txt,Friberg St -- Goodwin Rd / Camas  OR,x,5/19/2011,00:00-24:00,46.0,91.9,11.5,68.9,2941.5,448.1,769.8,91.9,712.4,459.6,3401.1,0.0,0.0,0.0,0.0,0.0,13.0,13.0,52.0,0.0,45.6323051,-122.4656448
rtc/536/0536T-200603PM.txt,Hwy 99 & NE 20th Ave,x,Thursday  March 02  2006,00:00-24:00,843.9,4483.9,2626.5,3417.3,759.7,431.5,789.9,6607.2,594.7,3178.0,1620.4,1510.0,12.8,58.3,59.1,39.5,12.9,6.6,12.7,13.1,45.7163391,-122.6514282
rtc/550/0550T-201107AM.txt,NW 36th Ave -- NW McCann Rd / Vancouver  WA,x,7/14/2011,00:00-24:00,271.1,2011.6,14.3,0.0,0.0,28.5,0.0,1840.4,256.8,1112.8,14.3,813.2,0.0,19.5,19.5,0.0,0.0,19.5,0.0,0.0,45.7165298,-122.7080154
rtc/550/0550T-201107PM.txt,NW 36th Ave -- NW McCann Rd / Vancouver  WA,x,7/14/2011,00:00-24:00,689.4,3119.7,11.7,35.1,0.0,35.1,93.5,3178.1,981.5,853.0,0.0,631.0,0.0,65.6,0.0,0.0,0.0,39.3,0.0,39.3,45.7165298,-122.7080154
rtc/566/0566T-200511AM.txt,NE 119th Ave & NE 28th St,x,11/9/2005,00:00-24:00,606.9,8.2,167.3,74.2,9013.1,68.9,48.5,0.0,16.7,54.1,5397.1,152.9,40.1,0.0,10.7,27.7,13.9,29.9,0.0,26.6,45.6427994,-122.5511093
rtc/566/0566T-200511PM.txt,NE 119th Ave & NE 28th St,x,11/9/2005,00:00-24:00,365.5,6.5,121.0,138.7,6424.8,48.8,64.6,17.6,36.9,38.0,8928.9,865.4,32.8,6.7,20.2,26.0,0.0,0.0,0.0,0.0,45.6427994,-122.5511093
rtc/567/0567T-200511AM.txt,NE 114th Ave & NE 28th St,x,11/9/2005,00:00-24:00,85.5,14.8,0.0,0.0,9406.0,558.2,364.6,0.0,610.8,339.7,5543.7,63.3,0.0,21.5,0.0,24.7,22.3,7.9,0.0,0.0,45.6427803,-122.5555038
rtc/567/0567T-200511PM.txt,NE 114th Ave & NE 28th St,x,11/9/2005,00:00-24:00,43.8,17.5,5.6,12.5,6114.7,833.4,1174.3,11.5,1045.3,521.1,9057.1,118.1,33.1,19.1,38.1,26.6,13.3,19.4,6.7,6.8,45.6427803,-122.5555038
rtc/568/0568T-200511AM.txt,NE 103rd Ave & NE Burton Rd,x,11/9/2005,00:00-24:00,410.2,0.0,702.1,337.8,6262.1,130.9,207.9,0.0,128.2,75.5,4032.8,117.2,8.9,44.3,0.0,39.4,8.9,46.1,9.6,23.2,45.6411858,-122.5671463
rtc/568/0568T-200511PM.txt,NE 103rd Ave & NE Burton Rd,x,11/9/2005,00:00-24:00,333.7,12.4,550.8,1077.4,5077.9,369.0,135.2,6.1,138.3,163.5,6561.8,363.9,0.0,26.2,6.6,26.6,13.4,26.1,6.1,19.7,45.6411858,-122.5671463
rtc/569/0569T-200511AM.txt,NE 107th Ave & NE 18th St,x,11/9/2005,00:00-24:00,0.0,0.0,0.0,0.0,99.8,1884.6,1140.9,0.0,39.0,246.8,312.5,0.0,0.0,18.1,0.0,0.0,0.0,20.3,0.0,0.0,45.6355362,-122.5631027
rtc/569/0569T-200511PM.txt,NE 107th Ave & NE 18th St,x,11/9/2005,00:00-24:00,0.0,0.0,0.0,0.0,334.2,1339.7,1791.8,0.0,150.7,73.1,258.7,0.0,0.0,12.8,38.3,6.2,0.0,19.1,13.2,19.9,45.6355362,-122.5631027
rtc/570/0570T-200511AM.txt,I-205 NB & SE Mill Plain Blvd,x,11/8/2005,00:00-24:00,2717.6,0.0,0.0,7869.3,21729.4,0.0,9918.1,0.0,0.0,0.0,15155.0,3578.9,0.0,37.5,22.9,9.0,0.0,0.0,0.0,0.0,45.6210098,-122.5572662
rtc/570/0570T-200511PM.txt,I-205 NB & SE Mill Plain Blvd,x,11/8/2005,00:00-24:00,4056.2,0.0,0.0,9070.8,16034.6,0.0,20544.5,0.0,0.0,0.0,15677.6,5485.9,0.0,0.0,0.0,0.0,0.0,0.0,0.0,0.0,45.6210098,-122.5572662
rtc/570/0570T-200712PM.txt,I-205 NB Ramps -- SE Mill Plain Blvd / Vancouver  WA,x,12/5/2007,00:00-24:00,5623.5,0.0,0.0,8772.7,17133.1,0.0,17707.9,0.0,0.0,0.0,17820.4,4086.4,0.0,0.0,0.0,0.0,0.0,0.0,0.0,0.0,45.6210098,-122.5572662
rtc/570/0570T-200901PM.txt,I-205 NB Ramps -- SE Mill Plain Blvd / Vancouver  WA,x,1/6/2009,00:00-24:00,5084.7,0.0,0.0,9448.2,16324.0,0.0,18055.0,0.0,0.0,0.0,16684.7,4303.4,0.0,0.0,12.8,0.0,0.0,0.0,0.0,0.0,45.6210098,-122.5572662
rtc/571/0571T-200511AM.txt,I-205 SB & SE Mill Plain Blvd,x,11/8/2005,00:00-24:00,7205.8,0.0,10110.9,13166.4,10526.1,0.0,0.0,0.0,0.0,9407.6,8257.5,0.0,30.3,0.0,0.0,0.0,0.0,20.4,0.0,36.9,45.6209984,-122.5615463
rtc/571/0571T-200511PM.txt,I-205 SB & SE Mill Plain Blvd,x,11/8/2005,00:00-24:00,5124.3,0.0,8423.0,5842.1,14111.5,0.0,0.0,0.0,0.0,4330.8,12708.6,0.0,25.8,37.9,0.0,19.8,0.0,26.5,0.0,19.4,45.6209984,-122.5615463
rtc/571/0571T-200712PM.txt,I-205 SB Ramps -- SE Mill Plain Blvd / Vancouver  WA,x,12/5/2007,00:00-24:00,4791.4,0.0,8824.4,9042.7,12018.6,0.0,0.0,0.0,0.0,4182.4,10961.6,0.0,0.0,0.0,0.0,0.0,0.0,0.0,0.0,0.0,45.6209984,-122.5615463
rtc/571/0571T-200901PM.txt,I-205 SB Ramps -- SE Mill Plain Blvd / Vancouver  WA,x,1/6/2009,00:00-24:00,4002.9,0.0,8751.0,9869.0,11539.8,0.0,0.0,0.0,0.0,0.0,12225.0,3990.9,38.3,0.0,0.0,0.0,0.0,0.0,0.0,0.0,45.6209984,-122.5615463
rtc/584/0584T-201105PM.txt,Garfield St -- 3rd Ave / Camas   OR,x,5/26/2011,00:00-24:00,1114.5,0.0,2585.3,1907.4,2757.6,0.0,0.0,0.0,0.0,0.0,4331.8,781.3,13.0,78.0,0.0,39.0,0.0,0.0,0.0,0.0,45.5870018,-122.4001007
rtc/587/0587T-200712PM.txt,NE 162nd Ave -- NE 65th Ave / Vancouver   WA,x,12/4/2007,00:00-24:00,69.6,10538.2,336.2,278.2,46.4,197.1,220.3,13158.2,1356.4,1055.0,220.3,950.6,0.0,0.0,0.0,0.0,0.0,0.0,0.0,0.0,45.6698227,-122.5059280
rtc/587/0587T-200811PM.txt,NE 162nd Ave -- NE 65th Ave / Vancouver  WA,x,11/19/2008,00:00-24:00,69.6,8718.0,394.2,266.6,127.5,104.3,220.3,11036.7,1553.5,1333.2,278.2,1101.3,76.5,0.0,0.0,0.0,0.0,0.0,0.0,0.0,45.6698227,-122.5059280
rtc/588/0588T-200712PM.txt,NE 131st Ave -- NE Fourth Plain Blvd / Vancouver   WA,x,12/4/2007,00:00-24:00,637.1,204.4,228.4,372.6,11527.8,60.1,12.0,240.4,336.6,649.1,20338.9,1418.4,0.0,0.0,12.8,12.8,0.0,0.0,0.0,0.0,45.6709404,-122.5379562
rtc/588/0588T-200811PM.txt,NE 131st Ave -- NE Fourth Plain Blvd / Vancouver  WA,x,11/19/2008,00:00-24:00,568.1,313.0,173.9,347.8,10746.8,382.6,498.5,371.0,973.8,707.2,18757.7,1159.3,0.0,12.8,0.0,12.8,0.0,0.0,0.0,0.0,45.6709404,-122.5379562
rtc/589/0589T-200712PM.txt,NE 143rd Ave -- NE Fourth Plain Blvd / Vancouver   WA,x,12/4/2007,00:00-24:00,504.9,0.0,156.3,312.5,9087.6,0.0,12.0,0.0,0.0,12.0,15374.4,865.5,0.0,0.0,0.0,0.0,0.0,0.0,0.0,0.0,45.6725349,-122.5251312
rtc/589/0589T-200811PM.txt,NE 143rd Ave -- NE Fourth Plain Blvd / Vancouver  WA,x,11/19/2008,00:00-24:00,498.5,0.0,185.5,324.6,8544.1,0.0,0.0,0.0,0.0,58.0,15326.1,985.4,0.0,0.0,0.0,0.0,0.0,0.0,0.0,0.0,45.6725349,-122.5251312
rtc/590/0590T-200712PM.txt,SE 155th Ave -- SE Mill Plain Blvd / Vancouver   WA,x,12/4/2007,00:00-24:00,1374.6,0.0,712.3,962.3,14221.3,0.0,0.0,0.0,0.0,0.0,16220.8,2311.9,0.0,25.9,0.0,90.8,0.0,0.0,0.0,0.0,45.6166687,-122.5146103
rtc/590/0590T-200812PM.txt,SE 155th Ave -- SE Mill Plain Blvd / Vancouver  WA,x,12/2/2008,00:00-24:00,1178.0,0.0,468.8,697.2,12826.0,0.0,0.0,0.0,0.0,0.0,16792.8,2151.7,0.0,25.5,0.0,0.0,0.0,0.0,0.0,0.0,45.6166687,-122.5146103
rtc/591/0591T-200712PM.txt,SE 168th Ave -- SE Mill Plain Blvd / Vancouver   WA,x,12/4/2007,00:00-24:00,799.8,62.5,137.5,249.9,6310.9,1337.2,437.4,62.5,2261.9,712.3,7623.0,1299.7,0.0,64.8,13.0,0.0,0.0,0.0,0.0,0.0,45.6166229,-122.4989166
rtc/591/0591T-200812PM.txt,SE 168th Ave -- SE Mill Plain Blvd / Vancouver  WA,x,12/2/2008,00:00-24:00,432.7,48.1,1610.8,829.4,7729.3,1129.9,625.1,36.1,144.2,288.5,6719.5,805.4,25.5,0.0,0.0,51.1,0.0,0.0,0.0,0.0,45.6166229,-122.4989166
rtc/592/0592T-200712PM.txt,SE 164th Ave -- SE 6th St / Vancouver   WA,x,12/4/2007,00:00-24:00,528.5,11570.5,367.7,0.0,0.0,0.0,0.0,15546.1,172.4,195.3,0.0,1424.8,13.0,0.0,13.0,0.0,0.0,0.0,0.0,0.0,45.6176872,-122.5042419
rtc/592/0592T-200812PM.txt,SE 164th Ave -- SE 6th St / Vancouver  WA,x,12/2/2008,00:00-24:00,685.2,11431.6,144.2,0.0,0.0,0.0,0.0,16816.9,180.3,60.1,0.0,1418.4,25.5,12.8,38.3,0.0,0.0,0.0,0.0,0.0,45.6176872,-122.5042419
rtc/593/0593T-200712PM.txt,SE 164th Ave -- SR-14 Interchange EB Ramp / Vacouver  WA,x,12/4/2007,00:00-24:00,0.0,1172.0,3849.2,0.0,0.0,0.0,459.6,1620.1,0.0,459.6,0.0,17844.1,0.0,39.0,13.0,0.0,0.0,0.0,0.0,0.0,45.5911217,-122.5038452
rtc/593/0593T-200812PM.txt,SE 164th Ave -- SR 14 EB Ramp / Vancouver  WA,x,12/2/2008,00:00-24:00,0.0,1346.3,3642.3,0.0,0.0,0.0,276.5,1586.7,0.0,673.2,0.0,18211.3,0.0,0.0,0.0,0.0,0.0,0.0,0.0,0.0,45.5911217,-122.5038452
rtc/594/0594T-200712PM.txt,SE 164th Ave -- SR-14 Interchange WB / Vacouver  WA,x,12/4/2007,00:00-24:00,15627.5,5019.8,0.0,2967.8,0.0,127.5,0.0,18954.8,672.4,0.0,0.0,0.0,0.0,0.0,0.0,0.0,0.0,0.0,0.0,0.0,45.5921364,-122.5038376
rtc/594/0594T-200812PM.txt,SE 164th Ave -- SR 14 WB Ramps / Vancouver  WA,x,12/2/2008,00:00-24:00,15040.5,4400.7,0.0,3056.4,0.0,149.4,0.0,18142.9,482.6,0.0,0.0,0.0,0.0,0.0,0.0,0.0,0.0,0.0,0.0,0.0,45.5921364,-122.5038376
rtc/595/0595T-200712PM.txt,90th Ave -- SE Mill Plain Blvd / Vancouver  WA,x,12/5/2007,00:00-24:00,1240.5,0.0,869.5,463.7,9645.5,0.0,34.8,0.0,0.0,92.7,11674.3,695.6,12.8,0.0,38.3,25.5,0.0,0.0,0.0,0.0,45.6225281,-122.5803070
rtc/595/0595T-200811PM.txt,90th Ave -- SE Mill Plain Blvd / Vancouver  WA,x,11/20/2008,00:00-24:00,834.7,0.0,765.1,486.9,9204.9,11.6,23.2,0.0,11.6,34.8,10445.4,684.0,25.5,0.0,0.0,12.8,0.0,0.0,0.0,0.0,45.6225281,-122.5803070
rtc/596/0596T-200712PM.txt,92nd Ave -- SE Mill Plain Blvd / Vancouver  WA,x,12/5/2007,00:00-24:00,1274.7,137.5,1812.0,974.7,9710.0,187.5,100.0,50.0,162.5,100.0,11609.5,1137.2,25.9,0.0,13.0,0.0,0.0,0.0,0.0,0.0,45.6221161,-122.5784302
rtc/596/0596T-200811PM.txt,92nd Ave -- SE Mill Plain Blvd / Vancouver  WA,x,11/20/2008,00:00-24:00,1037.2,112.5,1937.0,1312.2,9485.0,249.9,100.0,187.5,187.5,100.0,10809.7,962.3,25.9,0.0,13.0,0.0,0.0,0.0,0.0,0.0,45.6221161,-122.5784302
rtc/597/0597T-200712PM.txt,NE Andresen Rd -- SR 500 EB Ramps / Vancouver  WA,x,12/6/2007,00:00-24:00,0.0,12584.2,3936.5,0.0,0.0,0.0,6323.4,14308.8,0.0,3186.7,0.0,2699.3,0.0,0.0,0.0,38.9,0.0,0.0,0.0,0.0,45.6482086,-122.6014099
rtc/598/0598T-200712PM.txt,NE Andresen Rd -- SR 500 WB Ramps / Vancouver  WA,x,12/6/2007,00:00-24:00,2668.6,11335.5,0.0,3281.6,0.0,4026.9,0.0,13222.7,3606.2,0.0,0.0,0.0,0.0,140.4,0.0,63.8,0.0,0.0,0.0,0.0,45.6489258,-122.6016083
rtc/599/0599T-200712PM.txt,NE Kyocera / NE 57th Ave -- NE Fourth Plain Blvd / Vancouver  WA,x,12/6/2007,00:00-24:00,1045.8,0.0,889.5,1009.7,7705.2,132.2,180.3,0.0,96.2,12.0,8907.3,1274.2,229.8,12.8,25.5,217.1,0.0,0.0,0.0,0.0,45.6419792,-122.6136093
rtc/599/0599T-200812PM.txt,NE Kyocera/NE 57th Ave -- NE Fourth Plain Blvd / Vancouver  WA,x,12/3/2008,00:00-24:00,1362.1,0.0,999.7,887.3,8135.4,100.0,175.0,0.0,62.5,37.5,9372.6,1549.6,181.5,0.0,13.0,129.6,0.0,0.0,0.0,0.0,45.6419792,-122.6136093
rtc/600/0600T-200712PM.txt,NE 62nd Ave -- NE Fourth Plain Blvd / Vancouver  WA,x,12/6/2007,00:00-24:00,1049.7,0.0,2536.8,2386.9,8372.8,12.5,0.0,0.0,0.0,0.0,9447.5,1262.2,116.7,0.0,116.7,220.4,0.0,0.0,0.0,0.0,45.6432724,-122.6086578
rtc/600/0600T-200812PM.txt,NE 62nd Ave -- NE Fourth Plain Blvd / Vancouver  WA,x,12/3/2008,00:00-24:00,999.7,0.0,1387.1,1574.6,8285.3,0.0,0.0,0.0,0.0,0.0,9622.5,1012.2,0.0,0.0,0.0,13.0,0.0,0.0,0.0,0.0,45.6432724,-122.6086578
rtc/601/0601T-200712PM.txt,NE 162nd Ave -- NE 11th St / Vancouver  WA,x,12/11/2007,00:00-24:00,173.9,11245.3,115.9,46.4,0.0,81.2,185.5,15534.8,231.9,139.1,11.6,115.9,12.8,12.8,12.8,0.0,0.0,0.0,0.0,0.0,45.6299171,-122.5060577
rtc/601/0601T-200812PM.txt,NE 162nd Ave -- NE 11th St / Vancouver  WA,x,12/4/2008,00:00-24:00,231.9,11488.8,278.2,92.7,11.6,139.1,139.1,15349.3,185.5,208.7,0.0,104.3,12.8,76.5,38.3,0.0,0.0,0.0,0.0,0.0,45.6299171,-122.5060577
rtc/602/0602T-200712PM.txt,NE 162nd Ave -- NE 23rd St / Vancouver  WA,x,12/11/2007,00:00-24:00,132.2,12237.0,204.4,300.5,12.0,300.5,540.9,16732.7,84.1,108.2,12.0,120.2,0.0,89.4,63.8,76.6,0.0,0.0,0.0,0.0,45.6394234,-122.5060959
rtc/602/0602T-200812PM.txt,NE 162nd Ave -- NE 23rd St / Vancouver  WA,x,12/4/2008,00:00-24:00,192.3,12477.4,156.3,336.6,48.1,276.5,384.7,16312.0,156.3,144.2,12.0,72.1,0.0,0.0,12.8,38.3,0.0,0.0,0.0,0.0,45.6394234,-122.5060959
rtc/603/0603T-200712PM.txt,NE 136th Ave -- NE 4th St / Vancouver  WA,x,12/11/2007,00:00-24:00,574.9,7748.0,299.9,587.3,75.0,549.9,712.3,11334.6,237.4,249.9,75.0,1162.2,38.9,38.9,0.0,64.8,0.0,0.0,0.0,0.0,45.6232300,-122.5345993
rtc/603/0603T-200812PM.txt,NE 136th Ave -- NE 4th St / Vancouver  WA,x,12/4/2008,00:00-24:00,841.4,8282.2,324.6,432.7,60.1,432.7,396.7,10361.8,276.5,384.7,108.2,1358.3,12.8,12.8,12.8,0.0,0.0,0.0,0.0,0.0,45.6232300,-122.5345993
rtc/604/0604T-200712PM.txt,NE 136th Ave -- NE 9th St / Vancouver  WA,x,12/11/2007,00:00-24:00,449.9,6785.7,25.0,162.5,324.9,1149.7,2224.4,9460.0,849.8,749.8,312.4,474.9,0.0,13.0,38.9,13.0,0.0,0.0,0.0,0.0,45.6283951,-122.5346146
rtc/604/0604T-200812PM.txt,NE 136th Ave -- NE 9th St / Vancouver  WA,x,12/4/2008,00:00-24:00,626.0,6921.1,69.6,139.1,197.1,1217.3,1541.9,9135.4,672.4,869.5,289.8,637.6,38.3,12.8,25.5,51.0,0.0,0.0,0.0,0.0,45.6283951,-122.5346146
rtc/605/0605T-200712PM.txt,NE 136th Ave -- NE C-Tran Transit Center / Vancouver  WA,x,12/11/2007,00:00-24:00,81.2,7558.7,0.0,0.0,0.0,0.0,0.0,11291.7,46.4,115.9,0.0,220.3,0.0,0.0,0.0,25.5,0.0,0.0,0.0,0.0,45.6326981,-122.5340576
rtc/605/0605T-200812PM.txt,NE 136th Ave -- NE C / Vancouver  WA,x,12/4/2008,00:00-24:00,115.9,7906.5,0.0,0.0,0.0,0.0,0.0,12555.4,23.2,58.0,0.0,568.1,0.0,0.0,12.8,38.3,0.0,0.0,0.0,0.0,45.6326981,-122.5340576
rtc/606/0606T-200712PM.txt,NE 138th Ave -- School Access Signal/ NE 22nd St / Vancouver  WA,x,12/11/2007,00:00-24:00,24.0,6791.7,456.8,697.2,0.0,252.4,120.2,8835.2,108.2,60.1,0.0,24.0,38.3,51.1,0.0,51.1,0.0,0.0,0.0,0.0,45.6386490,-122.5306625
rtc/607/0607T-200712PM.txt,NE Four Seasons Ln -- NE 18th St / Vancouver  WA,x,12/11/2007,00:00-24:00,104.3,0.0,289.8,266.6,4625.7,0.0,0.0,0.0,0.0,0.0,7466.0,139.1,0.0,0.0,0.0,0.0,0.0,0.0,0.0,0.0,45.6355400,-122.5547104
rtc/607/0607T-200812PM.txt,NE Four Seasons Ln -- NE 18th St / Vancouver  WA,x,12/4/2008,00:00-24:00,0.0,0.0,0.0,0.0,7570.3,278.2,173.9,0.0,533.3,301.4,5228.5,0.0,0.0,0.0,0.0,0.0,0.0,0.0,0.0,0.0,45.6355400,-122.5547104
rtc/608/0608T-200712PM.txt,NE 141st Ave -- NE 18th St / Vancouver  WA,x,12/11/2007,00:00-24:00,544.9,127.5,394.2,197.1,5066.2,208.7,115.9,173.9,1055.0,1043.4,7199.3,742.0,0.0,25.5,25.5,12.8,0.0,0.0,0.0,0.0,45.6356583,-122.5277252
rtc/608/0608T-200812PM.txt,NE 141st Ave -- NE 18th St / Vancouver  WA,x,12/4/2008,00:00-24:00,765.1,173.9,243.5,208.7,5495.1,162.3,162.3,173.9,1031.8,973.8,7651.5,904.3,0.0,89.3,0.0,140.3,0.0,0.0,0.0,0.0,45.6356583,-122.5277252
rtc/609/0609T-200711PM.txt,SE 190th Ave -- SE Mill Plain Blvd / Vancouver  WA,x,11/29/2007,00:00-24:00,874.8,0.0,837.3,562.4,3974.0,62.5,87.5,12.5,12.5,0.0,4036.5,2274.4,51.9,13.0,0.0,0.0,0.0,0.0,0.0,0.0,45.6169434,-122.4772873
rtc/609/0609T-200811PM.txt,SE 190th Ave -- SE Mill Plain Blvd / Vancouver  WA,x,11/19/2008,00:00-24:00,849.8,150.0,987.2,524.9,3449.1,387.4,387.4,324.9,874.8,449.9,4961.2,2024.5,38.9,13.0,13.0,64.8,0.0,0.0,0.0,0.0,45.6169434,-122.4772873
rtc/61/0061T-200712PM.txt,SE 164th Ave -- SE 34th Ave / Vacouver  WA,x,12/4/2007,00:00-24:00,609.0,12995.3,999.6,1574.1,1493.7,3757.3,3975.6,15201.4,2309.5,3182.8,1493.7,1298.4,0.0,0.0,0.0,52.0,0.0,0.0,0.0,0.0,45.5967331,-122.5039139
rtc/61/0061T-200812PM.txt,SE 164th Ave -- SE 34th Ave / Vancouver  WA,x,12/2/2008,00:00-24:00,544.9,12462.6,1147.7,1472.3,1252.1,4185.1,3906.9,15210.2,2620.0,2979.4,1286.8,1078.2,63.8,0.0,0.0,0.0,0.0,0.0,0.0,0.0,45.5967331,-122.5039139
rtc/610/0610T-200812PM.txt,SE 172nd Ave -- SE Mill Plain Blvd / Vancouver  WA,x,12/4/2008,00:00-24:00,1599.9,1275.2,463.7,776.7,5437.2,730.4,892.7,2063.6,417.4,336.2,5924.1,1669.4,0.0,0.0,0.0,0.0,0.0,0.0,0.0,0.0,45.6171608,-122.4956131
rtc/613/0613T-201210PM.txt,NE 15th Ave -- NE 179th St / Vancouver  WA,x,Tue  Oct 23 2012,00:00-24:00,0.0,0.0,0.0,0.0,1959.2,405.8,985.4,0.0,1773.7,973.8,2492.5,0.0,0.0,0.0,12.8,0.0,0.0,0.0,0.0,0.0,45.7507248,-122.6556931
rtc/62/0062T-200712PM.txt,NE 162nd Ave -- NE 39th St / Vancouver  WA,x,12/11/2007,00:00-24:00,336.2,9031.1,1194.1,2075.2,881.1,440.5,730.4,12462.6,904.3,765.1,637.6,394.2,0.0,0.0,0.0,0.0,0.0,0.0,0.0,0.0,45.6503296,-122.5060349
rtc/62/0062T-200812PM.txt,NE 162nd Ave -- NE 39th St / Vancouver  WA,x,12/4/2008,00:00-24:00,255.0,8671.7,1263.7,1994.0,985.4,602.8,544.9,11651.1,1356.4,1020.2,799.9,231.9,12.8,0.0,0.0,0.0,0.0,0.0,0.0,0.0,45.6503296,-122.5060349
rtc/63/0063T-200603PM.txt,NE 162nd Ave NB & NE Ward Rd,x,Wednesday  March 08  2006,00:00-24:00,0.0,0.0,0.0,0.0,2861.4,1675.2,2845.9,0.0,4063.2,3119.4,5614.2,0.0,0.0,0.0,0.0,0.0,0.0,0.0,0.0,0.0,45.6848602,-122.5063400
rtc/631/0631T-201105PM.txt,Lake Rd -- Payne St/218th Ave / Camas   OR,x,5/26/2011,00:00-24:00,91.9,0.0,700.9,367.7,4079.0,11.5,0.0,0.0,0.0,0.0,6066.8,68.9,0.0,0.0,0.0,0.0,13.0,0.0,13.0,0.0,45.6213951,-122.4514465
rtc/632/0632T-201105PM.txt,Everett (SR 500) -- 14th Ave / Camas   OR,x,5/26/2011,00:00-24:00,494.1,0.0,3159.8,2654.2,183.8,0.0,0.0,0.0,0.0,0.0,241.3,1160.5,0.0,26.0,26.0,13.0,0.0,0.0,0.0,0.0,45.5899010,-122.4055405
rtc/633/0633T-201105PM.txt,Garfield St -- NE 6th Ave / Camas   OR,x,5/26/2011,00:00-24:00,528.5,3435.5,57.5,34.5,126.4,34.5,23.0,2849.5,229.8,195.3,195.3,666.4,0.0,39.0,0.0,0.0,0.0,0.0,0.0,0.0,45.5887985,-122.4019775
rtc/67/0067T-201105PM.txt,Norwood St -- 6th Ave / Camas  OR,x,5/19/2011,00:00-24:00,218.3,80.4,68.9,114.9,5618.7,654.9,965.2,23.0,482.6,1011.1,9444.9,540.0,26.0,0.0,0.0,26.0,0.0,0.0,0.0,0.0,45.5821533,-122.4268036
rtc/69/0069T.201105PM.txt,Adams St -- 6th Ave / Camas  OR,x,5/19/2011,00:00-24:00,46.0,23.0,0.0,46.0,1792.5,46.0,46.0,23.0,4331.8,6756.2,1643.1,68.9,169.0,117.0,0.0,0.0,0.0,0.0,13.0,0.0,45.5861435,-122.4070587
rtc/71/0071T-201105PM.txt,Shepherd Rd -- 3rd Ave / Camas   OR,x,5/26/2011,00:00-24:00,23.0,34.5,11.5,34.5,5159.1,1309.9,792.8,11.5,712.4,1057.1,3929.6,23.0,13.0,0.0,13.0,0.0,0.0,0.0,0.0,0.0,45.5883598,-122.3740463
rtc/74/0074T-200712PM.txt,SE 164th Ave -- SE 15th St / Vancouver   WA,x,12/4/2007,00:00-24:00,252.8,13535.3,1011.1,1516.7,1022.6,1677.6,1103.0,15661.0,1183.5,1091.6,1091.6,379.2,0.0,13.0,0.0,13.0,0.0,0.0,0.0,0.0,45.6101913,-122.5040970
rtc/74/0074T-200812PM.txt,SE 164th Ave -- SE 15th St / Vancouver  WA,x,12/2/2008,00:00-24:00,384.7,13451.1,1226.1,1334.3,973.7,1995.4,937.6,17466.0,1310.3,1057.8,1166.0,504.9,25.5,0.0,76.6,0.0,0.0,0.0,0.0,0.0,45.6101913,-122.5040970
rtc/75/0075T-201105PM.txt,Parker St -- 38th Ave / Camas  OR,x,5/19/2011,00:00-24:00,264.3,2033.7,494.1,402.2,942.2,1195.0,2435.9,1677.6,609.0,689.4,1953.3,241.3,39.0,91.0,0.0,13.0,0.0,13.0,0.0,0.0,45.6068077,-122.4505997
rtc/91/0091T-200712PM.txt,Andresen Rd -- SE Mill Plain Blvd / Vancouver  WA,x,12/5/2007,00:00-24:00,1611.4,3825.7,3130.1,3617.1,5761.8,973.8,614.4,2851.9,486.9,533.3,6863.1,3385.2,25.5,12.8,12.8,38.3,0.0,0.0,0.0,0.0,45.6268349,-122.6017075
rtc/91/0091T-200811PM.txt,Andresen Rd -- SE Mill Plain Blvd / Vancouver  WA,x,11/20/2008,00:00-24:00,1899.5,4598.8,3361.6,3849.0,5636.0,949.8,637.3,2999.2,512.4,474.9,7023.2,3474.1,90.8,25.9,103.7,0.0,0.0,0.0,0.0,0.0,45.6268349,-122.6017075
rtc/94/0094T-200712PM.txt,Garrison Rd -- SE Mill Plain Blvd / Vancouver  WA,x,12/5/2007,00:00-24:00,1136.1,208.7,1020.2,544.9,8891.9,510.1,394.2,301.4,220.3,336.2,8694.9,1333.2,114.8,0.0,76.5,114.8,0.0,0.0,0.0,0.0,45.6245117,-122.5914612
rtc/94/0094T-200811PM.txt,Garrison Rd -- SE Mill Plain Blvd / Vancouver  WA,x,11/20/2008,00:00-24:00,1021.8,276.5,781.3,360.6,8258.2,468.8,276.5,324.6,252.4,444.8,8751.0,1298.2,25.5,51.1,89.4,12.8,0.0,0.0,0.0,0.0,45.6245117,-122.5914612
rtc/95/0095T-200712PM.txt,87th Ave -- SE Mill Plain Blvd / Vancouver  WA,x,12/5/2007,00:00-24:00,3721.4,0.0,2828.7,1820.1,8996.3,0.0,0.0,0.0,0.0,0.0,9518.0,3002.6,38.3,38.3,0.0,12.8,0.0,0.0,0.0,0.0,45.6232910,-122.5855637
rtc/95/0095T-200712PM.txt,Lieser Rd -- SE Mill Plain Blvd / Vancouver  WA,x,12/5/2007,00:00-24:00,371.0,336.2,521.7,197.1,8636.9,3176.5,3025.8,278.2,1252.1,1124.5,8555.7,173.9,0.0,76.5,0.0,0.0,0.0,0.0,0.0,0.0,45.6232910,-122.5855637
rtc/95/0095T-200811PM.txt,87th Ave -- SE Mill Plain Blvd / Vancouver  WA,x,11/20/2008,00:00-24:00,3524.3,0.0,2480.9,2515.7,7500.8,0.0,0.0,0.0,0.0,0.0,8764.4,3304.0,63.8,12.8,0.0,114.8,0.0,0.0,0.0,0.0,45.6232910,-122.5855637
rtc/95/0095T-200811PM.txt,Lieser Rd -- SE Mill Plain Blvd / Vancouver  WA,x,11/20/2008,00:00-24:00,114.9,241.3,402.2,126.4,7974.1,2757.6,3309.1,137.9,988.1,1103.0,8169.5,195.3,13.0,13.0,13.0,13.0,0.0,0.0,0.0,0.0,45.6232910,-122.5855637
rtc/97/0097T-200511AM.txt,NE 97th Ave & Mill Plain Blvd,x,Thursday  May 04  2006,00:00-24:00,1156.1,1086.6,1937.2,423.8,10941.8,669.4,1087.6,653.1,1310.3,428.4,7335.9,609.6,51.6,0.0,30.7,18.1,22.1,9.8,20.6,8.9,45.6209869,-122.5729370
rtc/97/0097T-200511PM.txt,NE 97th Ave & Mill Plain Blvd,x,Thursday  May 04  2006,00:00-24:00,1010.1,862.6,1129.6,1344.4,9641.9,916.4,727.4,1329.1,881.6,1103.6,10544.2,1553.7,115.8,38.0,44.9,131.8,6.6,12.2,13.3,12.9,45.6209869,-122.5729370
rtc/97/0097T-200712PM.txt,98th Ave -- SE Mill Plain Blvd / Vancouver  WA,x,12/5/2007,00:00-24:00,787.3,899.8,1062.2,1599.6,9447.5,1024.7,737.3,1149.7,712.3,924.8,10872.2,1274.7,90.8,0.0,0.0,129.6,0.0,0.0,0.0,0.0,45.6209869,-122.5729370
rtc/97/0097T-200811PM.txt,98th Ave -- SE Mill Plain Blvd / Vancouver  WA,x,11/20/2008,00:00-24:00,712.3,812.3,899.8,1237.2,9160.1,1137.2,874.8,1399.6,912.3,1099.7,10772.2,962.3,25.9,25.9,13.0,13.0,0.0,0.0,0.0,0.0,45.6209869,-122.5729370
rtc/98/0098T-200511AM.txt,NE 104th Ave & SE Mill Plain Blvd,x,11/8/2005,00:00-24:00,1707.2,0.0,5101.2,1470.6,11518.3,0.0,0.0,0.0,0.0,8.4,8980.9,1420.9,37.5,31.9,0.0,52.8,0.0,43.5,0.0,32.5,45.6209755,-122.5649109
rtc/98/0098T-200511AM.txt,SE 105th Ave & SE Mill Plain Blvd,x,11/8/2005,00:00-24:00,0.0,0.0,0.0,0.0,12239.5,1313.6,742.5,0.0,636.4,405.0,13667.4,0.0,0.0,94.7,26.0,27.7,0.0,42.7,12.5,50.8,45.6209755,-122.5649109
rtc/98/0098T-200511PM.txt,NE 104th Ave & SE Mill Plain Blvd,x,11/8/2005,00:00-24:00,2264.2,0.0,5777.1,2633.0,9980.9,0.0,0.0,0.0,0.0,0.0,10736.1,2424.4,46.8,71.5,12.2,12.3,32.7,12.3,19.3,6.7,45.6209755,-122.5649109
rtc/98/0098T-200511PM.txt,SE 105th Ave & SE Mill Plain Blvd,x,11/8/2005,00:00-24:00,0.0,0.0,0.0,0.0,11359.0,1766.6,522.7,0.0,1154.8,882.4,15426.0,0.0,0.0,110.4,70.4,18.7,33.1,13.4,19.1,6.7,45.6209755,-122.5649109
rtc/98/0098T-200712PM.txt,104th Ave -- SE Mill Plain Blvd / Vancouver  WA,x,12/5/2007,00:00-24:00,2286.9,0.0,5336.1,2924.2,10597.2,0.0,0.0,0.0,0.0,0.0,10784.7,2699.3,142.6,0.0,13.0,13.0,0.0,0.0,0.0,0.0,45.6209755,-122.5649109
rtc/98/0098T-200712PM.txt,105th Ave -- SE Mill Plain Blvd / Vancouver  WA,x,12/5/2007,00:00-24:00,0.0,0.0,0.0,0.0,11709.5,1824.5,462.4,0.0,1612.1,724.8,15133.6,0.0,0.0,38.9,0.0,38.9,0.0,0.0,0.0,0.0,45.6209755,-122.5649109
rtc/98/0098T-200811PM.txt,104th Ave -- SE Mill Plain Blvd / Vancouver  WA,x,11/20/2008,00:00-24:00,2388.2,0.0,5077.8,2249.1,9251.3,0.0,0.0,0.0,0.0,0.0,9274.5,2376.6,89.3,0.0,0.0,63.8,0.0,0.0,0.0,0.0,45.6209755,-122.5649109
rtc/98/0098T-200811PM.txt,105th Ave -- SE Mill Plain Blvd / Vancouver  WA,x,11/20/2008,00:00-24:00,0.0,0.0,0.0,0.0,10399.0,1333.2,556.5,0.0,1043.4,521.7,13714.7,11.6,0.0,267.8,0.0,0.0,0.0,0.0,0.0,0.0,45.6209755,-122.5649109
